Index,rank1,rank2,rank3
ER01,GORDON REYNOLDS,skipped,skipped
ER02,GEORGE D. POTTER,GORDON REYNOLDS,ROBERT HADDOCK
ER03,GORDON REYNOLDS,ROBERT HADDOCK,skipped
ER04,GORDON REYNOLDS,GEORGE D. POTTER,ROBERT HADDOCK
ER05,ROBERT HADDOCK,skipped,skipped
ER06,GORDON REYNOLDS,ROBERT HADDOCK,GEORGE D. POTTER
ER07,GORDON REYNOLDS,ROBERT HADDOCK,skipped
ER08,GEORGE D. POTTER,skipped,skipped
ER09,ROBERT HADDOCK,GEORGE D. POTTER,GORDON REYNOLDS
ER10,GEORGE D. POTTER,ROBERT HADDOCK,GORDON REYNOLDS
ER11,ROBERT HADDOCK,GORDON REYNOLDS,GEORGE D. POTTER
ER12,ROBERT HADDOCK,GORDON REYNOLDS,GEORGE D. POTTER
ER13,GORDON REYNOLDS,skipped,skipped
ER14,GEORGE D. POTTER,ROBERT HADDOCK,GORDON REYNOLDS
ER15,GEORGE D. POTTER,ROBERT HADDOCK,GORDON REYNOLDS
ER16,ROBERT HADDOCK,GORDON REYNOLDS,GEORGE D. POTTER
ER17,GORDON REYNOLDS,ROBERT HADDOCK,skipped
ER18,GORDON REYNOLDS,GEORGE D. POTTER,ROBERT HADDOCK
ER19,GEORGE D. POTTER,ROBERT HADDOCK,GORDON REYNOLDS
ER20,GORDON REYNOLDS,ROBERT HADDOCK,GEORGE D. POTTER
ER21,GORDON REYNOLDS,ROBERT HADDOCK,skipped
ER22,GORDON REYNOLDS,ROBERT HADDOCK,GEORGE D. POTTER
ER23,GEORGE D. POTTER,GORDON REYNOLDS,ROBERT HADDOCK
ER24,GORDON REYNOLDS,GEORGE D. POTTER,ROBERT HADDOCK
ER25,ROBERT HADDOCK,GORDON REYNOLDS,GEORGE D. POTTER
ER26,ROBERT HADDOCK,GORDON REYNOLDS,GEORGE D. POTTER
ER27,GEORGE D. POTTER,ROBERT HADDOCK,GORDON REYNOLDS
ER28,ROBERT HADDOCK,GEORGE D. POTTER,GORDON REYNOLDS
ER29,GEORGE D. POTTER,skipped,skipped
ER30,GEORGE D. POTTER,GORDON REYNOLDS,ROBERT HADDOCK
ER31,ROBERT HADDOCK,GEORGE D. POTTER,GORDON REYNOLDS
ER32,ROBERT HADDOCK,GORDON REYNOLDS,GEORGE D. POTTER
ER33,GEORGE D. POTTER,ROBERT HADDOCK,GORDON REYNOLDS
ER34,ROBERT HADDOCK,GORDON REYNOLDS,GEORGE D. POTTER
ER35,GORDON REYNOLDS,skipped,skipped
ER36,ROBERT HADDOCK,skipped,skipped
ER37,ROBERT HADDOCK,GEORGE D. POTTER,GORDON REYNOLDS
ER38,GORDON REYNOLDS,ROBERT HADDOCK,skipped
ER39,GEORGE D. POTTER,ROBERT HADDOCK,GORDON REYNOLDS
ER40,GORDON REYNOLDS,ROBERT HADDOCK,GEORGE D. POTTER
ER41,GEORGE D. POTTER,ROBERT HADDOCK,GORDON REYNOLDS
ER42,ROBERT HADDOCK,GORDON REYNOLDS,GEORGE D. POTTER
ER43,GORDON REYNOLDS,skipped,skipped
ER44,GEORGE D. POTTER,ROBERT HADDOCK,GORDON REYNOLDS
ER45,GORDON REYNOLDS,ROBERT HADDOCK,GEORGE D. POTTER
ER46,ROBERT HADDOCK,GORDON REYNOLDS,GEORGE D. POTTER
ER47,GEORGE D. POTTER,ROBERT HADDOCK,GORDON REYNOLDS
ER48,GORDON REYNOLDS,GORDON REYNOLDS,GORDON REYNOLDS
ER49,GORDON REYNOLDS,GEORGE D. POTTER,ROBERT HADDOCK
ER50,GEORGE D. POTTER,ROBERT HADDOCK,GORDON REYNOLDS
ER51,GORDON REYNOLDS,GEORGE D. POTTER,ROBERT HADDOCK
ER52,GORDON REYNOLDS,GEORGE D. POTTER,ROBERT HADDOCK
ER53,GEORGE D. POTTER,ROBERT HADDOCK,GORDON REYNOLDS
ER54,GEORGE D. POTTER,ROBERT HADDOCK,GORDON REYNOLDS
ER55,GORDON REYNOLDS,GEORGE D. POTTER,ROBERT HADDOCK
ER56,ROBERT HADDOCK,GORDON REYNOLDS,GEORGE D. POTTER
ER57,ROBERT HADDOCK,skipped,skipped
ER58,ROBERT HADDOCK,GORDON REYNOLDS,GEORGE D. POTTER
ER59,ROBERT HADDOCK,GORDON REYNOLDS,GEORGE D. POTTER
ER60,GEORGE D. POTTER,ROBERT HADDOCK,GORDON REYNOLDS
ER61,ROBERT HADDOCK,GEORGE D. POTTER,GORDON REYNOLDS
ER62,ROBERT HADDOCK,ROBERT HADDOCK,ROBERT HADDOCK
ER63,GORDON REYNOLDS,GORDON REYNOLDS,GORDON REYNOLDS
ER64,ROBERT HADDOCK,GORDON REYNOLDS,GEORGE D. POTTER
ER65,GORDON REYNOLDS,GORDON REYNOLDS,GORDON REYNOLDS
ER66,ROBERT HADDOCK,skipped,skipped
ER67,ROBERT HADDOCK,GEORGE D. POTTER,GORDON REYNOLDS
ER68,GEORGE D. POTTER,ROBERT HADDOCK,GORDON REYNOLDS
ER69,GORDON REYNOLDS,GEORGE D. POTTER,ROBERT HADDOCK
ER70,ROBERT HADDOCK,GEORGE D. POTTER,GORDON REYNOLDS
ER71,GORDON REYNOLDS,ROBERT HADDOCK,GEORGE D. POTTER
ER72,GORDON REYNOLDS,ROBERT HADDOCK,GEORGE D. POTTER
ER73,ROBERT HADDOCK,ROBERT HADDOCK,ROBERT HADDOCK
ER74,GEORGE D. POTTER,ROBERT HADDOCK,GORDON REYNOLDS
ER75,GORDON REYNOLDS,ROBERT HADDOCK,skipped
ER76,GEORGE D. POTTER,ROBERT HADDOCK,GORDON REYNOLDS
ER77,GORDON REYNOLDS,ROBERT HADDOCK,skipped
ER78,ROBERT HADDOCK,GORDON REYNOLDS,GEORGE D. POTTER
ER79,ROBERT HADDOCK,skipped,skipped
ER80,ROBERT HADDOCK,GEORGE D. POTTER,GORDON REYNOLDS
ER81,GEORGE D. POTTER,ROBERT HADDOCK,GORDON REYNOLDS
ER82,ROBERT HADDOCK,GEORGE D. POTTER,GORDON REYNOLDS
ER83,ROBERT HADDOCK,GEORGE D. POTTER,GORDON REYNOLDS
ER84,GORDON REYNOLDS,skipped,skipped
ER85,ROBERT HADDOCK,skipped,skipped
ER86,ROBERT HADDOCK,GEORGE D. POTTER,GORDON REYNOLDS
ER87,GORDON REYNOLDS,skipped,skipped
ER88,GEORGE D. POTTER,GORDON REYNOLDS,ROBERT HADDOCK
ER89,GORDON REYNOLDS,skipped,skipped
ER90,GORDON REYNOLDS,ROBERT HADDOCK,GEORGE D. POTTER
ER91,GORDON REYNOLDS,ROBERT HADDOCK,GEORGE D. POTTER
ER92,ROBERT HADDOCK,GEORGE D. POTTER,GORDON REYNOLDS
ER93,GEORGE D. POTTER,skipped,skipped
ER94,ROBERT HADDOCK,GORDON REYNOLDS,GEORGE D. POTTER
ER95,ROBERT HADDOCK,GORDON REYNOLDS,GEORGE D. POTTER
ER96,GORDON REYNOLDS,skipped,skipped
ER97,GORDON REYNOLDS,ROBERT HADDOCK,skipped
ER98,ROBERT HADDOCK,GEORGE D. POTTER,GORDON REYNOLDS
ER99,ROBERT HADDOCK,GEORGE D. POTTER,skipped
ER100,GEORGE D. POTTER,ROBERT HADDOCK,GORDON REYNOLDS
ER101,ROBERT HADDOCK,GEORGE D. POTTER,skipped
ER102,ROBERT HADDOCK,GEORGE D. POTTER,GORDON REYNOLDS
ER103,ROBERT HADDOCK,GEORGE D. POTTER,skipped
ER104,ROBERT HADDOCK,GORDON REYNOLDS,GEORGE D. POTTER
ER105,GORDON REYNOLDS,ROBERT HADDOCK,GEORGE D. POTTER
ER106,ROBERT HADDOCK,GORDON REYNOLDS,skipped
ER107,GORDON REYNOLDS,ROBERT HADDOCK,GEORGE D. POTTER
ER108,GORDON REYNOLDS,GEORGE D. POTTER,ROBERT HADDOCK
ER109,GEORGE D. POTTER,ROBERT HADDOCK,GORDON REYNOLDS
ER110,ROBERT HADDOCK,GEORGE D. POTTER,GORDON REYNOLDS
ER111,ROBERT HADDOCK,skipped,skipped
ER112,GEORGE D. POTTER,GORDON REYNOLDS,ROBERT HADDOCK
ER113,ROBERT HADDOCK,GORDON REYNOLDS,GEORGE D. POTTER
ER114,GEORGE D. POTTER,ROBERT HADDOCK,GORDON REYNOLDS
ER115,GORDON REYNOLDS,ROBERT HADDOCK,GEORGE D. POTTER
ER116,GEORGE D. POTTER,ROBERT HADDOCK,GORDON REYNOLDS
ER117,GORDON REYNOLDS,ROBERT HADDOCK,skipped
ER118,GEORGE D. POTTER,skipped,skipped
ER119,GORDON REYNOLDS,ROBERT HADDOCK,GEORGE D. POTTER
ER120,GORDON REYNOLDS,ROBERT HADDOCK,skipped
ER121,GEORGE D. POTTER,ROBERT HADDOCK,GORDON REYNOLDS
ER122,GORDON REYNOLDS,ROBERT HADDOCK,GEORGE D. POTTER
ER123,GORDON REYNOLDS,ROBERT HADDOCK,skipped
ER124,GEORGE D. POTTER,skipped,skipped
ER125,ROBERT HADDOCK,GORDON REYNOLDS,GEORGE D. POTTER
ER126,ROBERT HADDOCK,GORDON REYNOLDS,GEORGE D. POTTER
ER127,GEORGE D. POTTER,ROBERT HADDOCK,GORDON REYNOLDS
ER128,GEORGE D. POTTER,ROBERT HADDOCK,GORDON REYNOLDS
ER129,GEORGE D. POTTER,ROBERT HADDOCK,GORDON REYNOLDS
ER130,ROBERT HADDOCK,GEORGE D. POTTER,GORDON REYNOLDS
ER131,ROBERT HADDOCK,GEORGE D. POTTER,skipped
ER132,GEORGE D. POTTER,ROBERT HADDOCK,GORDON REYNOLDS
ER133,ROBERT HADDOCK,GEORGE D. POTTER,GORDON REYNOLDS
ER134,GEORGE D. POTTER,GORDON REYNOLDS,ROBERT HADDOCK
ER135,GORDON REYNOLDS,ROBERT HADDOCK,GEORGE D. POTTER
ER136,GORDON REYNOLDS,ROBERT HADDOCK,GEORGE D. POTTER
ER137,GORDON REYNOLDS,ROBERT HADDOCK,GEORGE D. POTTER
ER138,GEORGE D. POTTER,GORDON REYNOLDS,ROBERT HADDOCK
ER139,ROBERT HADDOCK,GORDON REYNOLDS,GEORGE D. POTTER
ER140,GORDON REYNOLDS,GEORGE D. POTTER,ROBERT HADDOCK
ER141,ROBERT HADDOCK,GORDON REYNOLDS,GEORGE D. POTTER
ER142,GEORGE D. POTTER,ROBERT HADDOCK,GORDON REYNOLDS
ER143,ROBERT HADDOCK,GORDON REYNOLDS,GEORGE D. POTTER
ER144,GORDON REYNOLDS,GEORGE D. POTTER,ROBERT HADDOCK
ER145,ROBERT HADDOCK,GORDON REYNOLDS,GEORGE D. POTTER
ER146,GORDON REYNOLDS,GEORGE D. POTTER,ROBERT HADDOCK
ER147,GEORGE D. POTTER,ROBERT HADDOCK,GORDON REYNOLDS
ER148,GEORGE D. POTTER,ROBERT HADDOCK,GORDON REYNOLDS
ER149,GEORGE D. POTTER,ROBERT HADDOCK,GORDON REYNOLDS
ER150,GEORGE D. POTTER,ROBERT HADDOCK,GORDON REYNOLDS
ER151,ROBERT HADDOCK,GEORGE D. POTTER,GORDON REYNOLDS
ER152,GEORGE D. POTTER,GEORGE D. POTTER,GEORGE D. POTTER
ER153,ROBERT HADDOCK,GEORGE D. POTTER,GORDON REYNOLDS
ER154,ROBERT HADDOCK,GEORGE D. POTTER,GORDON REYNOLDS
ER155,GEORGE D. POTTER,skipped,skipped
ER156,GEORGE D. POTTER,skipped,skipped
ER157,GORDON REYNOLDS,ROBERT HADDOCK,GEORGE D. POTTER
ER158,GEORGE D. POTTER,GORDON REYNOLDS,ROBERT HADDOCK
ER159,GORDON REYNOLDS,skipped,skipped
ER160,GORDON REYNOLDS,GEORGE D. POTTER,ROBERT HADDOCK
ER161,ROBERT HADDOCK,GEORGE D. POTTER,GORDON REYNOLDS
ER162,ROBERT HADDOCK,GEORGE D. POTTER,GORDON REYNOLDS
ER163,ROBERT HADDOCK,GEORGE D. POTTER,GORDON REYNOLDS
ER164,GORDON REYNOLDS,ROBERT HADDOCK,GEORGE D. POTTER
ER165,GORDON REYNOLDS,ROBERT HADDOCK,GEORGE D. POTTER
ER166,ROBERT HADDOCK,GEORGE D. POTTER,GORDON REYNOLDS
ER167,GEORGE D. POTTER,ROBERT HADDOCK,GORDON REYNOLDS
ER168,ROBERT HADDOCK,GORDON REYNOLDS,GEORGE D. POTTER
ER169,ROBERT HADDOCK,GORDON REYNOLDS,skipped
ER170,ROBERT HADDOCK,GORDON REYNOLDS,GEORGE D. POTTER
ER171,GORDON REYNOLDS,skipped,skipped
ER172,GORDON REYNOLDS,ROBERT HADDOCK,GEORGE D. POTTER
ER173,GEORGE D. POTTER,ROBERT HADDOCK,GORDON REYNOLDS
ER174,ROBERT HADDOCK,GEORGE D. POTTER,GORDON REYNOLDS
ER175,ROBERT HADDOCK,GORDON REYNOLDS,GEORGE D. POTTER
ER176,GEORGE D. POTTER,ROBERT HADDOCK,GORDON REYNOLDS
ER177,ROBERT HADDOCK,GEORGE D. POTTER,GORDON REYNOLDS
ER178,GORDON REYNOLDS,ROBERT HADDOCK,skipped
ER179,ROBERT HADDOCK,skipped,GORDON REYNOLDS
ER180,GORDON REYNOLDS,ROBERT HADDOCK,GEORGE D. POTTER
ER181,GEORGE D. POTTER,ROBERT HADDOCK,GORDON REYNOLDS
ER182,GORDON REYNOLDS,skipped,skipped
ER183,ROBERT HADDOCK,GEORGE D. POTTER,GORDON REYNOLDS
ER184,GORDON REYNOLDS,ROBERT HADDOCK,GEORGE D. POTTER
ER185,ROBERT HADDOCK,skipped,skipped
ER186,ROBERT HADDOCK,GEORGE D. POTTER,GORDON REYNOLDS
ER187,ROBERT HADDOCK,GORDON REYNOLDS,GEORGE D. POTTER
ER188,ROBERT HADDOCK,GORDON REYNOLDS,GEORGE D. POTTER
ER189,GEORGE D. POTTER,ROBERT HADDOCK,GORDON REYNOLDS
ER190,ROBERT HADDOCK,GEORGE D. POTTER,GORDON REYNOLDS
ER191,GORDON REYNOLDS,ROBERT HADDOCK,skipped
ER192,ROBERT HADDOCK,GORDON REYNOLDS,GEORGE D. POTTER
ER193,GORDON REYNOLDS,ROBERT HADDOCK,GEORGE D. POTTER
ER194,GEORGE D. POTTER,ROBERT HADDOCK,GORDON REYNOLDS
ER195,ROBERT HADDOCK,skipped,skipped
ER196,ROBERT HADDOCK,GORDON REYNOLDS,GEORGE D. POTTER
ER197,GEORGE D. POTTER,ROBERT HADDOCK,GORDON REYNOLDS
ER198,GORDON REYNOLDS,ROBERT HADDOCK,GEORGE D. POTTER
ER199,GORDON REYNOLDS,ROBERT HADDOCK,GEORGE D. POTTER
ER200,GORDON REYNOLDS,ROBERT HADDOCK,skipped
ER201,ROBERT HADDOCK,skipped,skipped
ER202,ROBERT HADDOCK,GORDON REYNOLDS,skipped
ER203,GORDON REYNOLDS,skipped,skipped
ER204,GORDON REYNOLDS,skipped,skipped
ER205,GEORGE D. POTTER,ROBERT HADDOCK,skipped
ER206,GORDON REYNOLDS,GEORGE D. POTTER,ROBERT HADDOCK
ER207,GORDON REYNOLDS,ROBERT HADDOCK,GEORGE D. POTTER
ER208,GEORGE D. POTTER,ROBERT HADDOCK,GORDON REYNOLDS
ER209,GEORGE D. POTTER,ROBERT HADDOCK,skipped
ER210,ROBERT HADDOCK,GORDON REYNOLDS,GEORGE D. POTTER
ER211,GEORGE D. POTTER,ROBERT HADDOCK,GORDON REYNOLDS
ER212,ROBERT HADDOCK,GORDON REYNOLDS,skipped
ER213,ROBERT HADDOCK,GEORGE D. POTTER,GORDON REYNOLDS
ER214,GEORGE D. POTTER,ROBERT HADDOCK,GORDON REYNOLDS
ER215,GORDON REYNOLDS,skipped,skipped
ER216,ROBERT HADDOCK,GORDON REYNOLDS,GEORGE D. POTTER
ER217,ROBERT HADDOCK,GEORGE D. POTTER,skipped
ER218,GORDON REYNOLDS,ROBERT HADDOCK,skipped
ER219,GORDON REYNOLDS,ROBERT HADDOCK,skipped
ER220,GORDON REYNOLDS,GEORGE D. POTTER,ROBERT HADDOCK
ER221,ROBERT HADDOCK,GORDON REYNOLDS,GEORGE D. POTTER
ER222,GEORGE D. POTTER,ROBERT HADDOCK,GORDON REYNOLDS
ER223,GEORGE D. POTTER,GORDON REYNOLDS,ROBERT HADDOCK
ER224,ROBERT HADDOCK,GORDON REYNOLDS,GEORGE D. POTTER
ER225,ROBERT HADDOCK,GEORGE D. POTTER,GORDON REYNOLDS
ER226,GORDON REYNOLDS,GEORGE D. POTTER,ROBERT HADDOCK
ER227,GORDON REYNOLDS,ROBERT HADDOCK,GEORGE D. POTTER
ER228,ROBERT HADDOCK,GORDON REYNOLDS,GEORGE D. POTTER
ER229,ROBERT HADDOCK,GORDON REYNOLDS,GEORGE D. POTTER
ER230,GORDON REYNOLDS,GEORGE D. POTTER,ROBERT HADDOCK
ER231,GORDON REYNOLDS,ROBERT HADDOCK,GEORGE D. POTTER
ER232,GORDON REYNOLDS,ROBERT HADDOCK,skipped
ER233,GORDON REYNOLDS,ROBERT HADDOCK,GEORGE D. POTTER
ER234,ROBERT HADDOCK,GORDON REYNOLDS,GEORGE D. POTTER
ER235,GORDON REYNOLDS,skipped,skipped
ER236,ROBERT HADDOCK,GORDON REYNOLDS,GEORGE D. POTTER
ER237,ROBERT HADDOCK,GEORGE D. POTTER,GORDON REYNOLDS
ER238,GORDON REYNOLDS,ROBERT HADDOCK,GEORGE D. POTTER
ER239,ROBERT HADDOCK,GEORGE D. POTTER,GORDON REYNOLDS
ER240,ROBERT HADDOCK,GORDON REYNOLDS,GEORGE D. POTTER
ER241,GORDON REYNOLDS,ROBERT HADDOCK,GEORGE D. POTTER
ER242,ROBERT HADDOCK,GEORGE D. POTTER,GORDON REYNOLDS
ER243,ROBERT HADDOCK,GEORGE D. POTTER,GORDON REYNOLDS
ER244,ROBERT HADDOCK,GEORGE D. POTTER,GORDON REYNOLDS
ER245,GORDON REYNOLDS,ROBERT HADDOCK,skipped
ER246,ROBERT HADDOCK,GORDON REYNOLDS,GEORGE D. POTTER
ER247,ROBERT HADDOCK,GEORGE D. POTTER,skipped
ER248,GEORGE D. POTTER,ROBERT HADDOCK,GORDON REYNOLDS
ER249,ROBERT HADDOCK,GORDON REYNOLDS,GEORGE D. POTTER
ER250,ROBERT HADDOCK,GEORGE D. POTTER,skipped
ER251,ROBERT HADDOCK,skipped,skipped
ER252,ROBERT HADDOCK,GEORGE D. POTTER,skipped
ER253,GEORGE D. POTTER,ROBERT HADDOCK,GORDON REYNOLDS
ER254,ROBERT HADDOCK,GORDON REYNOLDS,GEORGE D. POTTER
ER255,ROBERT HADDOCK,GEORGE D. POTTER,GORDON REYNOLDS
ER256,GORDON REYNOLDS,ROBERT HADDOCK,GEORGE D. POTTER
ER257,ROBERT HADDOCK,GEORGE D. POTTER,GORDON REYNOLDS
ER258,GORDON REYNOLDS,skipped,skipped
ER259,ROBERT HADDOCK,GEORGE D. POTTER,GORDON REYNOLDS
ER260,ROBERT HADDOCK,GORDON REYNOLDS,GEORGE D. POTTER
ER261,GORDON REYNOLDS,ROBERT HADDOCK,GEORGE D. POTTER
ER262,GEORGE D. POTTER,ROBERT HADDOCK,GORDON REYNOLDS
ER263,ROBERT HADDOCK,skipped,skipped
ER264,GEORGE D. POTTER,ROBERT HADDOCK,GORDON REYNOLDS
ER265,GORDON REYNOLDS,GEORGE D. POTTER,ROBERT HADDOCK
ER266,ROBERT HADDOCK,GEORGE D. POTTER,skipped
ER267,ROBERT HADDOCK,GEORGE D. POTTER,GORDON REYNOLDS
ER268,GEORGE D. POTTER,ROBERT HADDOCK,GORDON REYNOLDS
ER269,GORDON REYNOLDS,ROBERT HADDOCK,GEORGE D. POTTER
ER270,GEORGE D. POTTER,skipped,skipped
ER271,ROBERT HADDOCK,GEORGE D. POTTER,skipped
ER272,ROBERT HADDOCK,GEORGE D. POTTER,skipped
ER273,ROBERT HADDOCK,GEORGE D. POTTER,GORDON REYNOLDS
ER274,GEORGE D. POTTER,ROBERT HADDOCK,GORDON REYNOLDS
ER275,GORDON REYNOLDS,ROBERT HADDOCK,GEORGE D. POTTER
ER276,ROBERT HADDOCK,GEORGE D. POTTER,GORDON REYNOLDS
ER277,GEORGE D. POTTER,ROBERT HADDOCK,GORDON REYNOLDS
ER278,GORDON REYNOLDS,ROBERT HADDOCK,GEORGE D. POTTER
ER279,ROBERT HADDOCK,GORDON REYNOLDS,GEORGE D. POTTER
ER280,ROBERT HADDOCK,GEORGE D. POTTER,GORDON REYNOLDS
ER281,GORDON REYNOLDS,ROBERT HADDOCK,skipped
ER282,ROBERT HADDOCK,GORDON REYNOLDS,skipped
ER283,ROBERT HADDOCK,GEORGE D. POTTER,GORDON REYNOLDS
ER284,GORDON REYNOLDS,ROBERT HADDOCK,GEORGE D. POTTER
ER285,GORDON REYNOLDS,ROBERT HADDOCK,GEORGE D. POTTER
ER286,GORDON REYNOLDS,GEORGE D. POTTER,ROBERT HADDOCK
ER287,GORDON REYNOLDS,skipped,overvote
ER288,GORDON REYNOLDS,ROBERT HADDOCK,GEORGE D. POTTER
ER289,ROBERT HADDOCK,GORDON REYNOLDS,GEORGE D. POTTER
ER290,GORDON REYNOLDS,ROBERT HADDOCK,GEORGE D. POTTER
ER291,ROBERT HADDOCK,GEORGE D. POTTER,GORDON REYNOLDS
ER292,ROBERT HADDOCK,GORDON REYNOLDS,GEORGE D. POTTER
ER293,GEORGE D. POTTER,GORDON REYNOLDS,ROBERT HADDOCK
ER294,GEORGE D. POTTER,skipped,skipped
ER295,ROBERT HADDOCK,GORDON REYNOLDS,GEORGE D. POTTER
ER296,GORDON REYNOLDS,ROBERT HADDOCK,GEORGE D. POTTER
ER297,GEORGE D. POTTER,ROBERT HADDOCK,GORDON REYNOLDS
ER298,ROBERT HADDOCK,GORDON REYNOLDS,GEORGE D. POTTER
ER299,GEORGE D. POTTER,skipped,skipped
ER300,GORDON REYNOLDS,ROBERT HADDOCK,GEORGE D. POTTER
ER301,ROBERT HADDOCK,GEORGE D. POTTER,GORDON REYNOLDS
ER302,ROBERT HADDOCK,GORDON REYNOLDS,skipped
ER303,ROBERT HADDOCK,GORDON REYNOLDS,GEORGE D. POTTER
ER304,ROBERT HADDOCK,GEORGE D. POTTER,GORDON REYNOLDS
ER305,ROBERT HADDOCK,GEORGE D. POTTER,GORDON REYNOLDS
ER306,GORDON REYNOLDS,ROBERT HADDOCK,GEORGE D. POTTER
ER307,GORDON REYNOLDS,ROBERT HADDOCK,GEORGE D. POTTER
ER308,ROBERT HADDOCK,GORDON REYNOLDS,skipped
ER309,ROBERT HADDOCK,skipped,skipped
ER310,GORDON REYNOLDS,GEORGE D. POTTER,ROBERT HADDOCK
ER311,GORDON REYNOLDS,GEORGE D. POTTER,ROBERT HADDOCK
ER312,GORDON REYNOLDS,GORDON REYNOLDS,GORDON REYNOLDS
ER313,GEORGE D. POTTER,ROBERT HADDOCK,GORDON REYNOLDS
ER314,GORDON REYNOLDS,ROBERT HADDOCK,GEORGE D. POTTER
ER315,GORDON REYNOLDS,ROBERT HADDOCK,GEORGE D. POTTER
ER316,GORDON REYNOLDS,ROBERT HADDOCK,GEORGE D. POTTER
ER317,GORDON REYNOLDS,ROBERT HADDOCK,GEORGE D. POTTER
ER318,ROBERT HADDOCK,GORDON REYNOLDS,skipped
ER319,ROBERT HADDOCK,GORDON REYNOLDS,GORDON REYNOLDS
ER320,GORDON REYNOLDS,ROBERT HADDOCK,GEORGE D. POTTER
ER321,ROBERT HADDOCK,GORDON REYNOLDS,GEORGE D. POTTER
ER322,ROBERT HADDOCK,GEORGE D. POTTER,GORDON REYNOLDS
ER323,ROBERT HADDOCK,GORDON REYNOLDS,GEORGE D. POTTER
ER324,ROBERT HADDOCK,GORDON REYNOLDS,GEORGE D. POTTER
ER325,ROBERT HADDOCK,GORDON REYNOLDS,GEORGE D. POTTER
ER326,ROBERT HADDOCK,GORDON REYNOLDS,GEORGE D. POTTER
ER327,ROBERT HADDOCK,GORDON REYNOLDS,GEORGE D. POTTER
ER328,ROBERT HADDOCK,GORDON REYNOLDS,GEORGE D. POTTER
ER329,ROBERT HADDOCK,GORDON REYNOLDS,skipped
ER330,ROBERT HADDOCK,GORDON REYNOLDS,GEORGE D. POTTER
ER331,GORDON REYNOLDS,ROBERT HADDOCK,skipped
ER332,GEORGE D. POTTER,GORDON REYNOLDS,ROBERT HADDOCK
ER333,GORDON REYNOLDS,ROBERT HADDOCK,GEORGE D. POTTER
ER334,GORDON REYNOLDS,ROBERT HADDOCK,GEORGE D. POTTER
ER335,ROBERT HADDOCK,GEORGE D. POTTER,GORDON REYNOLDS
ER336,GORDON REYNOLDS,skipped,skipped
ER337,ROBERT HADDOCK,GEORGE D. POTTER,GORDON REYNOLDS
ER338,GORDON REYNOLDS,ROBERT HADDOCK,GEORGE D. POTTER
ER339,ROBERT HADDOCK,GORDON REYNOLDS,GEORGE D. POTTER
ER340,GORDON REYNOLDS,ROBERT HADDOCK,skipped
ER341,GORDON REYNOLDS,ROBERT HADDOCK,GEORGE D. POTTER
ER342,ROBERT HADDOCK,GORDON REYNOLDS,GEORGE D. POTTER
ER343,ROBERT HADDOCK,GORDON REYNOLDS,GEORGE D. POTTER
ER344,ROBERT HADDOCK,GORDON REYNOLDS,skipped
ER345,GORDON REYNOLDS,ROBERT HADDOCK,GEORGE D. POTTER
ER346,GORDON REYNOLDS,ROBERT HADDOCK,skipped
ER347,GORDON REYNOLDS,ROBERT HADDOCK,skipped
ER348,GORDON REYNOLDS,ROBERT HADDOCK,GEORGE D. POTTER
ER349,ROBERT HADDOCK,GORDON REYNOLDS,GEORGE D. POTTER
ER350,GEORGE D. POTTER,GORDON REYNOLDS,ROBERT HADDOCK
ER351,GORDON REYNOLDS,GEORGE D. POTTER,ROBERT HADDOCK
ER352,GORDON REYNOLDS,ROBERT HADDOCK,GEORGE D. POTTER
ER353,ROBERT HADDOCK,GORDON REYNOLDS,GEORGE D. POTTER
ER354,ROBERT HADDOCK,GEORGE D. POTTER,GORDON REYNOLDS
ER355,GEORGE D. POTTER,ROBERT HADDOCK,GORDON REYNOLDS
ER356,ROBERT HADDOCK,ROBERT HADDOCK,ROBERT HADDOCK
ER357,GEORGE D. POTTER,ROBERT HADDOCK,GORDON REYNOLDS
ER358,ROBERT HADDOCK,GEORGE D. POTTER,GORDON REYNOLDS
ER359,GORDON REYNOLDS,ROBERT HADDOCK,skipped
ER360,ROBERT HADDOCK,GEORGE D. POTTER,GORDON REYNOLDS
ER361,GEORGE D. POTTER,skipped,skipped
ER362,GORDON REYNOLDS,ROBERT HADDOCK,GEORGE D. POTTER
ER363,ROBERT HADDOCK,GORDON REYNOLDS,GEORGE D. POTTER
ER364,ROBERT HADDOCK,GEORGE D. POTTER,GORDON REYNOLDS
ER365,ROBERT HADDOCK,GORDON REYNOLDS,GEORGE D. POTTER
ER366,ROBERT HADDOCK,GORDON REYNOLDS,GEORGE D. POTTER
ER367,GEORGE D. POTTER,ROBERT HADDOCK,GORDON REYNOLDS
ER368,ROBERT HADDOCK,GEORGE D. POTTER,GORDON REYNOLDS
ER369,ROBERT HADDOCK,GEORGE D. POTTER,GORDON REYNOLDS
ER370,ROBERT HADDOCK,GORDON REYNOLDS,GEORGE D. POTTER
ER371,GORDON REYNOLDS,GORDON REYNOLDS,GORDON REYNOLDS
ER372,ROBERT HADDOCK,GEORGE D. POTTER,GORDON REYNOLDS
ER373,GORDON REYNOLDS,ROBERT HADDOCK,GEORGE D. POTTER
ER374,GORDON REYNOLDS,ROBERT HADDOCK,GEORGE D. POTTER
ER375,GORDON REYNOLDS,ROBERT HADDOCK,GEORGE D. POTTER
ER376,GORDON REYNOLDS,ROBERT HADDOCK,GEORGE D. POTTER
ER377,GORDON REYNOLDS,skipped,skipped
ER378,GORDON REYNOLDS,ROBERT HADDOCK,GEORGE D. POTTER
ER379,ROBERT HADDOCK,GEORGE D. POTTER,GORDON REYNOLDS
ER380,GEORGE D. POTTER,ROBERT HADDOCK,GORDON REYNOLDS
ER381,ROBERT HADDOCK,GORDON REYNOLDS,GEORGE D. POTTER
ER382,ROBERT HADDOCK,GEORGE D. POTTER,GORDON REYNOLDS
ER383,GORDON REYNOLDS,GEORGE D. POTTER,ROBERT HADDOCK
ER384,ROBERT HADDOCK,GORDON REYNOLDS,GEORGE D. POTTER
ER385,ROBERT HADDOCK,GORDON REYNOLDS,GEORGE D. POTTER
ER386,GEORGE D. POTTER,ROBERT HADDOCK,GORDON REYNOLDS
ER387,GEORGE D. POTTER,ROBERT HADDOCK,GORDON REYNOLDS
ER388,GEORGE D. POTTER,ROBERT HADDOCK,GORDON REYNOLDS
ER389,GEORGE D. POTTER,ROBERT HADDOCK,GORDON REYNOLDS
ER390,GEORGE D. POTTER,ROBERT HADDOCK,GORDON REYNOLDS
ER391,ROBERT HADDOCK,GORDON REYNOLDS,GEORGE D. POTTER
ER392,GORDON REYNOLDS,GEORGE D. POTTER,ROBERT HADDOCK
ER393,GORDON REYNOLDS,ROBERT HADDOCK,GEORGE D. POTTER
ER394,ROBERT HADDOCK,GORDON REYNOLDS,GEORGE D. POTTER
ER395,ROBERT HADDOCK,GEORGE D. POTTER,GORDON REYNOLDS
ER396,GEORGE D. POTTER,ROBERT HADDOCK,GORDON REYNOLDS
ER397,GORDON REYNOLDS,GEORGE D. POTTER,ROBERT HADDOCK
ER398,GORDON REYNOLDS,ROBERT HADDOCK,GEORGE D. POTTER
ER399,GEORGE D. POTTER,ROBERT HADDOCK,GORDON REYNOLDS
ER400,GORDON REYNOLDS,GEORGE D. POTTER,ROBERT HADDOCK
ER401,GORDON REYNOLDS,skipped,skipped
ER402,ROBERT HADDOCK,GEORGE D. POTTER,GORDON REYNOLDS
ER403,GORDON REYNOLDS,GEORGE D. POTTER,ROBERT HADDOCK
ER404,GEORGE D. POTTER,ROBERT HADDOCK,GORDON REYNOLDS
ER405,ROBERT HADDOCK,GEORGE D. POTTER,GORDON REYNOLDS
ER406,GORDON REYNOLDS,ROBERT HADDOCK,GEORGE D. POTTER
ER407,GORDON REYNOLDS,ROBERT HADDOCK,GEORGE D. POTTER
ER408,GORDON REYNOLDS,skipped,skipped
ER409,GEORGE D. POTTER,GORDON REYNOLDS,ROBERT HADDOCK
ER410,ROBERT HADDOCK,GEORGE D. POTTER,GORDON REYNOLDS
ER411,GEORGE D. POTTER,ROBERT HADDOCK,GORDON REYNOLDS
ER412,GORDON REYNOLDS,ROBERT HADDOCK,GEORGE D. POTTER
ER413,ROBERT HADDOCK,GEORGE D. POTTER,GORDON REYNOLDS
ER414,GORDON REYNOLDS,ROBERT HADDOCK,skipped
ER415,ROBERT HADDOCK,GORDON REYNOLDS,GEORGE D. POTTER
ER416,GEORGE D. POTTER,ROBERT HADDOCK,GORDON REYNOLDS
ER417,GORDON REYNOLDS,ROBERT HADDOCK,GEORGE D. POTTER
ER418,GORDON REYNOLDS,ROBERT HADDOCK,GEORGE D. POTTER
ER419,ROBERT HADDOCK,GEORGE D. POTTER,GORDON REYNOLDS
ER420,GORDON REYNOLDS,ROBERT HADDOCK,GEORGE D. POTTER
ER421,ROBERT HADDOCK,GEORGE D. POTTER,GORDON REYNOLDS
ER422,ROBERT HADDOCK,GEORGE D. POTTER,GORDON REYNOLDS
ER423,ROBERT HADDOCK,GORDON REYNOLDS,GEORGE D. POTTER
ER424,ROBERT HADDOCK,GORDON REYNOLDS,GEORGE D. POTTER
ER425,GEORGE D. POTTER,ROBERT HADDOCK,GORDON REYNOLDS
ER426,GEORGE D. POTTER,ROBERT HADDOCK,GORDON REYNOLDS
ER427,GORDON REYNOLDS,skipped,skipped
ER428,ROBERT HADDOCK,GORDON REYNOLDS,GEORGE D. POTTER
ER429,ROBERT HADDOCK,GORDON REYNOLDS,GEORGE D. POTTER
ER430,GORDON REYNOLDS,ROBERT HADDOCK,GEORGE D. POTTER
ER431,GEORGE D. POTTER,GORDON REYNOLDS,ROBERT HADDOCK
ER432,GORDON REYNOLDS,ROBERT HADDOCK,GEORGE D. POTTER
ER433,GORDON REYNOLDS,ROBERT HADDOCK,GEORGE D. POTTER
ER434,GEORGE D. POTTER,skipped,skipped
ER435,GORDON REYNOLDS,ROBERT HADDOCK,GEORGE D. POTTER
ER436,ROBERT HADDOCK,GEORGE D. POTTER,GORDON REYNOLDS
ER437,GEORGE D. POTTER,skipped,skipped
ER438,GORDON REYNOLDS,ROBERT HADDOCK,GEORGE D. POTTER
ER439,GORDON REYNOLDS,skipped,skipped
ER440,ROBERT HADDOCK,GORDON REYNOLDS,GEORGE D. POTTER
ER441,ROBERT HADDOCK,GEORGE D. POTTER,GORDON REYNOLDS
ER442,ROBERT HADDOCK,GEORGE D. POTTER,GORDON REYNOLDS
ER443,GORDON REYNOLDS,ROBERT HADDOCK,skipped
ER444,GORDON REYNOLDS,GEORGE D. POTTER,ROBERT HADDOCK
ER445,GEORGE D. POTTER,ROBERT HADDOCK,GORDON REYNOLDS
ER446,GORDON REYNOLDS,ROBERT HADDOCK,GEORGE D. POTTER
ER447,GORDON REYNOLDS,GEORGE D. POTTER,ROBERT HADDOCK
ER448,GORDON REYNOLDS,ROBERT HADDOCK,GEORGE D. POTTER
ER449,GORDON REYNOLDS,GEORGE D. POTTER,ROBERT HADDOCK
ER450,GEORGE D. POTTER,ROBERT HADDOCK,GORDON REYNOLDS
ER451,GORDON REYNOLDS,ROBERT HADDOCK,GEORGE D. POTTER
ER452,GEORGE D. POTTER,skipped,skipped
ER453,ROBERT HADDOCK,GEORGE D. POTTER,GORDON REYNOLDS
ER454,ROBERT HADDOCK,skipped,skipped
ER455,GEORGE D. POTTER,GORDON REYNOLDS,skipped
ER456,ROBERT HADDOCK,skipped,skipped
ER457,GORDON REYNOLDS,skipped,skipped
ER458,GORDON REYNOLDS,ROBERT HADDOCK,skipped
ER459,GORDON REYNOLDS,skipped,skipped
ER460,ROBERT HADDOCK,skipped,skipped
ER461,GORDON REYNOLDS,ROBERT HADDOCK,GEORGE D. POTTER
ER462,ROBERT HADDOCK,GORDON REYNOLDS,GEORGE D. POTTER
ER463,GORDON REYNOLDS,skipped,skipped
ER464,GEORGE D. POTTER,ROBERT HADDOCK,GORDON REYNOLDS
ER465,ROBERT HADDOCK,GEORGE D. POTTER,GORDON REYNOLDS
ER466,ROBERT HADDOCK,GORDON REYNOLDS,GEORGE D. POTTER
ER467,ROBERT HADDOCK,GEORGE D. POTTER,GORDON REYNOLDS
ER468,ROBERT HADDOCK,GEORGE D. POTTER,GORDON REYNOLDS
ER469,GEORGE D. POTTER,skipped,skipped
ER470,GORDON REYNOLDS,skipped,skipped
ER471,GORDON REYNOLDS,GEORGE D. POTTER,ROBERT HADDOCK
ER472,GEORGE D. POTTER,skipped,skipped
ER473,ROBERT HADDOCK,GEORGE D. POTTER,GORDON REYNOLDS
ER474,ROBERT HADDOCK,GORDON REYNOLDS,GEORGE D. POTTER
ER475,GORDON REYNOLDS,skipped,skipped
ER476,GORDON REYNOLDS,skipped,skipped
ER477,ROBERT HADDOCK,GORDON REYNOLDS,GEORGE D. POTTER
ER478,GORDON REYNOLDS,ROBERT HADDOCK,GEORGE D. POTTER
ER479,GORDON REYNOLDS,skipped,skipped
ER480,ROBERT HADDOCK,GEORGE D. POTTER,GORDON REYNOLDS
ER481,ROBERT HADDOCK,GEORGE D. POTTER,GORDON REYNOLDS
ER482,GEORGE D. POTTER,skipped,skipped
ER483,GORDON REYNOLDS,skipped,skipped
ER484,GORDON REYNOLDS,ROBERT HADDOCK,GEORGE D. POTTER
ER485,GORDON REYNOLDS,ROBERT HADDOCK,skipped
ER486,ROBERT HADDOCK,GORDON REYNOLDS,GEORGE D. POTTER
ER487,ROBERT HADDOCK,GORDON REYNOLDS,GEORGE D. POTTER
ER488,ROBERT HADDOCK,GORDON REYNOLDS,GEORGE D. POTTER
ER489,ROBERT HADDOCK,GORDON REYNOLDS,GEORGE D. POTTER
ER490,ROBERT HADDOCK,GORDON REYNOLDS,GEORGE D. POTTER
ER491,ROBERT HADDOCK,GORDON REYNOLDS,GEORGE D. POTTER
ER492,GEORGE D. POTTER,ROBERT HADDOCK,skipped
ER493,GORDON REYNOLDS,ROBERT HADDOCK,GEORGE D. POTTER
ER494,ROBERT HADDOCK,ROBERT HADDOCK,ROBERT HADDOCK
ER495,GEORGE D. POTTER,GORDON REYNOLDS,ROBERT HADDOCK
ER496,ROBERT HADDOCK,GEORGE D. POTTER,GORDON REYNOLDS
ER497,ROBERT HADDOCK,GEORGE D. POTTER,GORDON REYNOLDS
ER498,ROBERT HADDOCK,GEORGE D. POTTER,GORDON REYNOLDS
ER499,ROBERT HADDOCK,GEORGE D. POTTER,GORDON REYNOLDS
ER500,ROBERT HADDOCK,GORDON REYNOLDS,GEORGE D. POTTER
ER501,GORDON REYNOLDS,ROBERT HADDOCK,GEORGE D. POTTER
ER502,GORDON REYNOLDS,ROBERT HADDOCK,GEORGE D. POTTER
ER503,GORDON REYNOLDS,skipped,skipped
ER504,GORDON REYNOLDS,ROBERT HADDOCK,GEORGE D. POTTER
ER505,GEORGE D. POTTER,ROBERT HADDOCK,GORDON REYNOLDS
ER506,GEORGE D. POTTER,ROBERT HADDOCK,GORDON REYNOLDS
ER507,GORDON REYNOLDS,skipped,skipped
ER508,GEORGE D. POTTER,ROBERT HADDOCK,GORDON REYNOLDS
ER509,GEORGE D. POTTER,GORDON REYNOLDS,ROBERT HADDOCK
ER510,ROBERT HADDOCK,GORDON REYNOLDS,GEORGE D. POTTER
ER511,ROBERT HADDOCK,GEORGE D. POTTER,skipped
ER512,GEORGE D. POTTER,ROBERT HADDOCK,skipped
ER513,ROBERT HADDOCK,GEORGE D. POTTER,GORDON REYNOLDS
ER514,ROBERT HADDOCK,GORDON REYNOLDS,GEORGE D. POTTER
ER515,GEORGE D. POTTER,GORDON REYNOLDS,ROBERT HADDOCK
ER516,ROBERT HADDOCK,GEORGE D. POTTER,GORDON REYNOLDS
ER517,GEORGE D. POTTER,GORDON REYNOLDS,ROBERT HADDOCK
ER518,GORDON REYNOLDS,ROBERT HADDOCK,GEORGE D. POTTER
ER519,ROBERT HADDOCK,GEORGE D. POTTER,GORDON REYNOLDS
ER520,ROBERT HADDOCK,GORDON REYNOLDS,GEORGE D. POTTER
ER521,ROBERT HADDOCK,GORDON REYNOLDS,GEORGE D. POTTER
ER522,ROBERT HADDOCK,GEORGE D. POTTER,skipped
ER523,GEORGE D. POTTER,ROBERT HADDOCK,GORDON REYNOLDS
ER524,GEORGE D. POTTER,GORDON REYNOLDS,ROBERT HADDOCK
ER525,GORDON REYNOLDS,ROBERT HADDOCK,GEORGE D. POTTER
ER526,ROBERT HADDOCK,GEORGE D. POTTER,skipped
ER527,GORDON REYNOLDS,ROBERT HADDOCK,skipped
ER528,GORDON REYNOLDS,skipped,skipped
ER529,ROBERT HADDOCK,GORDON REYNOLDS,GEORGE D. POTTER
ER530,ROBERT HADDOCK,GORDON REYNOLDS,skipped
ER531,ROBERT HADDOCK,GORDON REYNOLDS,GEORGE D. POTTER
ER532,ROBERT HADDOCK,GORDON REYNOLDS,GEORGE D. POTTER
ER533,GORDON REYNOLDS,skipped,skipped
ER534,GORDON REYNOLDS,skipped,skipped
ER535,GEORGE D. POTTER,ROBERT HADDOCK,skipped
ER536,GORDON REYNOLDS,skipped,skipped
ER537,GORDON REYNOLDS,skipped,skipped
ER538,GORDON REYNOLDS,ROBERT HADDOCK,GEORGE D. POTTER
ER539,ROBERT HADDOCK,GORDON REYNOLDS,GEORGE D. POTTER
ER540,GEORGE D. POTTER,ROBERT HADDOCK,skipped
ER541,GORDON REYNOLDS,skipped,skipped
ER542,GEORGE D. POTTER,ROBERT HADDOCK,GORDON REYNOLDS
ER543,GEORGE D. POTTER,GORDON REYNOLDS,ROBERT HADDOCK
ER544,ROBERT HADDOCK,GORDON REYNOLDS,GEORGE D. POTTER
ER545,ROBERT HADDOCK,GEORGE D. POTTER,skipped
ER546,ROBERT HADDOCK,GEORGE D. POTTER,GORDON REYNOLDS
ER547,GORDON REYNOLDS,GEORGE D. POTTER,ROBERT HADDOCK
ER548,GORDON REYNOLDS,skipped,skipped
ER549,ROBERT HADDOCK,GEORGE D. POTTER,skipped
ER550,ROBERT HADDOCK,GEORGE D. POTTER,GORDON REYNOLDS
ER551,GEORGE D. POTTER,skipped,skipped
ER552,GEORGE D. POTTER,ROBERT HADDOCK,skipped
ER553,GEORGE D. POTTER,ROBERT HADDOCK,GORDON REYNOLDS
ER554,GEORGE D. POTTER,skipped,skipped
ER555,GEORGE D. POTTER,ROBERT HADDOCK,skipped
ER556,GORDON REYNOLDS,GEORGE D. POTTER,ROBERT HADDOCK
ER557,ROBERT HADDOCK,GEORGE D. POTTER,GORDON REYNOLDS
ER558,GEORGE D. POTTER,ROBERT HADDOCK,skipped
ER559,ROBERT HADDOCK,GEORGE D. POTTER,GORDON REYNOLDS
ER560,ROBERT HADDOCK,GEORGE D. POTTER,GORDON REYNOLDS
ER561,GORDON REYNOLDS,ROBERT HADDOCK,GEORGE D. POTTER
ER562,GORDON REYNOLDS,GEORGE D. POTTER,ROBERT HADDOCK
ER563,ROBERT HADDOCK,GORDON REYNOLDS,GEORGE D. POTTER
ER564,GEORGE D. POTTER,ROBERT HADDOCK,skipped
ER565,ROBERT HADDOCK,GEORGE D. POTTER,GORDON REYNOLDS
ER566,ROBERT HADDOCK,GEORGE D. POTTER,GORDON REYNOLDS
ER567,GORDON REYNOLDS,ROBERT HADDOCK,skipped
ER568,GORDON REYNOLDS,skipped,skipped
ER569,ROBERT HADDOCK,GEORGE D. POTTER,GORDON REYNOLDS
ER570,GORDON REYNOLDS,ROBERT HADDOCK,GEORGE D. POTTER
ER571,ROBERT HADDOCK,GEORGE D. POTTER,GORDON REYNOLDS
ER572,GEORGE D. POTTER,GORDON REYNOLDS,ROBERT HADDOCK
ER573,ROBERT HADDOCK,GEORGE D. POTTER,GORDON REYNOLDS
ER574,GEORGE D. POTTER,GORDON REYNOLDS,ROBERT HADDOCK
ER575,ROBERT HADDOCK,GORDON REYNOLDS,GEORGE D. POTTER
ER576,GORDON REYNOLDS,ROBERT HADDOCK,skipped
ER577,ROBERT HADDOCK,GORDON REYNOLDS,skipped
ER578,GORDON REYNOLDS,ROBERT HADDOCK,GEORGE D. POTTER
ER579,GEORGE D. POTTER,GORDON REYNOLDS,skipped
ER580,ROBERT HADDOCK,GEORGE D. POTTER,GORDON REYNOLDS
ER581,ROBERT HADDOCK,GORDON REYNOLDS,GEORGE D. POTTER
ER582,GEORGE D. POTTER,ROBERT HADDOCK,skipped
ER583,GORDON REYNOLDS,ROBERT HADDOCK,GEORGE D. POTTER
ER584,GEORGE D. POTTER,ROBERT HADDOCK,GORDON REYNOLDS
ER585,GORDON REYNOLDS,ROBERT HADDOCK,GEORGE D. POTTER
ER586,ROBERT HADDOCK,GEORGE D. POTTER,GORDON REYNOLDS
ER587,GEORGE D. POTTER,ROBERT HADDOCK,GORDON REYNOLDS
ER588,GEORGE D. POTTER,skipped,skipped
ER589,ROBERT HADDOCK,GEORGE D. POTTER,GORDON REYNOLDS
ER590,GORDON REYNOLDS,ROBERT HADDOCK,GEORGE D. POTTER
ER591,GORDON REYNOLDS,skipped,skipped
ER592,GORDON REYNOLDS,ROBERT HADDOCK,GEORGE D. POTTER
ER593,GORDON REYNOLDS,skipped,skipped
ER594,GEORGE D. POTTER,GORDON REYNOLDS,skipped
ER595,GORDON REYNOLDS,ROBERT HADDOCK,GEORGE D. POTTER
ER596,ROBERT HADDOCK,GEORGE D. POTTER,GORDON REYNOLDS
ER597,GEORGE D. POTTER,GORDON REYNOLDS,ROBERT HADDOCK
ER598,GEORGE D. POTTER,ROBERT HADDOCK,GORDON REYNOLDS
ER599,GORDON REYNOLDS,ROBERT HADDOCK,GEORGE D. POTTER
ER600,GORDON REYNOLDS,GEORGE D. POTTER,ROBERT HADDOCK
ER601,ROBERT HADDOCK,GORDON REYNOLDS,GEORGE D. POTTER
ER602,GEORGE D. POTTER,GORDON REYNOLDS,ROBERT HADDOCK
ER603,GEORGE D. POTTER,ROBERT HADDOCK,GORDON REYNOLDS
ER604,ROBERT HADDOCK,GEORGE D. POTTER,GORDON REYNOLDS
ER605,GEORGE D. POTTER,ROBERT HADDOCK,GORDON REYNOLDS
ER606,GORDON REYNOLDS,ROBERT HADDOCK,GEORGE D. POTTER
ER607,ROBERT HADDOCK,GORDON REYNOLDS,GEORGE D. POTTER
ER608,GORDON REYNOLDS,ROBERT HADDOCK,GEORGE D. POTTER
ER609,ROBERT HADDOCK,GEORGE D. POTTER,GORDON REYNOLDS
ER610,ROBERT HADDOCK,GEORGE D. POTTER,GORDON REYNOLDS
ER611,GORDON REYNOLDS,ROBERT HADDOCK,GEORGE D. POTTER
ER612,ROBERT HADDOCK,GORDON REYNOLDS,GEORGE D. POTTER
ER613,GEORGE D. POTTER,skipped,skipped
ER614,GORDON REYNOLDS,GEORGE D. POTTER,ROBERT HADDOCK
ER615,ROBERT HADDOCK,GEORGE D. POTTER,GORDON REYNOLDS
ER616,ROBERT HADDOCK,skipped,skipped
ER617,ROBERT HADDOCK,GORDON REYNOLDS,GEORGE D. POTTER
ER618,GORDON REYNOLDS,ROBERT HADDOCK,GEORGE D. POTTER
ER619,ROBERT HADDOCK,GEORGE D. POTTER,GORDON REYNOLDS
ER620,GORDON REYNOLDS,ROBERT HADDOCK,GEORGE D. POTTER
ER621,GORDON REYNOLDS,ROBERT HADDOCK,GEORGE D. POTTER
ER622,GORDON REYNOLDS,ROBERT HADDOCK,GEORGE D. POTTER
ER623,ROBERT HADDOCK,GEORGE D. POTTER,GORDON REYNOLDS
ER624,ROBERT HADDOCK,GEORGE D. POTTER,GORDON REYNOLDS
ER625,ROBERT HADDOCK,GEORGE D. POTTER,GORDON REYNOLDS
ER626,ROBERT HADDOCK,GORDON REYNOLDS,skipped
ER627,ROBERT HADDOCK,GEORGE D. POTTER,GORDON REYNOLDS
ER628,GORDON REYNOLDS,ROBERT HADDOCK,ROBERT HADDOCK
ER629,GORDON REYNOLDS,ROBERT HADDOCK,GEORGE D. POTTER
ER630,GORDON REYNOLDS,ROBERT HADDOCK,GEORGE D. POTTER
ER631,ROBERT HADDOCK,GORDON REYNOLDS,GEORGE D. POTTER
ER632,GORDON REYNOLDS,ROBERT HADDOCK,skipped
ER633,ROBERT HADDOCK,GORDON REYNOLDS,skipped
ER634,GORDON REYNOLDS,ROBERT HADDOCK,GEORGE D. POTTER
ER635,ROBERT HADDOCK,GORDON REYNOLDS,skipped
ER636,GORDON REYNOLDS,skipped,skipped
ER637,GORDON REYNOLDS,ROBERT HADDOCK,GEORGE D. POTTER
ER638,ROBERT HADDOCK,GORDON REYNOLDS,GEORGE D. POTTER
ER639,GORDON REYNOLDS,ROBERT HADDOCK,skipped
ER640,ROBERT HADDOCK,GEORGE D. POTTER,GORDON REYNOLDS
ER641,ROBERT HADDOCK,GEORGE D. POTTER,GORDON REYNOLDS
ER642,GORDON REYNOLDS,skipped,skipped
ER643,GORDON REYNOLDS,ROBERT HADDOCK,GEORGE D. POTTER
ER644,GORDON REYNOLDS,ROBERT HADDOCK,skipped
ER645,GORDON REYNOLDS,GEORGE D. POTTER,ROBERT HADDOCK
ER646,GORDON REYNOLDS,ROBERT HADDOCK,GEORGE D. POTTER
ER647,GEORGE D. POTTER,GORDON REYNOLDS,ROBERT HADDOCK
ER648,GORDON REYNOLDS,skipped,skipped
ER649,ROBERT HADDOCK,GEORGE D. POTTER,GORDON REYNOLDS
ER650,ROBERT HADDOCK,GEORGE D. POTTER,GORDON REYNOLDS
ER651,GORDON REYNOLDS,ROBERT HADDOCK,skipped
ER652,ROBERT HADDOCK,GEORGE D. POTTER,GORDON REYNOLDS
ER653,ROBERT HADDOCK,GEORGE D. POTTER,GORDON REYNOLDS
ER654,ROBERT HADDOCK,GEORGE D. POTTER,GORDON REYNOLDS
ER655,ROBERT HADDOCK,GEORGE D. POTTER,GORDON REYNOLDS
ER656,GEORGE D. POTTER,ROBERT HADDOCK,GORDON REYNOLDS
ER657,ROBERT HADDOCK,GEORGE D. POTTER,GORDON REYNOLDS
ER658,GEORGE D. POTTER,ROBERT HADDOCK,skipped
ER659,GORDON REYNOLDS,skipped,skipped
ER660,ROBERT HADDOCK,GEORGE D. POTTER,GORDON REYNOLDS
ER661,ROBERT HADDOCK,skipped,skipped
ER662,ROBERT HADDOCK,GORDON REYNOLDS,GEORGE D. POTTER
ER663,GORDON REYNOLDS,ROBERT HADDOCK,GEORGE D. POTTER
ER664,GORDON REYNOLDS,GEORGE D. POTTER,ROBERT HADDOCK
ER665,GORDON REYNOLDS,GEORGE D. POTTER,ROBERT HADDOCK
ER666,ROBERT HADDOCK,GORDON REYNOLDS,GEORGE D. POTTER
ER667,ROBERT HADDOCK,GEORGE D. POTTER,GORDON REYNOLDS
ER668,ROBERT HADDOCK,skipped,skipped
ER669,GORDON REYNOLDS,GEORGE D. POTTER,ROBERT HADDOCK
ER670,ROBERT HADDOCK,skipped,skipped
ER671,GORDON REYNOLDS,GEORGE D. POTTER,ROBERT HADDOCK
ER672,GORDON REYNOLDS,ROBERT HADDOCK,skipped
ER673,GORDON REYNOLDS,GEORGE D. POTTER,ROBERT HADDOCK
ER674,GEORGE D. POTTER,ROBERT HADDOCK,GORDON REYNOLDS
ER675,GORDON REYNOLDS,skipped,skipped
ER676,GORDON REYNOLDS,ROBERT HADDOCK,skipped
ER677,GORDON REYNOLDS,GORDON REYNOLDS,GEORGE D. POTTER
ER678,ROBERT HADDOCK,ROBERT HADDOCK,ROBERT HADDOCK
ER679,GORDON REYNOLDS,skipped,skipped
ER680,GORDON REYNOLDS,GEORGE D. POTTER,ROBERT HADDOCK
ER681,GORDON REYNOLDS,ROBERT HADDOCK,skipped
ER682,GEORGE D. POTTER,skipped,skipped
ER683,ROBERT HADDOCK,GEORGE D. POTTER,GORDON REYNOLDS
ER684,ROBERT HADDOCK,GORDON REYNOLDS,GEORGE D. POTTER
ER685,GORDON REYNOLDS,ROBERT HADDOCK,GEORGE D. POTTER
ER686,GORDON REYNOLDS,ROBERT HADDOCK,GEORGE D. POTTER
ER687,GEORGE D. POTTER,GEORGE D. POTTER,ROBERT HADDOCK
ER688,GORDON REYNOLDS,ROBERT HADDOCK,GEORGE D. POTTER
ER689,GORDON REYNOLDS,GEORGE D. POTTER,ROBERT HADDOCK
ER690,GORDON REYNOLDS,skipped,skipped
ER691,ROBERT HADDOCK,GORDON REYNOLDS,skipped
ER692,ROBERT HADDOCK,GEORGE D. POTTER,skipped
ER693,GORDON REYNOLDS,ROBERT HADDOCK,GEORGE D. POTTER
ER694,ROBERT HADDOCK,skipped,skipped
ER695,ROBERT HADDOCK,GORDON REYNOLDS,GEORGE D. POTTER
ER696,GORDON REYNOLDS,ROBERT HADDOCK,GEORGE D. POTTER
ER697,ROBERT HADDOCK,GORDON REYNOLDS,GEORGE D. POTTER
ER698,ROBERT HADDOCK,GORDON REYNOLDS,GEORGE D. POTTER
ER699,GORDON REYNOLDS,skipped,overvote
ER700,GORDON REYNOLDS,overvote,skipped
ER701,ROBERT HADDOCK,GEORGE D. POTTER,GORDON REYNOLDS
ER702,GORDON REYNOLDS,GORDON REYNOLDS,GORDON REYNOLDS
ER703,GORDON REYNOLDS,GEORGE D. POTTER,ROBERT HADDOCK
ER704,ROBERT HADDOCK,GORDON REYNOLDS,GEORGE D. POTTER
ER705,GORDON REYNOLDS,ROBERT HADDOCK,GEORGE D. POTTER
ER706,GORDON REYNOLDS,ROBERT HADDOCK,GEORGE D. POTTER
ER707,ROBERT HADDOCK,skipped,skipped
ER708,GORDON REYNOLDS,ROBERT HADDOCK,GEORGE D. POTTER
ER709,ROBERT HADDOCK,skipped,skipped
ER710,GEORGE D. POTTER,ROBERT HADDOCK,GORDON REYNOLDS
ER711,GORDON REYNOLDS,ROBERT HADDOCK,skipped
ER712,GORDON REYNOLDS,GEORGE D. POTTER,ROBERT HADDOCK
ER713,GORDON REYNOLDS,ROBERT HADDOCK,GEORGE D. POTTER
ER714,GORDON REYNOLDS,GEORGE D. POTTER,ROBERT HADDOCK
ER715,ROBERT HADDOCK,GEORGE D. POTTER,GORDON REYNOLDS
ER716,GORDON REYNOLDS,GEORGE D. POTTER,ROBERT HADDOCK
ER717,GEORGE D. POTTER,skipped,skipped
ER718,GORDON REYNOLDS,ROBERT HADDOCK,GEORGE D. POTTER
ER719,GEORGE D. POTTER,ROBERT HADDOCK,GORDON REYNOLDS
ER720,GEORGE D. POTTER,GEORGE D. POTTER,GEORGE D. POTTER
ER721,GORDON REYNOLDS,ROBERT HADDOCK,GEORGE D. POTTER
ER722,GORDON REYNOLDS,ROBERT HADDOCK,GEORGE D. POTTER
ER723,GORDON REYNOLDS,ROBERT HADDOCK,GEORGE D. POTTER
ER724,GORDON REYNOLDS,ROBERT HADDOCK,GORDON REYNOLDS
ER725,GORDON REYNOLDS,ROBERT HADDOCK,GEORGE D. POTTER
ER726,ROBERT HADDOCK,GEORGE D. POTTER,GORDON REYNOLDS
ER727,ROBERT HADDOCK,GORDON REYNOLDS,GEORGE D. POTTER
ER728,GEORGE D. POTTER,ROBERT HADDOCK,GORDON REYNOLDS
ER729,ROBERT HADDOCK,GEORGE D. POTTER,GORDON REYNOLDS
ER730,ROBERT HADDOCK,GEORGE D. POTTER,GORDON REYNOLDS
ER731,GEORGE D. POTTER,ROBERT HADDOCK,GORDON REYNOLDS
ER732,GORDON REYNOLDS,ROBERT HADDOCK,GEORGE D. POTTER
ER733,ROBERT HADDOCK,GEORGE D. POTTER,GORDON REYNOLDS
ER734,ROBERT HADDOCK,GORDON REYNOLDS,GEORGE D. POTTER
ER735,GORDON REYNOLDS,skipped,skipped
ER736,ROBERT HADDOCK,GORDON REYNOLDS,GEORGE D. POTTER
ER737,GORDON REYNOLDS,ROBERT HADDOCK,GEORGE D. POTTER
ER738,GORDON REYNOLDS,ROBERT HADDOCK,GEORGE D. POTTER
ER739,GORDON REYNOLDS,ROBERT HADDOCK,skipped
ER740,ROBERT HADDOCK,GEORGE D. POTTER,GORDON REYNOLDS
ER741,skipped,skipped,skipped
ER742,ROBERT HADDOCK,GORDON REYNOLDS,GEORGE D. POTTER
ER743,GORDON REYNOLDS,ROBERT HADDOCK,skipped
ER744,GEORGE D. POTTER,GORDON REYNOLDS,ROBERT HADDOCK
ER745,GEORGE D. POTTER,GORDON REYNOLDS,skipped
ER746,GORDON REYNOLDS,GEORGE D. POTTER,ROBERT HADDOCK
ER747,GORDON REYNOLDS,ROBERT HADDOCK,GEORGE D. POTTER
ER748,ROBERT HADDOCK,GEORGE D. POTTER,GORDON REYNOLDS
ER749,GORDON REYNOLDS,skipped,skipped
ER750,GORDON REYNOLDS,ROBERT HADDOCK,skipped
ER751,GORDON REYNOLDS,GEORGE D. POTTER,ROBERT HADDOCK
ER752,GORDON REYNOLDS,GEORGE D. POTTER,ROBERT HADDOCK
ER753,GORDON REYNOLDS,ROBERT HADDOCK,GEORGE D. POTTER
ER754,GORDON REYNOLDS,skipped,skipped
ER755,ROBERT HADDOCK,GORDON REYNOLDS,GEORGE D. POTTER
ER756,GORDON REYNOLDS,GEORGE D. POTTER,ROBERT HADDOCK
ER757,GORDON REYNOLDS,ROBERT HADDOCK,GEORGE D. POTTER
ER758,GORDON REYNOLDS,ROBERT HADDOCK,skipped
ER759,ROBERT HADDOCK,skipped,skipped
ER760,ROBERT HADDOCK,GORDON REYNOLDS,GEORGE D. POTTER
ER761,GORDON REYNOLDS,ROBERT HADDOCK,skipped
ER762,ROBERT HADDOCK,GEORGE D. POTTER,GORDON REYNOLDS
ER763,GORDON REYNOLDS,ROBERT HADDOCK,GEORGE D. POTTER
ER764,GORDON REYNOLDS,skipped,skipped
ER765,ROBERT HADDOCK,GEORGE D. POTTER,GORDON REYNOLDS
ER766,ROBERT HADDOCK,GEORGE D. POTTER,GORDON REYNOLDS
ER767,ROBERT HADDOCK,GEORGE D. POTTER,GORDON REYNOLDS
ER768,GEORGE D. POTTER,GEORGE D. POTTER,GEORGE D. POTTER
ER769,ROBERT HADDOCK,GEORGE D. POTTER,GORDON REYNOLDS
ER770,ROBERT HADDOCK,GEORGE D. POTTER,GORDON REYNOLDS
ER771,GEORGE D. POTTER,ROBERT HADDOCK,GORDON REYNOLDS
ER772,ROBERT HADDOCK,GEORGE D. POTTER,GORDON REYNOLDS
ER773,ROBERT HADDOCK,GEORGE D. POTTER,GORDON REYNOLDS
ER774,GORDON REYNOLDS,ROBERT HADDOCK,GEORGE D. POTTER
ER775,ROBERT HADDOCK,GEORGE D. POTTER,GORDON REYNOLDS
ER776,GEORGE D. POTTER,ROBERT HADDOCK,GORDON REYNOLDS
ER777,ROBERT HADDOCK,GORDON REYNOLDS,GEORGE D. POTTER
ER778,GEORGE D. POTTER,ROBERT HADDOCK,GORDON REYNOLDS
ER779,GORDON REYNOLDS,ROBERT HADDOCK,GEORGE D. POTTER
ER780,ROBERT HADDOCK,GORDON REYNOLDS,GEORGE D. POTTER
ER781,ROBERT HADDOCK,skipped,skipped
ER782,ROBERT HADDOCK,GEORGE D. POTTER,GORDON REYNOLDS
ER783,ROBERT HADDOCK,GORDON REYNOLDS,GEORGE D. POTTER
ER784,ROBERT HADDOCK,GEORGE D. POTTER,GORDON REYNOLDS
ER785,ROBERT HADDOCK,GEORGE D. POTTER,GORDON REYNOLDS
ER786,GORDON REYNOLDS,ROBERT HADDOCK,GEORGE D. POTTER
ER787,GORDON REYNOLDS,ROBERT HADDOCK,GEORGE D. POTTER
ER788,ROBERT HADDOCK,GEORGE D. POTTER,GORDON REYNOLDS
ER789,ROBERT HADDOCK,GEORGE D. POTTER,GORDON REYNOLDS
ER790,ROBERT HADDOCK,GORDON REYNOLDS,GEORGE D. POTTER
ER791,ROBERT HADDOCK,GEORGE D. POTTER,GORDON REYNOLDS
ER792,ROBERT HADDOCK,GEORGE D. POTTER,GORDON REYNOLDS
ER793,ROBERT HADDOCK,GORDON REYNOLDS,GEORGE D. POTTER
ER794,ROBERT HADDOCK,GORDON REYNOLDS,GEORGE D. POTTER
ER795,GORDON REYNOLDS,skipped,skipped
ER796,ROBERT HADDOCK,GORDON REYNOLDS,GEORGE D. POTTER
ER797,GEORGE D. POTTER,GORDON REYNOLDS,ROBERT HADDOCK
ER798,GORDON REYNOLDS,ROBERT HADDOCK,GEORGE D. POTTER
ER799,GORDON REYNOLDS,ROBERT HADDOCK,GEORGE D. POTTER
ER800,GORDON REYNOLDS,ROBERT HADDOCK,GEORGE D. POTTER
ER801,ROBERT HADDOCK,GEORGE D. POTTER,GORDON REYNOLDS
ER802,GORDON REYNOLDS,ROBERT HADDOCK,GORDON REYNOLDS
ER803,GORDON REYNOLDS,ROBERT HADDOCK,GEORGE D. POTTER
ER804,ROBERT HADDOCK,GORDON REYNOLDS,GEORGE D. POTTER
ER805,ROBERT HADDOCK,GEORGE D. POTTER,GORDON REYNOLDS
ER806,ROBERT HADDOCK,GEORGE D. POTTER,GORDON REYNOLDS
ER807,GEORGE D. POTTER,ROBERT HADDOCK,GORDON REYNOLDS
ER808,GORDON REYNOLDS,ROBERT HADDOCK,GEORGE D. POTTER
ER809,skipped,skipped,skipped
ER810,GORDON REYNOLDS,skipped,skipped
ER811,ROBERT HADDOCK,GEORGE D. POTTER,GORDON REYNOLDS
ER812,GEORGE D. POTTER,ROBERT HADDOCK,GORDON REYNOLDS
ER813,GORDON REYNOLDS,ROBERT HADDOCK,GEORGE D. POTTER
ER814,GORDON REYNOLDS,ROBERT HADDOCK,GEORGE D. POTTER
ER815,ROBERT HADDOCK,GEORGE D. POTTER,GORDON REYNOLDS
ER816,ROBERT HADDOCK,GEORGE D. POTTER,GORDON REYNOLDS
ER817,GEORGE D. POTTER,ROBERT HADDOCK,GORDON REYNOLDS
ER818,GORDON REYNOLDS,ROBERT HADDOCK,GEORGE D. POTTER
ER819,GEORGE D. POTTER,GORDON REYNOLDS,ROBERT HADDOCK
ER820,GEORGE D. POTTER,ROBERT HADDOCK,GORDON REYNOLDS
ER821,ROBERT HADDOCK,GEORGE D. POTTER,GORDON REYNOLDS
ER822,ROBERT HADDOCK,GORDON REYNOLDS,GEORGE D. POTTER
ER823,ROBERT HADDOCK,ROBERT HADDOCK,GORDON REYNOLDS
ER824,ROBERT HADDOCK,GEORGE D. POTTER,GORDON REYNOLDS
ER825,GORDON REYNOLDS,ROBERT HADDOCK,skipped
ER826,GORDON REYNOLDS,ROBERT HADDOCK,GEORGE D. POTTER
ER827,ROBERT HADDOCK,GORDON REYNOLDS,GEORGE D. POTTER
ER828,GORDON REYNOLDS,ROBERT HADDOCK,skipped
ER829,GORDON REYNOLDS,skipped,skipped
ER830,ROBERT HADDOCK,GEORGE D. POTTER,skipped
ER831,GORDON REYNOLDS,ROBERT HADDOCK,skipped
ER832,GEORGE D. POTTER,GORDON REYNOLDS,ROBERT HADDOCK
ER833,GORDON REYNOLDS,ROBERT HADDOCK,skipped
ER834,GEORGE D. POTTER,GEORGE D. POTTER,skipped
ER835,ROBERT HADDOCK,GORDON REYNOLDS,GEORGE D. POTTER
ER836,ROBERT HADDOCK,GORDON REYNOLDS,GEORGE D. POTTER
ER837,ROBERT HADDOCK,GORDON REYNOLDS,GEORGE D. POTTER
ER838,GORDON REYNOLDS,ROBERT HADDOCK,skipped
ER839,ROBERT HADDOCK,GEORGE D. POTTER,skipped
ER840,ROBERT HADDOCK,GORDON REYNOLDS,GEORGE D. POTTER
ER841,ROBERT HADDOCK,GORDON REYNOLDS,GEORGE D. POTTER
ER842,GEORGE D. POTTER,GORDON REYNOLDS,ROBERT HADDOCK
ER843,ROBERT HADDOCK,GEORGE D. POTTER,GORDON REYNOLDS
ER844,GORDON REYNOLDS,ROBERT HADDOCK,GEORGE D. POTTER
ER845,GEORGE D. POTTER,GORDON REYNOLDS,ROBERT HADDOCK
ER846,GORDON REYNOLDS,GEORGE D. POTTER,ROBERT HADDOCK
ER847,ROBERT HADDOCK,GEORGE D. POTTER,GORDON REYNOLDS
ER848,GORDON REYNOLDS,GEORGE D. POTTER,ROBERT HADDOCK
ER849,ROBERT HADDOCK,GORDON REYNOLDS,GEORGE D. POTTER
ER850,GORDON REYNOLDS,ROBERT HADDOCK,GEORGE D. POTTER
ER851,GEORGE D. POTTER,ROBERT HADDOCK,GORDON REYNOLDS
ER852,GEORGE D. POTTER,ROBERT HADDOCK,GORDON REYNOLDS
ER853,ROBERT HADDOCK,GORDON REYNOLDS,GEORGE D. POTTER
ER854,ROBERT HADDOCK,GEORGE D. POTTER,skipped
ER855,ROBERT HADDOCK,GEORGE D. POTTER,skipped
ER856,ROBERT HADDOCK,GORDON REYNOLDS,GEORGE D. POTTER
ER857,GEORGE D. POTTER,ROBERT HADDOCK,skipped
ER858,ROBERT HADDOCK,GORDON REYNOLDS,GEORGE D. POTTER
ER859,ROBERT HADDOCK,GEORGE D. POTTER,skipped
ER860,GORDON REYNOLDS,ROBERT HADDOCK,GEORGE D. POTTER
ER861,GORDON REYNOLDS,ROBERT HADDOCK,GEORGE D. POTTER
ER862,GEORGE D. POTTER,GORDON REYNOLDS,skipped
ER863,ROBERT HADDOCK,skipped,skipped
ER864,GEORGE D. POTTER,skipped,skipped
ER865,ROBERT HADDOCK,GORDON REYNOLDS,GEORGE D. POTTER
ER866,GORDON REYNOLDS,ROBERT HADDOCK,GEORGE D. POTTER
ER867,GORDON REYNOLDS,ROBERT HADDOCK,GEORGE D. POTTER
ER868,ROBERT HADDOCK,GEORGE D. POTTER,GORDON REYNOLDS
ER869,GORDON REYNOLDS,skipped,skipped
ER870,ROBERT HADDOCK,GEORGE D. POTTER,skipped
ER871,GEORGE D. POTTER,ROBERT HADDOCK,GORDON REYNOLDS
ER872,ROBERT HADDOCK,GEORGE D. POTTER,GORDON REYNOLDS
ER873,GORDON REYNOLDS,ROBERT HADDOCK,GEORGE D. POTTER
ER874,GORDON REYNOLDS,ROBERT HADDOCK,GEORGE D. POTTER
ER875,ROBERT HADDOCK,GORDON REYNOLDS,GEORGE D. POTTER
ER876,ROBERT HADDOCK,GORDON REYNOLDS,GEORGE D. POTTER
ER877,GORDON REYNOLDS,ROBERT HADDOCK,GEORGE D. POTTER
ER878,ROBERT HADDOCK,GORDON REYNOLDS,GEORGE D. POTTER
ER879,ROBERT HADDOCK,GEORGE D. POTTER,GORDON REYNOLDS
ER880,GORDON REYNOLDS,ROBERT HADDOCK,GEORGE D. POTTER
ER881,GORDON REYNOLDS,ROBERT HADDOCK,GEORGE D. POTTER
ER882,ROBERT HADDOCK,GORDON REYNOLDS,GEORGE D. POTTER
ER883,GORDON REYNOLDS,ROBERT HADDOCK,GEORGE D. POTTER
ER884,GORDON REYNOLDS,ROBERT HADDOCK,GEORGE D. POTTER
ER885,ROBERT HADDOCK,GEORGE D. POTTER,skipped
ER886,ROBERT HADDOCK,GORDON REYNOLDS,skipped
ER887,GEORGE D. POTTER,ROBERT HADDOCK,GORDON REYNOLDS
ER888,GORDON REYNOLDS,ROBERT HADDOCK,GEORGE D. POTTER
ER889,ROBERT HADDOCK,GORDON REYNOLDS,GEORGE D. POTTER
ER890,ROBERT HADDOCK,GEORGE D. POTTER,GORDON REYNOLDS
ER891,ROBERT HADDOCK,GORDON REYNOLDS,GEORGE D. POTTER
ER892,GEORGE D. POTTER,ROBERT HADDOCK,GORDON REYNOLDS
ER893,ROBERT HADDOCK,GORDON REYNOLDS,GEORGE D. POTTER
ER894,GEORGE D. POTTER,ROBERT HADDOCK,GORDON REYNOLDS
ER895,GORDON REYNOLDS,ROBERT HADDOCK,GEORGE D. POTTER
ER896,ROBERT HADDOCK,GORDON REYNOLDS,GEORGE D. POTTER
ER897,GEORGE D. POTTER,GORDON REYNOLDS,ROBERT HADDOCK
ER898,GORDON REYNOLDS,skipped,skipped
ER899,GORDON REYNOLDS,ROBERT HADDOCK,GEORGE D. POTTER
ER900,ROBERT HADDOCK,GEORGE D. POTTER,GORDON REYNOLDS
ER901,GEORGE D. POTTER,GORDON REYNOLDS,ROBERT HADDOCK
ER902,GORDON REYNOLDS,ROBERT HADDOCK,GEORGE D. POTTER
ER903,GEORGE D. POTTER,skipped,skipped
ER904,GEORGE D. POTTER,ROBERT HADDOCK,GORDON REYNOLDS
ER905,GORDON REYNOLDS,ROBERT HADDOCK,GEORGE D. POTTER
ER906,GEORGE D. POTTER,ROBERT HADDOCK,GORDON REYNOLDS
ER907,GORDON REYNOLDS,GORDON REYNOLDS,GORDON REYNOLDS
ER908,GEORGE D. POTTER,ROBERT HADDOCK,GORDON REYNOLDS
ER909,GORDON REYNOLDS,ROBERT HADDOCK,GEORGE D. POTTER
ER910,GEORGE D. POTTER,ROBERT HADDOCK,skipped
ER911,GORDON REYNOLDS,ROBERT HADDOCK,GEORGE D. POTTER
ER912,GORDON REYNOLDS,skipped,skipped
ER913,GORDON REYNOLDS,skipped,skipped
ER914,GORDON REYNOLDS,ROBERT HADDOCK,GEORGE D. POTTER
ER915,ROBERT HADDOCK,GEORGE D. POTTER,GORDON REYNOLDS
ER916,GORDON REYNOLDS,ROBERT HADDOCK,GEORGE D. POTTER
ER917,ROBERT HADDOCK,GEORGE D. POTTER,skipped
ER918,GORDON REYNOLDS,ROBERT HADDOCK,GEORGE D. POTTER
ER919,GORDON REYNOLDS,skipped,skipped
ER920,GORDON REYNOLDS,ROBERT HADDOCK,GEORGE D. POTTER
ER921,GORDON REYNOLDS,ROBERT HADDOCK,GEORGE D. POTTER
ER922,GEORGE D. POTTER,ROBERT HADDOCK,GORDON REYNOLDS
ER923,GEORGE D. POTTER,GORDON REYNOLDS,ROBERT HADDOCK
ER924,GORDON REYNOLDS,ROBERT HADDOCK,GEORGE D. POTTER
ER925,GEORGE D. POTTER,ROBERT HADDOCK,GORDON REYNOLDS
ER926,GORDON REYNOLDS,ROBERT HADDOCK,GEORGE D. POTTER
ER927,GORDON REYNOLDS,ROBERT HADDOCK,GEORGE D. POTTER
ER928,GEORGE D. POTTER,ROBERT HADDOCK,GORDON REYNOLDS
ER929,ROBERT HADDOCK,skipped,skipped
ER930,ROBERT HADDOCK,GEORGE D. POTTER,GORDON REYNOLDS
ER931,ROBERT HADDOCK,GEORGE D. POTTER,GORDON REYNOLDS
ER932,ROBERT HADDOCK,GEORGE D. POTTER,GORDON REYNOLDS
ER933,GEORGE D. POTTER,ROBERT HADDOCK,GORDON REYNOLDS
ER934,ROBERT HADDOCK,GORDON REYNOLDS,GEORGE D. POTTER
ER935,ROBERT HADDOCK,GEORGE D. POTTER,skipped
ER936,ROBERT HADDOCK,GORDON REYNOLDS,GEORGE D. POTTER
ER937,GEORGE D. POTTER,ROBERT HADDOCK,GORDON REYNOLDS
ER938,ROBERT HADDOCK,GORDON REYNOLDS,GEORGE D. POTTER
ER939,GORDON REYNOLDS,ROBERT HADDOCK,GEORGE D. POTTER
ER940,ROBERT HADDOCK,GEORGE D. POTTER,GORDON REYNOLDS
ER941,ROBERT HADDOCK,GORDON REYNOLDS,GEORGE D. POTTER
ER942,GORDON REYNOLDS,ROBERT HADDOCK,GEORGE D. POTTER
ER943,GEORGE D. POTTER,ROBERT HADDOCK,GORDON REYNOLDS
ER944,ROBERT HADDOCK,GEORGE D. POTTER,GORDON REYNOLDS
ER945,GORDON REYNOLDS,ROBERT HADDOCK,GEORGE D. POTTER
ER946,GORDON REYNOLDS,ROBERT HADDOCK,GEORGE D. POTTER
ER947,ROBERT HADDOCK,GEORGE D. POTTER,GORDON REYNOLDS
ER948,GORDON REYNOLDS,GEORGE D. POTTER,ROBERT HADDOCK
ER949,GORDON REYNOLDS,ROBERT HADDOCK,skipped
ER950,GEORGE D. POTTER,ROBERT HADDOCK,GORDON REYNOLDS
ER951,ROBERT HADDOCK,GEORGE D. POTTER,GORDON REYNOLDS
ER952,ROBERT HADDOCK,GORDON REYNOLDS,GEORGE D. POTTER
ER953,ROBERT HADDOCK,skipped,skipped
ER954,ROBERT HADDOCK,GEORGE D. POTTER,GORDON REYNOLDS
ER955,GEORGE D. POTTER,ROBERT HADDOCK,GORDON REYNOLDS
ER956,GORDON REYNOLDS,GEORGE D. POTTER,ROBERT HADDOCK
ER957,GEORGE D. POTTER,skipped,skipped
ER958,GORDON REYNOLDS,ROBERT HADDOCK,GEORGE D. POTTER
ER959,GORDON REYNOLDS,skipped,skipped
ER960,GORDON REYNOLDS,GEORGE D. POTTER,ROBERT HADDOCK
ER961,GORDON REYNOLDS,ROBERT HADDOCK,GEORGE D. POTTER
ER962,ROBERT HADDOCK,GEORGE D. POTTER,GORDON REYNOLDS
ER963,ROBERT HADDOCK,GORDON REYNOLDS,GEORGE D. POTTER
ER964,GORDON REYNOLDS,GEORGE D. POTTER,ROBERT HADDOCK
ER965,ROBERT HADDOCK,GEORGE D. POTTER,GORDON REYNOLDS
ER966,ROBERT HADDOCK,GEORGE D. POTTER,GORDON REYNOLDS
ER967,ROBERT HADDOCK,GORDON REYNOLDS,GEORGE D. POTTER
ER968,ROBERT HADDOCK,GORDON REYNOLDS,GEORGE D. POTTER
ER969,ROBERT HADDOCK,GEORGE D. POTTER,skipped
ER970,ROBERT HADDOCK,GEORGE D. POTTER,GORDON REYNOLDS
ER971,ROBERT HADDOCK,GORDON REYNOLDS,GEORGE D. POTTER
ER972,GORDON REYNOLDS,ROBERT HADDOCK,GEORGE D. POTTER
ER973,ROBERT HADDOCK,GEORGE D. POTTER,skipped
ER974,ROBERT HADDOCK,GORDON REYNOLDS,GEORGE D. POTTER
ER975,ROBERT HADDOCK,GEORGE D. POTTER,GORDON REYNOLDS
ER976,GEORGE D. POTTER,ROBERT HADDOCK,GORDON REYNOLDS
ER977,GEORGE D. POTTER,ROBERT HADDOCK,GORDON REYNOLDS
ER978,ROBERT HADDOCK,GORDON REYNOLDS,GEORGE D. POTTER
ER979,GORDON REYNOLDS,ROBERT HADDOCK,GEORGE D. POTTER
ER980,GORDON REYNOLDS,ROBERT HADDOCK,skipped
ER981,GORDON REYNOLDS,GEORGE D. POTTER,ROBERT HADDOCK
ER982,GEORGE D. POTTER,ROBERT HADDOCK,skipped
ER983,ROBERT HADDOCK,GEORGE D. POTTER,GORDON REYNOLDS
ER984,GEORGE D. POTTER,GORDON REYNOLDS,ROBERT HADDOCK
ER985,ROBERT HADDOCK,GORDON REYNOLDS,GEORGE D. POTTER
ER986,GORDON REYNOLDS,ROBERT HADDOCK,skipped
ER987,ROBERT HADDOCK,GORDON REYNOLDS,GEORGE D. POTTER
ER988,ROBERT HADDOCK,skipped,GORDON REYNOLDS
ER989,ROBERT HADDOCK,GEORGE D. POTTER,skipped
ER990,ROBERT HADDOCK,GORDON REYNOLDS,GEORGE D. POTTER
ER991,GEORGE D. POTTER,GORDON REYNOLDS,ROBERT HADDOCK
ER992,ROBERT HADDOCK,GORDON REYNOLDS,GEORGE D. POTTER
ER993,GEORGE D. POTTER,skipped,skipped
ER994,ROBERT HADDOCK,GORDON REYNOLDS,skipped
ER995,GEORGE D. POTTER,ROBERT HADDOCK,skipped
ER996,ROBERT HADDOCK,GEORGE D. POTTER,GORDON REYNOLDS
ER997,GORDON REYNOLDS,skipped,skipped
ER998,GEORGE D. POTTER,ROBERT HADDOCK,GORDON REYNOLDS
ER999,GEORGE D. POTTER,ROBERT HADDOCK,GORDON REYNOLDS
ER1000,GORDON REYNOLDS,skipped,skipped
ER1001,GEORGE D. POTTER,GORDON REYNOLDS,ROBERT HADDOCK
ER1002,GEORGE D. POTTER,ROBERT HADDOCK,GORDON REYNOLDS
ER1003,GEORGE D. POTTER,ROBERT HADDOCK,skipped
ER1004,ROBERT HADDOCK,GORDON REYNOLDS,GEORGE D. POTTER
ER1005,GORDON REYNOLDS,skipped,skipped
ER1006,GORDON REYNOLDS,ROBERT HADDOCK,skipped
ER1007,ROBERT HADDOCK,GEORGE D. POTTER,GORDON REYNOLDS
ER1008,GORDON REYNOLDS,GEORGE D. POTTER,ROBERT HADDOCK
ER1009,ROBERT HADDOCK,GORDON REYNOLDS,GEORGE D. POTTER
ER1010,GEORGE D. POTTER,GORDON REYNOLDS,skipped
ER1011,GEORGE D. POTTER,ROBERT HADDOCK,skipped
ER1012,GEORGE D. POTTER,ROBERT HADDOCK,GORDON REYNOLDS
ER1013,GORDON REYNOLDS,ROBERT HADDOCK,skipped
ER1014,GEORGE D. POTTER,GORDON REYNOLDS,ROBERT HADDOCK
ER1015,GORDON REYNOLDS,ROBERT HADDOCK,GEORGE D. POTTER
ER1016,GEORGE D. POTTER,ROBERT HADDOCK,GORDON REYNOLDS
ER1017,ROBERT HADDOCK,GEORGE D. POTTER,GORDON REYNOLDS
ER1018,ROBERT HADDOCK,skipped,skipped
ER1019,GORDON REYNOLDS,GEORGE D. POTTER,ROBERT HADDOCK
ER1020,GEORGE D. POTTER,GORDON REYNOLDS,ROBERT HADDOCK
ER1021,ROBERT HADDOCK,GORDON REYNOLDS,GEORGE D. POTTER
ER1022,GORDON REYNOLDS,ROBERT HADDOCK,GEORGE D. POTTER
ER1023,GORDON REYNOLDS,ROBERT HADDOCK,skipped
ER1024,GEORGE D. POTTER,GORDON REYNOLDS,skipped
ER1025,GORDON REYNOLDS,GORDON REYNOLDS,GORDON REYNOLDS
ER1026,ROBERT HADDOCK,GORDON REYNOLDS,GEORGE D. POTTER
ER1027,GEORGE D. POTTER,ROBERT HADDOCK,GORDON REYNOLDS
ER1028,GEORGE D. POTTER,ROBERT HADDOCK,GORDON REYNOLDS
ER1029,GORDON REYNOLDS,skipped,skipped
ER1030,GORDON REYNOLDS,GEORGE D. POTTER,ROBERT HADDOCK
ER1031,GORDON REYNOLDS,ROBERT HADDOCK,GEORGE D. POTTER
ER1032,GEORGE D. POTTER,ROBERT HADDOCK,GORDON REYNOLDS
ER1033,ROBERT HADDOCK,GEORGE D. POTTER,skipped
ER1034,ROBERT HADDOCK,GORDON REYNOLDS,GEORGE D. POTTER
ER1035,ROBERT HADDOCK,GEORGE D. POTTER,GORDON REYNOLDS
ER1036,GEORGE D. POTTER,GORDON REYNOLDS,ROBERT HADDOCK
ER1037,ROBERT HADDOCK,GEORGE D. POTTER,GORDON REYNOLDS
ER1038,GEORGE D. POTTER,ROBERT HADDOCK,GORDON REYNOLDS
ER1039,GORDON REYNOLDS,GEORGE D. POTTER,skipped
ER1040,ROBERT HADDOCK,GORDON REYNOLDS,GEORGE D. POTTER
ER1041,ROBERT HADDOCK,GEORGE D. POTTER,skipped
ER1042,ROBERT HADDOCK,GORDON REYNOLDS,GEORGE D. POTTER
ER1043,ROBERT HADDOCK,GORDON REYNOLDS,GEORGE D. POTTER
ER1044,GEORGE D. POTTER,skipped,skipped
ER1045,ROBERT HADDOCK,GORDON REYNOLDS,GEORGE D. POTTER
ER1046,ROBERT HADDOCK,GORDON REYNOLDS,GEORGE D. POTTER
ER1047,GORDON REYNOLDS,ROBERT HADDOCK,GEORGE D. POTTER
ER1048,ROBERT HADDOCK,GORDON REYNOLDS,GEORGE D. POTTER
ER1049,GEORGE D. POTTER,skipped,skipped
ER1050,GORDON REYNOLDS,ROBERT HADDOCK,GEORGE D. POTTER
ER1051,ROBERT HADDOCK,GORDON REYNOLDS,GEORGE D. POTTER
ER1052,GORDON REYNOLDS,ROBERT HADDOCK,GEORGE D. POTTER
ER1053,ROBERT HADDOCK,ROBERT HADDOCK,ROBERT HADDOCK
ER1054,ROBERT HADDOCK,GORDON REYNOLDS,GEORGE D. POTTER
ER1055,GEORGE D. POTTER,ROBERT HADDOCK,GORDON REYNOLDS
ER1056,GORDON REYNOLDS,GEORGE D. POTTER,ROBERT HADDOCK
ER1057,GORDON REYNOLDS,ROBERT HADDOCK,GEORGE D. POTTER
ER1058,ROBERT HADDOCK,GORDON REYNOLDS,GEORGE D. POTTER
ER1059,GORDON REYNOLDS,GEORGE D. POTTER,ROBERT HADDOCK
ER1060,ROBERT HADDOCK,GORDON REYNOLDS,GEORGE D. POTTER
ER1061,GORDON REYNOLDS,ROBERT HADDOCK,GEORGE D. POTTER
ER1062,ROBERT HADDOCK,GEORGE D. POTTER,GORDON REYNOLDS
ER1063,GORDON REYNOLDS,ROBERT HADDOCK,GEORGE D. POTTER
ER1064,ROBERT HADDOCK,GEORGE D. POTTER,GORDON REYNOLDS
ER1065,GORDON REYNOLDS,ROBERT HADDOCK,skipped
ER1066,GORDON REYNOLDS,ROBERT HADDOCK,GEORGE D. POTTER
ER1067,ROBERT HADDOCK,GEORGE D. POTTER,GORDON REYNOLDS
ER1068,GEORGE D. POTTER,ROBERT HADDOCK,GORDON REYNOLDS
ER1069,ROBERT HADDOCK,GEORGE D. POTTER,GORDON REYNOLDS
ER1070,GORDON REYNOLDS,ROBERT HADDOCK,GEORGE D. POTTER
ER1071,ROBERT HADDOCK,GEORGE D. POTTER,GORDON REYNOLDS
ER1072,ROBERT HADDOCK,GORDON REYNOLDS,GEORGE D. POTTER
ER1073,ROBERT HADDOCK,GEORGE D. POTTER,GORDON REYNOLDS
ER1074,GORDON REYNOLDS,ROBERT HADDOCK,GEORGE D. POTTER
ER1075,GORDON REYNOLDS,ROBERT HADDOCK,GEORGE D. POTTER
ER1076,ROBERT HADDOCK,GEORGE D. POTTER,GORDON REYNOLDS
ER1077,GEORGE D. POTTER,skipped,skipped
ER1078,GORDON REYNOLDS,ROBERT HADDOCK,GEORGE D. POTTER
ER1079,GORDON REYNOLDS,skipped,skipped
ER1080,GORDON REYNOLDS,skipped,skipped
ER1081,GORDON REYNOLDS,ROBERT HADDOCK,GEORGE D. POTTER
ER1082,GORDON REYNOLDS,ROBERT HADDOCK,GEORGE D. POTTER
ER1083,GORDON REYNOLDS,ROBERT HADDOCK,skipped
ER1084,ROBERT HADDOCK,GEORGE D. POTTER,GORDON REYNOLDS
ER1085,ROBERT HADDOCK,GEORGE D. POTTER,GORDON REYNOLDS
ER1086,GORDON REYNOLDS,ROBERT HADDOCK,GEORGE D. POTTER
ER1087,ROBERT HADDOCK,GEORGE D. POTTER,GORDON REYNOLDS
ER1088,GORDON REYNOLDS,ROBERT HADDOCK,GEORGE D. POTTER
ER1089,ROBERT HADDOCK,GEORGE D. POTTER,GORDON REYNOLDS
ER1090,ROBERT HADDOCK,GORDON REYNOLDS,GEORGE D. POTTER
ER1091,ROBERT HADDOCK,GEORGE D. POTTER,skipped
ER1092,GORDON REYNOLDS,skipped,skipped
ER1093,GORDON REYNOLDS,ROBERT HADDOCK,GEORGE D. POTTER
ER1094,GORDON REYNOLDS,ROBERT HADDOCK,GEORGE D. POTTER
ER1095,ROBERT HADDOCK,GORDON REYNOLDS,skipped
ER1096,GORDON REYNOLDS,skipped,skipped
ER1097,ROBERT HADDOCK,GORDON REYNOLDS,GEORGE D. POTTER
ER1098,GEORGE D. POTTER,ROBERT HADDOCK,GORDON REYNOLDS
ER1099,GORDON REYNOLDS,GEORGE D. POTTER,ROBERT HADDOCK
ER1100,ROBERT HADDOCK,GEORGE D. POTTER,GORDON REYNOLDS
ER1101,GORDON REYNOLDS,skipped,skipped
ER1102,ROBERT HADDOCK,GEORGE D. POTTER,GORDON REYNOLDS
ER1103,GEORGE D. POTTER,ROBERT HADDOCK,GORDON REYNOLDS
ER1104,ROBERT HADDOCK,GORDON REYNOLDS,GEORGE D. POTTER
ER1105,GORDON REYNOLDS,GEORGE D. POTTER,ROBERT HADDOCK
ER1106,ROBERT HADDOCK,GEORGE D. POTTER,GORDON REYNOLDS
ER1107,ROBERT HADDOCK,GEORGE D. POTTER,GORDON REYNOLDS
ER1108,ROBERT HADDOCK,GEORGE D. POTTER,GORDON REYNOLDS
ER1109,GORDON REYNOLDS,GEORGE D. POTTER,ROBERT HADDOCK
ER1110,GORDON REYNOLDS,ROBERT HADDOCK,GEORGE D. POTTER
ER1111,ROBERT HADDOCK,GEORGE D. POTTER,GORDON REYNOLDS
ER1112,GORDON REYNOLDS,ROBERT HADDOCK,GEORGE D. POTTER
ER1113,ROBERT HADDOCK,GEORGE D. POTTER,GORDON REYNOLDS
ER1114,GORDON REYNOLDS,ROBERT HADDOCK,skipped
ER1115,GEORGE D. POTTER,GORDON REYNOLDS,ROBERT HADDOCK
ER1116,ROBERT HADDOCK,GEORGE D. POTTER,GORDON REYNOLDS
ER1117,ROBERT HADDOCK,GORDON REYNOLDS,GEORGE D. POTTER
ER1118,ROBERT HADDOCK,GEORGE D. POTTER,GORDON REYNOLDS
ER1119,ROBERT HADDOCK,GEORGE D. POTTER,GORDON REYNOLDS
ER1120,GEORGE D. POTTER,ROBERT HADDOCK,GORDON REYNOLDS
ER1121,ROBERT HADDOCK,GORDON REYNOLDS,GEORGE D. POTTER
ER1122,ROBERT HADDOCK,GEORGE D. POTTER,GORDON REYNOLDS
ER1123,GORDON REYNOLDS,skipped,skipped
ER1124,GORDON REYNOLDS,ROBERT HADDOCK,GEORGE D. POTTER
ER1125,GEORGE D. POTTER,ROBERT HADDOCK,GORDON REYNOLDS
ER1126,GORDON REYNOLDS,skipped,skipped
ER1127,ROBERT HADDOCK,ROBERT HADDOCK,ROBERT HADDOCK
ER1128,GEORGE D. POTTER,ROBERT HADDOCK,GORDON REYNOLDS
ER1129,GORDON REYNOLDS,ROBERT HADDOCK,GEORGE D. POTTER
ER1130,GORDON REYNOLDS,GEORGE D. POTTER,ROBERT HADDOCK
ER1131,GORDON REYNOLDS,ROBERT HADDOCK,GEORGE D. POTTER
ER1132,ROBERT HADDOCK,GEORGE D. POTTER,GORDON REYNOLDS
ER1133,GEORGE D. POTTER,ROBERT HADDOCK,GORDON REYNOLDS
ER1134,GORDON REYNOLDS,ROBERT HADDOCK,skipped
ER1135,GEORGE D. POTTER,ROBERT HADDOCK,GORDON REYNOLDS
ER1136,GORDON REYNOLDS,skipped,skipped
ER1137,ROBERT HADDOCK,GORDON REYNOLDS,GEORGE D. POTTER
ER1138,GORDON REYNOLDS,ROBERT HADDOCK,GEORGE D. POTTER
ER1139,ROBERT HADDOCK,GEORGE D. POTTER,GORDON REYNOLDS
ER1140,ROBERT HADDOCK,ROBERT HADDOCK,ROBERT HADDOCK
ER1141,GORDON REYNOLDS,ROBERT HADDOCK,skipped
ER1142,GORDON REYNOLDS,skipped,skipped
ER1143,ROBERT HADDOCK,GORDON REYNOLDS,GEORGE D. POTTER
ER1144,ROBERT HADDOCK,GEORGE D. POTTER,GORDON REYNOLDS
ER1145,GORDON REYNOLDS,ROBERT HADDOCK,GEORGE D. POTTER
ER1146,GEORGE D. POTTER,ROBERT HADDOCK,GORDON REYNOLDS
ER1147,GEORGE D. POTTER,ROBERT HADDOCK,GORDON REYNOLDS
ER1148,ROBERT HADDOCK,GEORGE D. POTTER,GORDON REYNOLDS
ER1149,GEORGE D. POTTER,ROBERT HADDOCK,skipped
ER1150,ROBERT HADDOCK,GORDON REYNOLDS,GEORGE D. POTTER
ER1151,ROBERT HADDOCK,GEORGE D. POTTER,GORDON REYNOLDS
ER1152,ROBERT HADDOCK,skipped,skipped
ER1153,GEORGE D. POTTER,ROBERT HADDOCK,GORDON REYNOLDS
ER1154,ROBERT HADDOCK,GORDON REYNOLDS,GEORGE D. POTTER
ER1155,ROBERT HADDOCK,GORDON REYNOLDS,GEORGE D. POTTER
ER1156,GORDON REYNOLDS,ROBERT HADDOCK,GEORGE D. POTTER
ER1157,GORDON REYNOLDS,ROBERT HADDOCK,GEORGE D. POTTER
ER1158,ROBERT HADDOCK,GEORGE D. POTTER,GORDON REYNOLDS
ER1159,GEORGE D. POTTER,GORDON REYNOLDS,ROBERT HADDOCK
ER1160,ROBERT HADDOCK,GEORGE D. POTTER,GORDON REYNOLDS
ER1161,ROBERT HADDOCK,GORDON REYNOLDS,GEORGE D. POTTER
ER1162,GORDON REYNOLDS,GEORGE D. POTTER,ROBERT HADDOCK
ER1163,ROBERT HADDOCK,skipped,skipped
ER1164,ROBERT HADDOCK,GORDON REYNOLDS,GEORGE D. POTTER
ER1165,ROBERT HADDOCK,GEORGE D. POTTER,GORDON REYNOLDS
ER1166,ROBERT HADDOCK,GEORGE D. POTTER,GORDON REYNOLDS
ER1167,GORDON REYNOLDS,ROBERT HADDOCK,GEORGE D. POTTER
ER1168,ROBERT HADDOCK,ROBERT HADDOCK,ROBERT HADDOCK
ER1169,GEORGE D. POTTER,ROBERT HADDOCK,GORDON REYNOLDS
ER1170,ROBERT HADDOCK,skipped,skipped
ER1171,ROBERT HADDOCK,ROBERT HADDOCK,ROBERT HADDOCK
ER1172,ROBERT HADDOCK,GORDON REYNOLDS,GEORGE D. POTTER
ER1173,ROBERT HADDOCK,skipped,skipped
ER1174,GEORGE D. POTTER,GORDON REYNOLDS,ROBERT HADDOCK
ER1175,ROBERT HADDOCK,GORDON REYNOLDS,GEORGE D. POTTER
ER1176,GEORGE D. POTTER,GORDON REYNOLDS,ROBERT HADDOCK
ER1177,ROBERT HADDOCK,GORDON REYNOLDS,GEORGE D. POTTER
ER1178,GORDON REYNOLDS,skipped,skipped
ER1179,ROBERT HADDOCK,GORDON REYNOLDS,GEORGE D. POTTER
ER1180,ROBERT HADDOCK,GEORGE D. POTTER,GORDON REYNOLDS
ER1181,GORDON REYNOLDS,ROBERT HADDOCK,GEORGE D. POTTER
ER1182,GORDON REYNOLDS,ROBERT HADDOCK,GEORGE D. POTTER
ER1183,ROBERT HADDOCK,GEORGE D. POTTER,GORDON REYNOLDS
ER1184,GORDON REYNOLDS,GEORGE D. POTTER,ROBERT HADDOCK
ER1185,ROBERT HADDOCK,GORDON REYNOLDS,GEORGE D. POTTER
ER1186,GORDON REYNOLDS,GORDON REYNOLDS,GORDON REYNOLDS
ER1187,ROBERT HADDOCK,ROBERT HADDOCK,ROBERT HADDOCK
ER1188,GORDON REYNOLDS,ROBERT HADDOCK,GEORGE D. POTTER
ER1189,GORDON REYNOLDS,ROBERT HADDOCK,GEORGE D. POTTER
ER1190,GORDON REYNOLDS,GEORGE D. POTTER,ROBERT HADDOCK
ER1191,GORDON REYNOLDS,ROBERT HADDOCK,GEORGE D. POTTER
ER1192,GEORGE D. POTTER,GORDON REYNOLDS,ROBERT HADDOCK
ER1193,GORDON REYNOLDS,GEORGE D. POTTER,ROBERT HADDOCK
ER1194,ROBERT HADDOCK,GEORGE D. POTTER,ROBERT HADDOCK
ER1195,ROBERT HADDOCK,GEORGE D. POTTER,skipped
ER1196,GORDON REYNOLDS,ROBERT HADDOCK,GEORGE D. POTTER
ER1197,ROBERT HADDOCK,GORDON REYNOLDS,GEORGE D. POTTER
ER1198,ROBERT HADDOCK,GEORGE D. POTTER,GORDON REYNOLDS
ER1199,ROBERT HADDOCK,GEORGE D. POTTER,skipped
ER1200,GORDON REYNOLDS,GEORGE D. POTTER,ROBERT HADDOCK
ER1201,GEORGE D. POTTER,ROBERT HADDOCK,GORDON REYNOLDS
ER1202,GORDON REYNOLDS,ROBERT HADDOCK,GEORGE D. POTTER
ER1203,ROBERT HADDOCK,GEORGE D. POTTER,GORDON REYNOLDS
ER1204,GEORGE D. POTTER,ROBERT HADDOCK,skipped
ER1205,ROBERT HADDOCK,GEORGE D. POTTER,skipped
ER1206,ROBERT HADDOCK,GEORGE D. POTTER,GORDON REYNOLDS
ER1207,GEORGE D. POTTER,ROBERT HADDOCK,GORDON REYNOLDS
ER1208,ROBERT HADDOCK,GORDON REYNOLDS,GEORGE D. POTTER
ER1209,ROBERT HADDOCK,GORDON REYNOLDS,GEORGE D. POTTER
ER1210,ROBERT HADDOCK,GEORGE D. POTTER,skipped
ER1211,ROBERT HADDOCK,GEORGE D. POTTER,skipped
ER1212,ROBERT HADDOCK,GEORGE D. POTTER,GORDON REYNOLDS
ER1213,GORDON REYNOLDS,ROBERT HADDOCK,GEORGE D. POTTER
ER1214,GORDON REYNOLDS,skipped,skipped
ER1215,GEORGE D. POTTER,ROBERT HADDOCK,GORDON REYNOLDS
ER1216,ROBERT HADDOCK,GEORGE D. POTTER,skipped
ER1217,GEORGE D. POTTER,ROBERT HADDOCK,GORDON REYNOLDS
ER1218,GEORGE D. POTTER,ROBERT HADDOCK,GORDON REYNOLDS
ER1219,GORDON REYNOLDS,ROBERT HADDOCK,GEORGE D. POTTER
ER1220,ROBERT HADDOCK,GORDON REYNOLDS,GEORGE D. POTTER
ER1221,GORDON REYNOLDS,ROBERT HADDOCK,GEORGE D. POTTER
ER1222,ROBERT HADDOCK,GORDON REYNOLDS,GEORGE D. POTTER
ER1223,ROBERT HADDOCK,GEORGE D. POTTER,GORDON REYNOLDS
ER1224,GEORGE D. POTTER,ROBERT HADDOCK,GORDON REYNOLDS
ER1225,GORDON REYNOLDS,ROBERT HADDOCK,GEORGE D. POTTER
ER1226,ROBERT HADDOCK,GORDON REYNOLDS,GEORGE D. POTTER
ER1227,GEORGE D. POTTER,ROBERT HADDOCK,GORDON REYNOLDS
ER1228,GORDON REYNOLDS,ROBERT HADDOCK,skipped
ER1229,GEORGE D. POTTER,ROBERT HADDOCK,GORDON REYNOLDS
ER1230,ROBERT HADDOCK,GEORGE D. POTTER,GORDON REYNOLDS
ER1231,ROBERT HADDOCK,GEORGE D. POTTER,GORDON REYNOLDS
ER1232,GORDON REYNOLDS,ROBERT HADDOCK,GEORGE D. POTTER
ER1233,ROBERT HADDOCK,GEORGE D. POTTER,GORDON REYNOLDS
ER1234,GORDON REYNOLDS,ROBERT HADDOCK,GEORGE D. POTTER
ER1235,GEORGE D. POTTER,ROBERT HADDOCK,GORDON REYNOLDS
ER1236,GEORGE D. POTTER,GORDON REYNOLDS,ROBERT HADDOCK
ER1237,GORDON REYNOLDS,ROBERT HADDOCK,skipped
ER1238,GEORGE D. POTTER,GORDON REYNOLDS,ROBERT HADDOCK
ER1239,ROBERT HADDOCK,GEORGE D. POTTER,GORDON REYNOLDS
ER1240,GEORGE D. POTTER,ROBERT HADDOCK,GORDON REYNOLDS
ER1241,GEORGE D. POTTER,ROBERT HADDOCK,GORDON REYNOLDS
ER1242,ROBERT HADDOCK,GORDON REYNOLDS,GEORGE D. POTTER
ER1243,ROBERT HADDOCK,GEORGE D. POTTER,GORDON REYNOLDS
ER1244,GEORGE D. POTTER,ROBERT HADDOCK,GORDON REYNOLDS
ER1245,ROBERT HADDOCK,GORDON REYNOLDS,GEORGE D. POTTER
ER1246,GORDON REYNOLDS,ROBERT HADDOCK,GEORGE D. POTTER
ER1247,ROBERT HADDOCK,GORDON REYNOLDS,GEORGE D. POTTER
ER1248,ROBERT HADDOCK,GORDON REYNOLDS,GEORGE D. POTTER
ER1249,ROBERT HADDOCK,GEORGE D. POTTER,GORDON REYNOLDS
ER1250,GEORGE D. POTTER,GORDON REYNOLDS,ROBERT HADDOCK
ER1251,ROBERT HADDOCK,skipped,skipped
ER1252,ROBERT HADDOCK,GORDON REYNOLDS,GEORGE D. POTTER
ER1253,GEORGE D. POTTER,skipped,skipped
ER1254,ROBERT HADDOCK,GORDON REYNOLDS,GEORGE D. POTTER
ER1255,GORDON REYNOLDS,ROBERT HADDOCK,GEORGE D. POTTER
ER1256,ROBERT HADDOCK,GORDON REYNOLDS,GEORGE D. POTTER
ER1257,GORDON REYNOLDS,ROBERT HADDOCK,GEORGE D. POTTER
ER1258,ROBERT HADDOCK,GEORGE D. POTTER,GORDON REYNOLDS
ER1259,GORDON REYNOLDS,GEORGE D. POTTER,ROBERT HADDOCK
ER1260,GORDON REYNOLDS,skipped,skipped
ER1261,GORDON REYNOLDS,ROBERT HADDOCK,GEORGE D. POTTER
ER1262,GEORGE D. POTTER,GORDON REYNOLDS,ROBERT HADDOCK
ER1263,GEORGE D. POTTER,GORDON REYNOLDS,ROBERT HADDOCK
ER1264,GORDON REYNOLDS,skipped,skipped
ER1265,ROBERT HADDOCK,skipped,skipped
ER1266,GORDON REYNOLDS,ROBERT HADDOCK,skipped
ER1267,GORDON REYNOLDS,ROBERT HADDOCK,GEORGE D. POTTER
ER1268,GORDON REYNOLDS,ROBERT HADDOCK,GEORGE D. POTTER
ER1269,ROBERT HADDOCK,GEORGE D. POTTER,GORDON REYNOLDS
ER1270,GORDON REYNOLDS,ROBERT HADDOCK,GEORGE D. POTTER
ER1271,GORDON REYNOLDS,ROBERT HADDOCK,skipped
ER1272,GORDON REYNOLDS,skipped,skipped
ER1273,ROBERT HADDOCK,GEORGE D. POTTER,GORDON REYNOLDS
ER1274,GORDON REYNOLDS,ROBERT HADDOCK,GEORGE D. POTTER
ER1275,ROBERT HADDOCK,GORDON REYNOLDS,GEORGE D. POTTER
ER1276,GORDON REYNOLDS,ROBERT HADDOCK,GEORGE D. POTTER
ER1277,ROBERT HADDOCK,GEORGE D. POTTER,skipped
ER1278,ROBERT HADDOCK,GORDON REYNOLDS,GEORGE D. POTTER
ER1279,ROBERT HADDOCK,GEORGE D. POTTER,GORDON REYNOLDS
ER1280,GORDON REYNOLDS,skipped,skipped
ER1281,GORDON REYNOLDS,skipped,skipped
ER1282,GORDON REYNOLDS,ROBERT HADDOCK,GEORGE D. POTTER
ER1283,GORDON REYNOLDS,GEORGE D. POTTER,ROBERT HADDOCK
ER1284,ROBERT HADDOCK,GEORGE D. POTTER,GORDON REYNOLDS
ER1285,GORDON REYNOLDS,skipped,skipped
ER1286,GORDON REYNOLDS,ROBERT HADDOCK,GEORGE D. POTTER
ER1287,ROBERT HADDOCK,GEORGE D. POTTER,GORDON REYNOLDS
ER1288,ROBERT HADDOCK,GEORGE D. POTTER,GORDON REYNOLDS
ER1289,GORDON REYNOLDS,ROBERT HADDOCK,GEORGE D. POTTER
ER1290,ROBERT HADDOCK,GEORGE D. POTTER,GORDON REYNOLDS
ER1291,ROBERT HADDOCK,GEORGE D. POTTER,GORDON REYNOLDS
ER1292,GEORGE D. POTTER,GORDON REYNOLDS,ROBERT HADDOCK
ER1293,ROBERT HADDOCK,GEORGE D. POTTER,GORDON REYNOLDS
ER1294,ROBERT HADDOCK,GEORGE D. POTTER,GORDON REYNOLDS
ER1295,GORDON REYNOLDS,skipped,skipped
ER1296,ROBERT HADDOCK,GORDON REYNOLDS,GEORGE D. POTTER
ER1297,GORDON REYNOLDS,ROBERT HADDOCK,GEORGE D. POTTER
ER1298,GORDON REYNOLDS,skipped,skipped
ER1299,GORDON REYNOLDS,ROBERT HADDOCK,GEORGE D. POTTER
ER1300,GORDON REYNOLDS,ROBERT HADDOCK,GEORGE D. POTTER
ER1301,ROBERT HADDOCK,GORDON REYNOLDS,GEORGE D. POTTER
ER1302,GEORGE D. POTTER,skipped,skipped
ER1303,GORDON REYNOLDS,GEORGE D. POTTER,ROBERT HADDOCK
ER1304,GORDON REYNOLDS,GEORGE D. POTTER,ROBERT HADDOCK
ER1305,GORDON REYNOLDS,ROBERT HADDOCK,skipped
ER1306,GORDON REYNOLDS,GEORGE D. POTTER,ROBERT HADDOCK
ER1307,ROBERT HADDOCK,GEORGE D. POTTER,GORDON REYNOLDS
ER1308,ROBERT HADDOCK,GORDON REYNOLDS,GEORGE D. POTTER
ER1309,GORDON REYNOLDS,ROBERT HADDOCK,GEORGE D. POTTER
ER1310,ROBERT HADDOCK,GORDON REYNOLDS,skipped
ER1311,GORDON REYNOLDS,skipped,skipped
