Index,rank1,rank2,rank3
VI01,JULIE FULLMER,skipped,skipped
VI02,MARC BRIMHALL,JULIE FULLMER,MARIA GUADALUPE CANE
VI03,JULIE FULLMER,MARC BRIMHALL,MARIA GUADALUPE CANE
VI04,MARC BRIMHALL,MARIA GUADALUPE CANE,JULIE FULLMER
VI05,JULIE FULLMER,MARC BRIMHALL,MARIA GUADALUPE CANE
VI06,JULIE FULLMER,MARIA GUADALUPE CANE,MARC BRIMHALL
VI07,JULIE FULLMER,MARC BRIMHALL,skipped
VI08,JULIE FULLMER,skipped,skipped
VI09,JULIE FULLMER,MARIA GUADALUPE CANE,MARC BRIMHALL
VI10,JULIE FULLMER,MARIA GUADALUPE CANE,MARC BRIMHALL
VI11,JULIE FULLMER,MARIA GUADALUPE CANE,MARC BRIMHALL
VI12,MARC BRIMHALL,JULIE FULLMER,MARIA GUADALUPE CANE
VI13,JULIE FULLMER,MARC BRIMHALL,MARIA GUADALUPE CANE
VI14,JULIE FULLMER,MARC BRIMHALL,MARIA GUADALUPE CANE
VI15,JULIE FULLMER,skipped,skipped
VI16,MARC BRIMHALL,MARIA GUADALUPE CANE,JULIE FULLMER
VI17,JULIE FULLMER,MARC BRIMHALL,MARIA GUADALUPE CANE
VI18,JULIE FULLMER,MARIA GUADALUPE CANE,MARC BRIMHALL
VI19,JULIE FULLMER,MARIA GUADALUPE CANE,MARC BRIMHALL
VI20,JULIE FULLMER,MARIA GUADALUPE CANE,MARC BRIMHALL
VI21,JULIE FULLMER,MARIA GUADALUPE CANE,MARC BRIMHALL
VI22,JULIE FULLMER,skipped,skipped
VI23,JULIE FULLMER,MARC BRIMHALL,MARIA GUADALUPE CANE
VI24,JULIE FULLMER,MARC BRIMHALL,MARIA GUADALUPE CANE
VI25,MARIA GUADALUPE CANE,JULIE FULLMER,MARC BRIMHALL
VI26,JULIE FULLMER,MARC BRIMHALL,MARIA GUADALUPE CANE
VI27,JULIE FULLMER,MARC BRIMHALL,MARIA GUADALUPE CANE
VI28,JULIE FULLMER,MARIA GUADALUPE CANE,MARC BRIMHALL
VI29,JULIE FULLMER,MARIA GUADALUPE CANE,MARC BRIMHALL
VI30,JULIE FULLMER,MARC BRIMHALL,MARIA GUADALUPE CANE
VI31,JULIE FULLMER,MARC BRIMHALL,MARIA GUADALUPE CANE
VI32,JULIE FULLMER,MARIA GUADALUPE CANE,MARC BRIMHALL
VI33,JULIE FULLMER,MARIA GUADALUPE CANE,MARC BRIMHALL
VI34,JULIE FULLMER,skipped,skipped
VI35,JULIE FULLMER,MARC BRIMHALL,MARIA GUADALUPE CANE
VI36,MARC BRIMHALL,MARIA GUADALUPE CANE,JULIE FULLMER
VI37,JULIE FULLMER,skipped,skipped
VI38,JULIE FULLMER,MARC BRIMHALL,MARIA GUADALUPE CANE
VI39,JULIE FULLMER,MARC BRIMHALL,MARIA GUADALUPE CANE
VI40,JULIE FULLMER,MARIA GUADALUPE CANE,MARC BRIMHALL
VI41,MARIA GUADALUPE CANE,MARC BRIMHALL,JULIE FULLMER
VI42,JULIE FULLMER,MARIA GUADALUPE CANE,MARC BRIMHALL
VI43,JULIE FULLMER,skipped,skipped
VI44,JULIE FULLMER,MARIA GUADALUPE CANE,MARC BRIMHALL
VI45,JULIE FULLMER,MARC BRIMHALL,MARIA GUADALUPE CANE
VI46,JULIE FULLMER,MARC BRIMHALL,MARIA GUADALUPE CANE
VI47,JULIE FULLMER,MARC BRIMHALL,MARIA GUADALUPE CANE
VI48,JULIE FULLMER,MARC BRIMHALL,skipped
VI49,MARIA GUADALUPE CANE,MARC BRIMHALL,JULIE FULLMER
VI50,JULIE FULLMER,MARC BRIMHALL,skipped
VI51,JULIE FULLMER,MARIA GUADALUPE CANE,MARC BRIMHALL
VI52,JULIE FULLMER,MARC BRIMHALL,skipped
VI53,JULIE FULLMER,MARC BRIMHALL,skipped
VI54,JULIE FULLMER,MARIA GUADALUPE CANE,MARC BRIMHALL
VI55,JULIE FULLMER,MARC BRIMHALL,MARIA GUADALUPE CANE
VI56,JULIE FULLMER,MARC BRIMHALL,MARIA GUADALUPE CANE
VI57,JULIE FULLMER,MARIA GUADALUPE CANE,MARC BRIMHALL
VI58,JULIE FULLMER,MARC BRIMHALL,MARIA GUADALUPE CANE
VI59,JULIE FULLMER,MARIA GUADALUPE CANE,MARC BRIMHALL
VI60,JULIE FULLMER,skipped,skipped
VI61,JULIE FULLMER,MARC BRIMHALL,MARIA GUADALUPE CANE
VI62,MARIA GUADALUPE CANE,skipped,skipped
VI63,JULIE FULLMER,MARC BRIMHALL,MARIA GUADALUPE CANE
VI64,JULIE FULLMER,skipped,skipped
VI65,MARC BRIMHALL,JULIE FULLMER,MARIA GUADALUPE CANE
VI66,JULIE FULLMER,MARC BRIMHALL,MARIA GUADALUPE CANE
VI67,MARIA GUADALUPE CANE,skipped,skipped
VI68,JULIE FULLMER,MARC BRIMHALL,MARIA GUADALUPE CANE
VI69,JULIE FULLMER,MARC BRIMHALL,MARIA GUADALUPE CANE
VI70,JULIE FULLMER,MARIA GUADALUPE CANE,MARC BRIMHALL
VI71,JULIE FULLMER,MARC BRIMHALL,skipped
VI72,MARC BRIMHALL,JULIE FULLMER,MARIA GUADALUPE CANE
VI73,JULIE FULLMER,MARC BRIMHALL,MARIA GUADALUPE CANE
VI74,JULIE FULLMER,MARC BRIMHALL,MARIA GUADALUPE CANE
VI75,JULIE FULLMER,MARIA GUADALUPE CANE,MARC BRIMHALL
VI76,JULIE FULLMER,MARC BRIMHALL,MARIA GUADALUPE CANE
VI77,JULIE FULLMER,MARIA GUADALUPE CANE,MARC BRIMHALL
VI78,JULIE FULLMER,MARC BRIMHALL,MARIA GUADALUPE CANE
VI79,JULIE FULLMER,MARIA GUADALUPE CANE,MARC BRIMHALL
VI80,JULIE FULLMER,MARC BRIMHALL,MARIA GUADALUPE CANE
VI81,JULIE FULLMER,MARIA GUADALUPE CANE,MARC BRIMHALL
VI82,JULIE FULLMER,MARC BRIMHALL,MARIA GUADALUPE CANE
VI83,JULIE FULLMER,MARIA GUADALUPE CANE,MARC BRIMHALL
VI84,JULIE FULLMER,MARC BRIMHALL,MARIA GUADALUPE CANE
VI85,JULIE FULLMER,MARC BRIMHALL,MARIA GUADALUPE CANE
VI86,MARC BRIMHALL,JULIE FULLMER,MARIA GUADALUPE CANE
VI87,JULIE FULLMER,MARIA GUADALUPE CANE,MARIA GUADALUPE CANE
VI88,JULIE FULLMER,MARIA GUADALUPE CANE,MARC BRIMHALL
VI89,JULIE FULLMER,MARIA GUADALUPE CANE,MARC BRIMHALL
VI90,JULIE FULLMER,skipped,skipped
VI91,JULIE FULLMER,skipped,skipped
VI92,MARC BRIMHALL,JULIE FULLMER,MARIA GUADALUPE CANE
VI93,MARIA GUADALUPE CANE,MARC BRIMHALL,JULIE FULLMER
VI94,JULIE FULLMER,MARIA GUADALUPE CANE,MARC BRIMHALL
VI95,JULIE FULLMER,MARC BRIMHALL,MARIA GUADALUPE CANE
VI96,MARC BRIMHALL,JULIE FULLMER,MARIA GUADALUPE CANE
VI97,MARC BRIMHALL,MARIA GUADALUPE CANE,JULIE FULLMER
VI98,JULIE FULLMER,MARIA GUADALUPE CANE,MARC BRIMHALL
VI99,JULIE FULLMER,MARC BRIMHALL,MARIA GUADALUPE CANE
VI100,JULIE FULLMER,MARIA GUADALUPE CANE,MARC BRIMHALL
VI101,JULIE FULLMER,MARC BRIMHALL,MARIA GUADALUPE CANE
VI102,JULIE FULLMER,MARC BRIMHALL,MARIA GUADALUPE CANE
VI103,JULIE FULLMER,MARIA GUADALUPE CANE,MARC BRIMHALL
VI104,JULIE FULLMER,MARC BRIMHALL,MARIA GUADALUPE CANE
VI105,JULIE FULLMER,MARC BRIMHALL,MARIA GUADALUPE CANE
VI106,JULIE FULLMER,MARC BRIMHALL,MARIA GUADALUPE CANE
VI107,JULIE FULLMER,MARC BRIMHALL,MARIA GUADALUPE CANE
VI108,JULIE FULLMER,skipped,skipped
VI109,JULIE FULLMER,MARIA GUADALUPE CANE,MARC BRIMHALL
VI110,JULIE FULLMER,MARC BRIMHALL,MARIA GUADALUPE CANE
VI111,JULIE FULLMER,skipped,skipped
VI112,JULIE FULLMER,MARC BRIMHALL,MARIA GUADALUPE CANE
VI113,JULIE FULLMER,MARIA GUADALUPE CANE,MARC BRIMHALL
VI114,JULIE FULLMER,MARIA GUADALUPE CANE,MARC BRIMHALL
VI115,JULIE FULLMER,skipped,skipped
VI116,JULIE FULLMER,MARC BRIMHALL,MARIA GUADALUPE CANE
VI117,JULIE FULLMER,MARC BRIMHALL,MARIA GUADALUPE CANE
VI118,JULIE FULLMER,MARIA GUADALUPE CANE,MARC BRIMHALL
VI119,JULIE FULLMER,MARIA GUADALUPE CANE,MARC BRIMHALL
VI120,JULIE FULLMER,MARC BRIMHALL,MARIA GUADALUPE CANE
VI121,JULIE FULLMER,skipped,skipped
VI122,JULIE FULLMER,MARIA GUADALUPE CANE,MARC BRIMHALL
VI123,MARIA GUADALUPE CANE,JULIE FULLMER,MARC BRIMHALL
VI124,JULIE FULLMER,MARIA GUADALUPE CANE,MARC BRIMHALL
VI125,JULIE FULLMER,MARIA GUADALUPE CANE,MARC BRIMHALL
VI126,JULIE FULLMER,MARC BRIMHALL,MARIA GUADALUPE CANE
VI127,JULIE FULLMER,MARC BRIMHALL,MARIA GUADALUPE CANE
VI128,JULIE FULLMER,MARC BRIMHALL,MARIA GUADALUPE CANE
VI129,JULIE FULLMER,skipped,skipped
VI130,JULIE FULLMER,MARC BRIMHALL,MARIA GUADALUPE CANE
VI131,JULIE FULLMER,MARC BRIMHALL,MARIA GUADALUPE CANE
VI132,MARC BRIMHALL,MARIA GUADALUPE CANE,JULIE FULLMER
VI133,JULIE FULLMER,MARC BRIMHALL,skipped
VI134,JULIE FULLMER,MARIA GUADALUPE CANE,MARC BRIMHALL
VI135,JULIE FULLMER,MARC BRIMHALL,MARIA GUADALUPE CANE
VI136,JULIE FULLMER,MARC BRIMHALL,MARIA GUADALUPE CANE
VI137,MARC BRIMHALL,MARIA GUADALUPE CANE,skipped
VI138,JULIE FULLMER,MARIA GUADALUPE CANE,MARC BRIMHALL
VI139,JULIE FULLMER,MARC BRIMHALL,MARIA GUADALUPE CANE
VI140,MARC BRIMHALL,MARIA GUADALUPE CANE,JULIE FULLMER
VI141,MARC BRIMHALL,JULIE FULLMER,MARIA GUADALUPE CANE
VI142,JULIE FULLMER,MARC BRIMHALL,MARIA GUADALUPE CANE
VI143,JULIE FULLMER,MARIA GUADALUPE CANE,MARC BRIMHALL
VI144,JULIE FULLMER,MARC BRIMHALL,MARIA GUADALUPE CANE
VI145,JULIE FULLMER,MARIA GUADALUPE CANE,MARC BRIMHALL
VI146,JULIE FULLMER,MARC BRIMHALL,MARIA GUADALUPE CANE
VI147,JULIE FULLMER,skipped,skipped
VI148,JULIE FULLMER,MARC BRIMHALL,MARIA GUADALUPE CANE
VI149,JULIE FULLMER,skipped,skipped
VI150,JULIE FULLMER,MARC BRIMHALL,MARIA GUADALUPE CANE
VI151,JULIE FULLMER,skipped,skipped
VI152,JULIE FULLMER,MARC BRIMHALL,MARIA GUADALUPE CANE
VI153,JULIE FULLMER,MARIA GUADALUPE CANE,MARC BRIMHALL
VI154,JULIE FULLMER,MARIA GUADALUPE CANE,MARC BRIMHALL
VI155,MARC BRIMHALL,JULIE FULLMER,MARIA GUADALUPE CANE
VI156,JULIE FULLMER,MARC BRIMHALL,skipped
VI157,MARC BRIMHALL,JULIE FULLMER,MARIA GUADALUPE CANE
VI158,MARC BRIMHALL,JULIE FULLMER,MARIA GUADALUPE CANE
VI159,JULIE FULLMER,MARC BRIMHALL,MARIA GUADALUPE CANE
VI160,MARIA GUADALUPE CANE,MARC BRIMHALL,JULIE FULLMER
VI161,JULIE FULLMER,MARIA GUADALUPE CANE,MARC BRIMHALL
VI162,JULIE FULLMER,MARC BRIMHALL,MARIA GUADALUPE CANE
VI163,JULIE FULLMER,MARIA GUADALUPE CANE,MARC BRIMHALL
VI164,JULIE FULLMER,MARC BRIMHALL,MARIA GUADALUPE CANE
VI165,JULIE FULLMER,MARC BRIMHALL,MARIA GUADALUPE CANE
VI166,JULIE FULLMER,MARIA GUADALUPE CANE,MARC BRIMHALL
VI167,JULIE FULLMER,MARC BRIMHALL,MARIA GUADALUPE CANE
VI168,JULIE FULLMER,MARC BRIMHALL,MARIA GUADALUPE CANE
VI169,JULIE FULLMER,MARC BRIMHALL,MARIA GUADALUPE CANE
VI170,JULIE FULLMER,MARC BRIMHALL,MARIA GUADALUPE CANE
VI171,JULIE FULLMER,MARIA GUADALUPE CANE,MARC BRIMHALL
VI172,JULIE FULLMER,skipped,skipped
VI173,JULIE FULLMER,MARC BRIMHALL,MARIA GUADALUPE CANE
VI174,JULIE FULLMER,skipped,skipped
VI175,JULIE FULLMER,MARC BRIMHALL,MARIA GUADALUPE CANE
VI176,JULIE FULLMER,skipped,skipped
VI177,JULIE FULLMER,MARC BRIMHALL,MARIA GUADALUPE CANE
VI178,MARC BRIMHALL,JULIE FULLMER,MARIA GUADALUPE CANE
VI179,MARC BRIMHALL,MARIA GUADALUPE CANE,skipped
VI180,JULIE FULLMER,MARC BRIMHALL,MARIA GUADALUPE CANE
VI181,JULIE FULLMER,MARC BRIMHALL,MARIA GUADALUPE CANE
VI182,MARC BRIMHALL,JULIE FULLMER,MARIA GUADALUPE CANE
VI183,JULIE FULLMER,MARC BRIMHALL,MARIA GUADALUPE CANE
VI184,JULIE FULLMER,JULIE FULLMER,JULIE FULLMER
VI185,JULIE FULLMER,MARC BRIMHALL,MARIA GUADALUPE CANE
VI186,JULIE FULLMER,MARC BRIMHALL,MARIA GUADALUPE CANE
VI187,JULIE FULLMER,MARC BRIMHALL,MARIA GUADALUPE CANE
VI188,JULIE FULLMER,skipped,skipped
VI189,JULIE FULLMER,MARC BRIMHALL,MARIA GUADALUPE CANE
VI190,MARIA GUADALUPE CANE,JULIE FULLMER,MARC BRIMHALL
VI191,JULIE FULLMER,MARIA GUADALUPE CANE,MARC BRIMHALL
VI192,JULIE FULLMER,MARC BRIMHALL,MARIA GUADALUPE CANE
VI193,JULIE FULLMER,skipped,skipped
VI194,JULIE FULLMER,MARC BRIMHALL,MARIA GUADALUPE CANE
VI195,JULIE FULLMER,skipped,skipped
VI196,JULIE FULLMER,MARC BRIMHALL,MARIA GUADALUPE CANE
VI197,JULIE FULLMER,skipped,skipped
VI198,JULIE FULLMER,JULIE FULLMER,JULIE FULLMER
VI199,JULIE FULLMER,MARC BRIMHALL,MARIA GUADALUPE CANE
VI200,JULIE FULLMER,MARC BRIMHALL,MARIA GUADALUPE CANE
VI201,JULIE FULLMER,skipped,skipped
VI202,MARIA GUADALUPE CANE,MARC BRIMHALL,JULIE FULLMER
VI203,JULIE FULLMER,MARC BRIMHALL,MARIA GUADALUPE CANE
VI204,MARC BRIMHALL,MARIA GUADALUPE CANE,JULIE FULLMER
VI205,JULIE FULLMER,skipped,skipped
VI206,JULIE FULLMER,MARC BRIMHALL,MARIA GUADALUPE CANE
VI207,JULIE FULLMER,MARC BRIMHALL,MARIA GUADALUPE CANE
VI208,JULIE FULLMER,MARIA GUADALUPE CANE,MARC BRIMHALL
VI209,JULIE FULLMER,MARC BRIMHALL,MARIA GUADALUPE CANE
VI210,JULIE FULLMER,MARIA GUADALUPE CANE,MARC BRIMHALL
VI211,JULIE FULLMER,MARC BRIMHALL,MARIA GUADALUPE CANE
VI212,JULIE FULLMER,MARC BRIMHALL,MARIA GUADALUPE CANE
VI213,JULIE FULLMER,MARC BRIMHALL,skipped
VI214,JULIE FULLMER,MARC BRIMHALL,MARIA GUADALUPE CANE
VI215,JULIE FULLMER,skipped,skipped
VI216,JULIE FULLMER,MARIA GUADALUPE CANE,MARC BRIMHALL
VI217,JULIE FULLMER,MARC BRIMHALL,MARIA GUADALUPE CANE
VI218,JULIE FULLMER,JULIE FULLMER,JULIE FULLMER
VI219,JULIE FULLMER,skipped,skipped
VI220,JULIE FULLMER,MARC BRIMHALL,MARIA GUADALUPE CANE
VI221,JULIE FULLMER,MARC BRIMHALL,MARIA GUADALUPE CANE
VI222,JULIE FULLMER,MARC BRIMHALL,MARIA GUADALUPE CANE
VI223,JULIE FULLMER,MARC BRIMHALL,MARIA GUADALUPE CANE
VI224,JULIE FULLMER,MARC BRIMHALL,MARIA GUADALUPE CANE
VI225,JULIE FULLMER,MARC BRIMHALL,MARIA GUADALUPE CANE
VI226,JULIE FULLMER,skipped,skipped
VI227,JULIE FULLMER,skipped,skipped
VI228,overvote,MARC BRIMHALL,skipped
VI229,JULIE FULLMER,MARC BRIMHALL,MARIA GUADALUPE CANE
VI230,JULIE FULLMER,MARC BRIMHALL,MARIA GUADALUPE CANE
VI231,JULIE FULLMER,skipped,skipped
VI232,JULIE FULLMER,MARC BRIMHALL,skipped
VI233,MARC BRIMHALL,JULIE FULLMER,MARIA GUADALUPE CANE
VI234,JULIE FULLMER,skipped,skipped
VI235,JULIE FULLMER,MARIA GUADALUPE CANE,MARC BRIMHALL
VI236,JULIE FULLMER,MARC BRIMHALL,MARIA GUADALUPE CANE
VI237,JULIE FULLMER,MARIA GUADALUPE CANE,MARC BRIMHALL
VI238,JULIE FULLMER,MARC BRIMHALL,skipped
VI239,JULIE FULLMER,MARC BRIMHALL,MARIA GUADALUPE CANE
VI240,JULIE FULLMER,skipped,skipped
VI241,JULIE FULLMER,skipped,skipped
VI242,JULIE FULLMER,skipped,skipped
VI243,JULIE FULLMER,MARC BRIMHALL,MARIA GUADALUPE CANE
VI244,JULIE FULLMER,MARC BRIMHALL,MARIA GUADALUPE CANE
VI245,JULIE FULLMER,skipped,skipped
VI246,JULIE FULLMER,MARC BRIMHALL,MARIA GUADALUPE CANE
VI247,JULIE FULLMER,MARC BRIMHALL,MARIA GUADALUPE CANE
VI248,JULIE FULLMER,MARC BRIMHALL,MARIA GUADALUPE CANE
VI249,JULIE FULLMER,MARC BRIMHALL,MARIA GUADALUPE CANE
VI250,JULIE FULLMER,MARC BRIMHALL,MARIA GUADALUPE CANE
VI251,JULIE FULLMER,JULIE FULLMER,JULIE FULLMER
VI252,JULIE FULLMER,MARC BRIMHALL,MARIA GUADALUPE CANE
VI253,MARIA GUADALUPE CANE,JULIE FULLMER,MARC BRIMHALL
VI254,JULIE FULLMER,MARC BRIMHALL,MARIA GUADALUPE CANE
VI255,JULIE FULLMER,MARC BRIMHALL,MARIA GUADALUPE CANE
VI256,MARIA GUADALUPE CANE,JULIE FULLMER,MARC BRIMHALL
VI257,JULIE FULLMER,MARC BRIMHALL,MARIA GUADALUPE CANE
VI258,MARIA GUADALUPE CANE,JULIE FULLMER,MARC BRIMHALL
VI259,JULIE FULLMER,MARC BRIMHALL,MARIA GUADALUPE CANE
VI260,JULIE FULLMER,skipped,skipped
VI261,JULIE FULLMER,MARIA GUADALUPE CANE,MARC BRIMHALL
VI262,JULIE FULLMER,MARC BRIMHALL,MARIA GUADALUPE CANE
VI263,JULIE FULLMER,MARC BRIMHALL,MARIA GUADALUPE CANE
VI264,JULIE FULLMER,JULIE FULLMER,JULIE FULLMER
VI265,JULIE FULLMER,MARC BRIMHALL,MARIA GUADALUPE CANE
VI266,JULIE FULLMER,MARC BRIMHALL,MARIA GUADALUPE CANE
VI267,JULIE FULLMER,MARC BRIMHALL,MARIA GUADALUPE CANE
VI268,MARC BRIMHALL,MARIA GUADALUPE CANE,JULIE FULLMER
VI269,JULIE FULLMER,MARIA GUADALUPE CANE,MARC BRIMHALL
VI270,JULIE FULLMER,MARC BRIMHALL,MARIA GUADALUPE CANE
VI271,JULIE FULLMER,MARC BRIMHALL,skipped
VI272,JULIE FULLMER,MARC BRIMHALL,MARIA GUADALUPE CANE
VI273,JULIE FULLMER,MARC BRIMHALL,MARIA GUADALUPE CANE
VI274,JULIE FULLMER,MARIA GUADALUPE CANE,MARC BRIMHALL
VI275,JULIE FULLMER,MARIA GUADALUPE CANE,MARC BRIMHALL
VI276,JULIE FULLMER,MARIA GUADALUPE CANE,skipped
VI277,JULIE FULLMER,skipped,skipped
VI278,JULIE FULLMER,MARC BRIMHALL,MARIA GUADALUPE CANE
VI279,JULIE FULLMER,skipped,skipped
VI280,JULIE FULLMER,MARIA GUADALUPE CANE,MARC BRIMHALL
VI281,JULIE FULLMER,MARC BRIMHALL,MARIA GUADALUPE CANE
VI282,JULIE FULLMER,MARC BRIMHALL,MARIA GUADALUPE CANE
VI283,JULIE FULLMER,MARIA GUADALUPE CANE,MARC BRIMHALL
VI284,JULIE FULLMER,skipped,skipped
VI285,JULIE FULLMER,MARC BRIMHALL,MARIA GUADALUPE CANE
VI286,JULIE FULLMER,MARC BRIMHALL,MARIA GUADALUPE CANE
VI287,JULIE FULLMER,MARC BRIMHALL,MARIA GUADALUPE CANE
VI288,JULIE FULLMER,MARIA GUADALUPE CANE,MARC BRIMHALL
VI289,JULIE FULLMER,skipped,skipped
VI290,MARC BRIMHALL,JULIE FULLMER,MARIA GUADALUPE CANE
VI291,MARC BRIMHALL,skipped,skipped
VI292,JULIE FULLMER,MARIA GUADALUPE CANE,MARC BRIMHALL
VI293,JULIE FULLMER,skipped,skipped
VI294,JULIE FULLMER,MARIA GUADALUPE CANE,MARC BRIMHALL
VI295,JULIE FULLMER,MARIA GUADALUPE CANE,MARC BRIMHALL
VI296,JULIE FULLMER,MARIA GUADALUPE CANE,MARC BRIMHALL
VI297,JULIE FULLMER,MARIA GUADALUPE CANE,MARC BRIMHALL
VI298,MARIA GUADALUPE CANE,MARC BRIMHALL,JULIE FULLMER
VI299,JULIE FULLMER,MARIA GUADALUPE CANE,MARC BRIMHALL
VI300,JULIE FULLMER,MARC BRIMHALL,skipped
VI301,JULIE FULLMER,MARIA GUADALUPE CANE,MARC BRIMHALL
VI302,JULIE FULLMER,skipped,skipped
VI303,MARC BRIMHALL,JULIE FULLMER,MARIA GUADALUPE CANE
VI304,MARC BRIMHALL,JULIE FULLMER,MARIA GUADALUPE CANE
VI305,JULIE FULLMER,skipped,skipped
VI306,skipped,skipped,skipped
VI307,JULIE FULLMER,MARIA GUADALUPE CANE,MARC BRIMHALL
VI308,JULIE FULLMER,skipped,skipped
VI309,JULIE FULLMER,MARC BRIMHALL,skipped
VI310,JULIE FULLMER,skipped,skipped
VI311,JULIE FULLMER,skipped,MARIA GUADALUPE CANE
VI312,JULIE FULLMER,MARC BRIMHALL,MARIA GUADALUPE CANE
VI313,JULIE FULLMER,MARIA GUADALUPE CANE,MARC BRIMHALL
VI314,JULIE FULLMER,MARC BRIMHALL,skipped
VI315,JULIE FULLMER,MARC BRIMHALL,MARIA GUADALUPE CANE
VI316,JULIE FULLMER,MARIA GUADALUPE CANE,MARC BRIMHALL
VI317,JULIE FULLMER,MARC BRIMHALL,MARIA GUADALUPE CANE
VI318,JULIE FULLMER,MARC BRIMHALL,MARIA GUADALUPE CANE
VI319,MARIA GUADALUPE CANE,MARC BRIMHALL,JULIE FULLMER
VI320,JULIE FULLMER,skipped,skipped
VI321,JULIE FULLMER,MARIA GUADALUPE CANE,MARC BRIMHALL
VI322,JULIE FULLMER,MARC BRIMHALL,skipped
VI323,JULIE FULLMER,skipped,skipped
VI324,JULIE FULLMER,MARC BRIMHALL,MARIA GUADALUPE CANE
VI325,JULIE FULLMER,MARC BRIMHALL,MARIA GUADALUPE CANE
VI326,JULIE FULLMER,MARIA GUADALUPE CANE,MARC BRIMHALL
VI327,JULIE FULLMER,skipped,skipped
VI328,JULIE FULLMER,JULIE FULLMER,MARIA GUADALUPE CANE
VI329,MARC BRIMHALL,MARIA GUADALUPE CANE,JULIE FULLMER
VI330,MARC BRIMHALL,JULIE FULLMER,MARIA GUADALUPE CANE
VI331,JULIE FULLMER,MARIA GUADALUPE CANE,MARC BRIMHALL
VI332,MARIA GUADALUPE CANE,MARC BRIMHALL,JULIE FULLMER
VI333,JULIE FULLMER,MARIA GUADALUPE CANE,MARC BRIMHALL
VI334,JULIE FULLMER,MARC BRIMHALL,MARIA GUADALUPE CANE
VI335,JULIE FULLMER,MARC BRIMHALL,MARIA GUADALUPE CANE
VI336,JULIE FULLMER,MARC BRIMHALL,MARIA GUADALUPE CANE
VI337,JULIE FULLMER,MARC BRIMHALL,MARIA GUADALUPE CANE
VI338,JULIE FULLMER,MARIA GUADALUPE CANE,MARC BRIMHALL
VI339,JULIE FULLMER,MARC BRIMHALL,MARIA GUADALUPE CANE
VI340,JULIE FULLMER,MARIA GUADALUPE CANE,MARC BRIMHALL
VI341,JULIE FULLMER,MARC BRIMHALL,MARIA GUADALUPE CANE
VI342,JULIE FULLMER,MARC BRIMHALL,MARIA GUADALUPE CANE
VI343,JULIE FULLMER,skipped,skipped
VI344,JULIE FULLMER,MARC BRIMHALL,MARIA GUADALUPE CANE
VI345,JULIE FULLMER,MARC BRIMHALL,MARIA GUADALUPE CANE
VI346,MARC BRIMHALL,JULIE FULLMER,skipped
VI347,JULIE FULLMER,skipped,skipped
VI348,JULIE FULLMER,MARIA GUADALUPE CANE,MARC BRIMHALL
VI349,MARC BRIMHALL,JULIE FULLMER,skipped
VI350,JULIE FULLMER,skipped,skipped
VI351,JULIE FULLMER,skipped,skipped
VI352,JULIE FULLMER,skipped,skipped
VI353,JULIE FULLMER,MARIA GUADALUPE CANE,MARC BRIMHALL
VI354,JULIE FULLMER,MARC BRIMHALL,skipped
VI355,JULIE FULLMER,MARIA GUADALUPE CANE,MARC BRIMHALL
VI356,JULIE FULLMER,skipped,skipped
VI357,JULIE FULLMER,MARC BRIMHALL,MARIA GUADALUPE CANE
VI358,JULIE FULLMER,JULIE FULLMER,JULIE FULLMER
VI359,JULIE FULLMER,skipped,skipped
VI360,JULIE FULLMER,MARC BRIMHALL,MARIA GUADALUPE CANE
VI361,JULIE FULLMER,MARC BRIMHALL,MARIA GUADALUPE CANE
VI362,JULIE FULLMER,MARIA GUADALUPE CANE,MARC BRIMHALL
VI363,JULIE FULLMER,MARC BRIMHALL,MARIA GUADALUPE CANE
VI364,JULIE FULLMER,MARC BRIMHALL,MARIA GUADALUPE CANE
VI365,JULIE FULLMER,MARC BRIMHALL,skipped
VI366,JULIE FULLMER,MARC BRIMHALL,MARIA GUADALUPE CANE
VI367,JULIE FULLMER,MARC BRIMHALL,MARIA GUADALUPE CANE
VI368,JULIE FULLMER,MARC BRIMHALL,MARIA GUADALUPE CANE
VI369,JULIE FULLMER,skipped,skipped
VI370,JULIE FULLMER,MARC BRIMHALL,MARIA GUADALUPE CANE
VI371,MARIA GUADALUPE CANE,JULIE FULLMER,skipped
VI372,JULIE FULLMER,MARC BRIMHALL,MARIA GUADALUPE CANE
VI373,JULIE FULLMER,MARC BRIMHALL,MARIA GUADALUPE CANE
VI374,MARC BRIMHALL,MARIA GUADALUPE CANE,JULIE FULLMER
VI375,MARC BRIMHALL,JULIE FULLMER,MARIA GUADALUPE CANE
VI376,JULIE FULLMER,skipped,skipped
VI377,JULIE FULLMER,MARC BRIMHALL,MARIA GUADALUPE CANE
VI378,JULIE FULLMER,MARC BRIMHALL,MARIA GUADALUPE CANE
VI379,JULIE FULLMER,MARC BRIMHALL,MARIA GUADALUPE CANE
VI380,JULIE FULLMER,skipped,skipped
VI381,JULIE FULLMER,MARIA GUADALUPE CANE,MARC BRIMHALL
VI382,JULIE FULLMER,MARC BRIMHALL,MARIA GUADALUPE CANE
VI383,JULIE FULLMER,MARIA GUADALUPE CANE,MARC BRIMHALL
VI384,JULIE FULLMER,MARC BRIMHALL,MARIA GUADALUPE CANE
VI385,JULIE FULLMER,MARC BRIMHALL,MARIA GUADALUPE CANE
VI386,JULIE FULLMER,MARIA GUADALUPE CANE,MARC BRIMHALL
VI387,JULIE FULLMER,MARIA GUADALUPE CANE,MARC BRIMHALL
VI388,JULIE FULLMER,skipped,skipped
VI389,JULIE FULLMER,skipped,skipped
VI390,JULIE FULLMER,skipped,skipped
VI391,JULIE FULLMER,MARIA GUADALUPE CANE,MARC BRIMHALL
VI392,MARC BRIMHALL,MARIA GUADALUPE CANE,skipped
VI393,MARC BRIMHALL,MARIA GUADALUPE CANE,JULIE FULLMER
VI394,JULIE FULLMER,MARC BRIMHALL,MARIA GUADALUPE CANE
VI395,JULIE FULLMER,skipped,skipped
VI396,JULIE FULLMER,MARC BRIMHALL,MARIA GUADALUPE CANE
VI397,JULIE FULLMER,MARC BRIMHALL,MARIA GUADALUPE CANE
VI398,JULIE FULLMER,MARC BRIMHALL,MARIA GUADALUPE CANE
VI399,JULIE FULLMER,MARC BRIMHALL,MARIA GUADALUPE CANE
VI400,JULIE FULLMER,skipped,skipped
VI401,JULIE FULLMER,skipped,skipped
VI402,JULIE FULLMER,MARC BRIMHALL,MARIA GUADALUPE CANE
VI403,JULIE FULLMER,MARC BRIMHALL,MARIA GUADALUPE CANE
VI404,JULIE FULLMER,MARC BRIMHALL,skipped
VI405,JULIE FULLMER,MARC BRIMHALL,MARIA GUADALUPE CANE
VI406,JULIE FULLMER,MARC BRIMHALL,MARIA GUADALUPE CANE
VI407,JULIE FULLMER,MARC BRIMHALL,MARIA GUADALUPE CANE
VI408,JULIE FULLMER,MARC BRIMHALL,MARIA GUADALUPE CANE
VI409,JULIE FULLMER,MARIA GUADALUPE CANE,MARC BRIMHALL
VI410,JULIE FULLMER,MARC BRIMHALL,MARIA GUADALUPE CANE
VI411,JULIE FULLMER,skipped,skipped
VI412,JULIE FULLMER,skipped,skipped
VI413,JULIE FULLMER,MARC BRIMHALL,MARIA GUADALUPE CANE
VI414,JULIE FULLMER,skipped,skipped
VI415,MARC BRIMHALL,JULIE FULLMER,MARIA GUADALUPE CANE
VI416,JULIE FULLMER,skipped,skipped
VI417,MARIA GUADALUPE CANE,MARC BRIMHALL,JULIE FULLMER
VI418,JULIE FULLMER,MARC BRIMHALL,MARIA GUADALUPE CANE
VI419,JULIE FULLMER,MARIA GUADALUPE CANE,MARC BRIMHALL
VI420,MARC BRIMHALL,MARIA GUADALUPE CANE,JULIE FULLMER
VI421,JULIE FULLMER,MARC BRIMHALL,MARIA GUADALUPE CANE
VI422,JULIE FULLMER,MARC BRIMHALL,MARIA GUADALUPE CANE
VI423,JULIE FULLMER,MARC BRIMHALL,MARIA GUADALUPE CANE
VI424,MARC BRIMHALL,MARIA GUADALUPE CANE,JULIE FULLMER
VI425,JULIE FULLMER,MARC BRIMHALL,MARIA GUADALUPE CANE
VI426,JULIE FULLMER,MARC BRIMHALL,MARIA GUADALUPE CANE
VI427,JULIE FULLMER,skipped,skipped
VI428,JULIE FULLMER,MARC BRIMHALL,MARIA GUADALUPE CANE
VI429,JULIE FULLMER,MARIA GUADALUPE CANE,MARC BRIMHALL
VI430,JULIE FULLMER,skipped,skipped
VI431,JULIE FULLMER,MARIA GUADALUPE CANE,MARC BRIMHALL
VI432,JULIE FULLMER,MARC BRIMHALL,skipped
VI433,MARC BRIMHALL,MARIA GUADALUPE CANE,JULIE FULLMER
VI434,JULIE FULLMER,MARC BRIMHALL,skipped
VI435,MARC BRIMHALL,MARIA GUADALUPE CANE,JULIE FULLMER
VI436,JULIE FULLMER,MARC BRIMHALL,skipped
VI437,JULIE FULLMER,MARIA GUADALUPE CANE,MARC BRIMHALL
VI438,JULIE FULLMER,MARC BRIMHALL,skipped
VI439,JULIE FULLMER,MARIA GUADALUPE CANE,MARC BRIMHALL
VI440,JULIE FULLMER,MARC BRIMHALL,MARIA GUADALUPE CANE
VI441,JULIE FULLMER,skipped,skipped
VI442,JULIE FULLMER,MARC BRIMHALL,MARIA GUADALUPE CANE
VI443,JULIE FULLMER,MARIA GUADALUPE CANE,MARC BRIMHALL
VI444,JULIE FULLMER,MARIA GUADALUPE CANE,MARC BRIMHALL
VI445,JULIE FULLMER,skipped,skipped
VI446,JULIE FULLMER,MARIA GUADALUPE CANE,MARC BRIMHALL
VI447,JULIE FULLMER,JULIE FULLMER,MARC BRIMHALL
VI448,JULIE FULLMER,MARC BRIMHALL,MARIA GUADALUPE CANE
VI449,JULIE FULLMER,MARC BRIMHALL,MARIA GUADALUPE CANE
VI450,JULIE FULLMER,MARC BRIMHALL,MARIA GUADALUPE CANE
VI451,JULIE FULLMER,MARC BRIMHALL,MARIA GUADALUPE CANE
VI452,JULIE FULLMER,MARC BRIMHALL,skipped
VI453,JULIE FULLMER,MARC BRIMHALL,MARIA GUADALUPE CANE
VI454,JULIE FULLMER,skipped,skipped
VI455,JULIE FULLMER,MARC BRIMHALL,MARIA GUADALUPE CANE
VI456,JULIE FULLMER,MARIA GUADALUPE CANE,MARC BRIMHALL
VI457,JULIE FULLMER,skipped,skipped
VI458,JULIE FULLMER,MARC BRIMHALL,MARIA GUADALUPE CANE
VI459,JULIE FULLMER,MARC BRIMHALL,MARIA GUADALUPE CANE
VI460,JULIE FULLMER,MARC BRIMHALL,MARIA GUADALUPE CANE
VI461,JULIE FULLMER,MARC BRIMHALL,MARIA GUADALUPE CANE
VI462,JULIE FULLMER,MARC BRIMHALL,MARIA GUADALUPE CANE
VI463,JULIE FULLMER,MARIA GUADALUPE CANE,MARC BRIMHALL
VI464,JULIE FULLMER,MARC BRIMHALL,MARIA GUADALUPE CANE
VI465,JULIE FULLMER,skipped,skipped
VI466,MARC BRIMHALL,JULIE FULLMER,skipped
VI467,MARC BRIMHALL,MARIA GUADALUPE CANE,JULIE FULLMER
VI468,JULIE FULLMER,MARIA GUADALUPE CANE,MARC BRIMHALL
VI469,JULIE FULLMER,MARC BRIMHALL,MARIA GUADALUPE CANE
VI470,JULIE FULLMER,MARC BRIMHALL,MARIA GUADALUPE CANE
VI471,JULIE FULLMER,skipped,skipped
VI472,JULIE FULLMER,MARC BRIMHALL,MARIA GUADALUPE CANE
VI473,JULIE FULLMER,skipped,skipped
VI474,JULIE FULLMER,skipped,skipped
VI475,JULIE FULLMER,skipped,skipped
VI476,JULIE FULLMER,skipped,skipped
VI477,JULIE FULLMER,MARC BRIMHALL,MARIA GUADALUPE CANE
VI478,JULIE FULLMER,MARC BRIMHALL,MARIA GUADALUPE CANE
VI479,JULIE FULLMER,MARIA GUADALUPE CANE,MARC BRIMHALL
VI480,JULIE FULLMER,MARC BRIMHALL,MARIA GUADALUPE CANE
VI481,JULIE FULLMER,MARIA GUADALUPE CANE,MARC BRIMHALL
VI482,JULIE FULLMER,skipped,skipped
VI483,JULIE FULLMER,MARC BRIMHALL,MARIA GUADALUPE CANE
VI484,MARC BRIMHALL,JULIE FULLMER,MARIA GUADALUPE CANE
VI485,JULIE FULLMER,skipped,skipped
VI486,JULIE FULLMER,MARC BRIMHALL,MARIA GUADALUPE CANE
VI487,JULIE FULLMER,MARC BRIMHALL,MARIA GUADALUPE CANE
VI488,JULIE FULLMER,MARC BRIMHALL,MARIA GUADALUPE CANE
VI489,JULIE FULLMER,MARC BRIMHALL,MARIA GUADALUPE CANE
VI490,JULIE FULLMER,MARIA GUADALUPE CANE,MARC BRIMHALL
VI491,JULIE FULLMER,MARIA GUADALUPE CANE,MARC BRIMHALL
VI492,JULIE FULLMER,MARC BRIMHALL,MARIA GUADALUPE CANE
VI493,MARIA GUADALUPE CANE,JULIE FULLMER,MARC BRIMHALL
VI494,JULIE FULLMER,MARC BRIMHALL,MARIA GUADALUPE CANE
VI495,JULIE FULLMER,MARC BRIMHALL,MARIA GUADALUPE CANE
VI496,JULIE FULLMER,skipped,skipped
VI497,JULIE FULLMER,MARC BRIMHALL,MARIA GUADALUPE CANE
VI498,JULIE FULLMER,MARC BRIMHALL,MARIA GUADALUPE CANE
VI499,JULIE FULLMER,MARC BRIMHALL,skipped
VI500,JULIE FULLMER,skipped,skipped
VI501,JULIE FULLMER,MARC BRIMHALL,MARIA GUADALUPE CANE
VI502,JULIE FULLMER,MARC BRIMHALL,MARIA GUADALUPE CANE
VI503,JULIE FULLMER,MARC BRIMHALL,MARIA GUADALUPE CANE
VI504,JULIE FULLMER,MARC BRIMHALL,MARC BRIMHALL
VI505,MARIA GUADALUPE CANE,JULIE FULLMER,MARC BRIMHALL
VI506,JULIE FULLMER,MARIA GUADALUPE CANE,MARC BRIMHALL
VI507,JULIE FULLMER,MARC BRIMHALL,MARIA GUADALUPE CANE
VI508,JULIE FULLMER,MARC BRIMHALL,MARIA GUADALUPE CANE
VI509,JULIE FULLMER,MARC BRIMHALL,MARIA GUADALUPE CANE
VI510,MARC BRIMHALL,JULIE FULLMER,MARIA GUADALUPE CANE
VI511,JULIE FULLMER,MARC BRIMHALL,MARIA GUADALUPE CANE
VI512,MARIA GUADALUPE CANE,JULIE FULLMER,skipped
VI513,MARC BRIMHALL,MARIA GUADALUPE CANE,JULIE FULLMER
VI514,MARC BRIMHALL,JULIE FULLMER,MARIA GUADALUPE CANE
VI515,JULIE FULLMER,skipped,skipped
VI516,JULIE FULLMER,MARC BRIMHALL,MARIA GUADALUPE CANE
VI517,JULIE FULLMER,skipped,skipped
VI518,MARIA GUADALUPE CANE,MARC BRIMHALL,JULIE FULLMER
VI519,JULIE FULLMER,MARC BRIMHALL,MARIA GUADALUPE CANE
VI520,JULIE FULLMER,MARC BRIMHALL,MARIA GUADALUPE CANE
VI521,JULIE FULLMER,MARC BRIMHALL,MARIA GUADALUPE CANE
VI522,JULIE FULLMER,skipped,skipped
VI523,JULIE FULLMER,skipped,skipped
VI524,JULIE FULLMER,MARC BRIMHALL,MARIA GUADALUPE CANE
VI525,JULIE FULLMER,MARC BRIMHALL,MARIA GUADALUPE CANE
VI526,JULIE FULLMER,skipped,skipped
VI527,MARIA GUADALUPE CANE,MARC BRIMHALL,JULIE FULLMER
VI528,MARIA GUADALUPE CANE,JULIE FULLMER,MARC BRIMHALL
VI529,JULIE FULLMER,MARC BRIMHALL,MARIA GUADALUPE CANE
VI530,JULIE FULLMER,MARC BRIMHALL,MARIA GUADALUPE CANE
VI531,MARC BRIMHALL,MARIA GUADALUPE CANE,JULIE FULLMER
VI532,JULIE FULLMER,MARC BRIMHALL,MARIA GUADALUPE CANE
VI533,JULIE FULLMER,skipped,skipped
VI534,JULIE FULLMER,MARC BRIMHALL,MARIA GUADALUPE CANE
VI535,MARIA GUADALUPE CANE,JULIE FULLMER,MARC BRIMHALL
VI536,JULIE FULLMER,MARC BRIMHALL,MARIA GUADALUPE CANE
VI537,JULIE FULLMER,MARIA GUADALUPE CANE,MARC BRIMHALL
VI538,JULIE FULLMER,MARC BRIMHALL,MARIA GUADALUPE CANE
VI539,JULIE FULLMER,MARC BRIMHALL,MARIA GUADALUPE CANE
VI540,JULIE FULLMER,JULIE FULLMER,JULIE FULLMER
VI541,JULIE FULLMER,MARIA GUADALUPE CANE,MARC BRIMHALL
VI542,MARC BRIMHALL,JULIE FULLMER,MARIA GUADALUPE CANE
VI543,JULIE FULLMER,MARIA GUADALUPE CANE,MARC BRIMHALL
VI544,MARC BRIMHALL,JULIE FULLMER,MARIA GUADALUPE CANE
VI545,JULIE FULLMER,MARIA GUADALUPE CANE,MARC BRIMHALL
VI546,JULIE FULLMER,MARIA GUADALUPE CANE,MARC BRIMHALL
VI547,JULIE FULLMER,MARC BRIMHALL,MARIA GUADALUPE CANE
VI548,JULIE FULLMER,MARC BRIMHALL,MARIA GUADALUPE CANE
VI549,JULIE FULLMER,MARIA GUADALUPE CANE,MARC BRIMHALL
VI550,JULIE FULLMER,skipped,skipped
VI551,MARIA GUADALUPE CANE,MARC BRIMHALL,JULIE FULLMER
VI552,JULIE FULLMER,skipped,skipped
VI553,JULIE FULLMER,MARC BRIMHALL,MARIA GUADALUPE CANE
VI554,JULIE FULLMER,MARIA GUADALUPE CANE,MARC BRIMHALL
VI555,JULIE FULLMER,MARIA GUADALUPE CANE,MARC BRIMHALL
VI556,JULIE FULLMER,MARC BRIMHALL,MARIA GUADALUPE CANE
VI557,JULIE FULLMER,MARC BRIMHALL,MARIA GUADALUPE CANE
VI558,MARC BRIMHALL,JULIE FULLMER,MARIA GUADALUPE CANE
VI559,JULIE FULLMER,skipped,skipped
VI560,JULIE FULLMER,MARC BRIMHALL,MARIA GUADALUPE CANE
VI561,JULIE FULLMER,MARIA GUADALUPE CANE,MARC BRIMHALL
VI562,JULIE FULLMER,MARC BRIMHALL,MARIA GUADALUPE CANE
VI563,MARC BRIMHALL,MARIA GUADALUPE CANE,JULIE FULLMER
VI564,JULIE FULLMER,MARC BRIMHALL,MARIA GUADALUPE CANE
VI565,MARC BRIMHALL,MARIA GUADALUPE CANE,JULIE FULLMER
VI566,JULIE FULLMER,skipped,skipped
VI567,JULIE FULLMER,MARC BRIMHALL,MARIA GUADALUPE CANE
VI568,JULIE FULLMER,MARC BRIMHALL,MARIA GUADALUPE CANE
VI569,JULIE FULLMER,MARIA GUADALUPE CANE,MARC BRIMHALL
VI570,JULIE FULLMER,MARIA GUADALUPE CANE,MARC BRIMHALL
VI571,JULIE FULLMER,MARC BRIMHALL,MARIA GUADALUPE CANE
VI572,JULIE FULLMER,MARC BRIMHALL,MARIA GUADALUPE CANE
VI573,MARC BRIMHALL,skipped,skipped
VI574,JULIE FULLMER,MARC BRIMHALL,MARIA GUADALUPE CANE
VI575,JULIE FULLMER,MARIA GUADALUPE CANE,MARC BRIMHALL
VI576,JULIE FULLMER,MARIA GUADALUPE CANE,MARC BRIMHALL
VI577,JULIE FULLMER,MARIA GUADALUPE CANE,MARC BRIMHALL
VI578,JULIE FULLMER,MARC BRIMHALL,MARIA GUADALUPE CANE
VI579,JULIE FULLMER,MARC BRIMHALL,MARIA GUADALUPE CANE
VI580,MARIA GUADALUPE CANE,JULIE FULLMER,MARC BRIMHALL
VI581,JULIE FULLMER,skipped,skipped
VI582,JULIE FULLMER,skipped,skipped
VI583,JULIE FULLMER,MARC BRIMHALL,MARIA GUADALUPE CANE
VI584,JULIE FULLMER,MARIA GUADALUPE CANE,MARC BRIMHALL
VI585,JULIE FULLMER,MARC BRIMHALL,MARIA GUADALUPE CANE
VI586,JULIE FULLMER,MARC BRIMHALL,MARIA GUADALUPE CANE
VI587,JULIE FULLMER,MARC BRIMHALL,MARIA GUADALUPE CANE
VI588,JULIE FULLMER,MARC BRIMHALL,MARIA GUADALUPE CANE
VI589,JULIE FULLMER,MARC BRIMHALL,MARIA GUADALUPE CANE
VI590,JULIE FULLMER,MARC BRIMHALL,MARIA GUADALUPE CANE
VI591,JULIE FULLMER,MARC BRIMHALL,MARIA GUADALUPE CANE
VI592,JULIE FULLMER,MARIA GUADALUPE CANE,MARC BRIMHALL
VI593,JULIE FULLMER,MARIA GUADALUPE CANE,MARC BRIMHALL
VI594,JULIE FULLMER,skipped,skipped
VI595,JULIE FULLMER,skipped,skipped
VI596,JULIE FULLMER,skipped,skipped
VI597,JULIE FULLMER,MARC BRIMHALL,MARIA GUADALUPE CANE
VI598,JULIE FULLMER,MARC BRIMHALL,MARIA GUADALUPE CANE
VI599,JULIE FULLMER,MARC BRIMHALL,MARIA GUADALUPE CANE
VI600,JULIE FULLMER,MARC BRIMHALL,MARIA GUADALUPE CANE
VI601,JULIE FULLMER,skipped,skipped
VI602,JULIE FULLMER,MARC BRIMHALL,MARIA GUADALUPE CANE
VI603,JULIE FULLMER,MARC BRIMHALL,MARIA GUADALUPE CANE
VI604,JULIE FULLMER,MARC BRIMHALL,MARIA GUADALUPE CANE
VI605,JULIE FULLMER,MARC BRIMHALL,MARIA GUADALUPE CANE
VI606,JULIE FULLMER,MARC BRIMHALL,MARIA GUADALUPE CANE
VI607,JULIE FULLMER,MARC BRIMHALL,skipped
VI608,MARIA GUADALUPE CANE,JULIE FULLMER,MARC BRIMHALL
VI609,JULIE FULLMER,MARC BRIMHALL,MARIA GUADALUPE CANE
VI610,JULIE FULLMER,skipped,skipped
VI611,JULIE FULLMER,skipped,skipped
VI612,JULIE FULLMER,MARC BRIMHALL,MARIA GUADALUPE CANE
VI613,JULIE FULLMER,MARC BRIMHALL,MARIA GUADALUPE CANE
VI614,JULIE FULLMER,MARIA GUADALUPE CANE,MARC BRIMHALL
VI615,JULIE FULLMER,MARC BRIMHALL,MARIA GUADALUPE CANE
VI616,JULIE FULLMER,skipped,skipped
VI617,JULIE FULLMER,MARIA GUADALUPE CANE,MARC BRIMHALL
VI618,JULIE FULLMER,skipped,skipped
VI619,JULIE FULLMER,MARC BRIMHALL,MARIA GUADALUPE CANE
VI620,JULIE FULLMER,MARIA GUADALUPE CANE,MARC BRIMHALL
VI621,JULIE FULLMER,MARIA GUADALUPE CANE,MARC BRIMHALL
VI622,MARC BRIMHALL,skipped,skipped
VI623,JULIE FULLMER,MARIA GUADALUPE CANE,MARC BRIMHALL
VI624,JULIE FULLMER,MARIA GUADALUPE CANE,MARC BRIMHALL
VI625,JULIE FULLMER,MARIA GUADALUPE CANE,MARC BRIMHALL
VI626,JULIE FULLMER,MARC BRIMHALL,MARIA GUADALUPE CANE
VI627,JULIE FULLMER,skipped,skipped
VI628,JULIE FULLMER,MARIA GUADALUPE CANE,MARC BRIMHALL
VI629,JULIE FULLMER,MARC BRIMHALL,MARIA GUADALUPE CANE
VI630,JULIE FULLMER,MARC BRIMHALL,MARIA GUADALUPE CANE
VI631,JULIE FULLMER,MARIA GUADALUPE CANE,MARC BRIMHALL
VI632,JULIE FULLMER,MARC BRIMHALL,MARIA GUADALUPE CANE
VI633,MARIA GUADALUPE CANE,JULIE FULLMER,MARC BRIMHALL
VI634,JULIE FULLMER,MARC BRIMHALL,MARIA GUADALUPE CANE
VI635,JULIE FULLMER,MARC BRIMHALL,MARIA GUADALUPE CANE
VI636,JULIE FULLMER,JULIE FULLMER,skipped
VI637,MARIA GUADALUPE CANE,JULIE FULLMER,MARC BRIMHALL
VI638,JULIE FULLMER,skipped,skipped
VI639,JULIE FULLMER,MARC BRIMHALL,MARIA GUADALUPE CANE
VI640,JULIE FULLMER,MARC BRIMHALL,MARIA GUADALUPE CANE
VI641,MARC BRIMHALL,MARIA GUADALUPE CANE,JULIE FULLMER
VI642,JULIE FULLMER,MARC BRIMHALL,MARIA GUADALUPE CANE
VI643,JULIE FULLMER,MARC BRIMHALL,skipped
VI644,JULIE FULLMER,MARC BRIMHALL,MARIA GUADALUPE CANE
VI645,JULIE FULLMER,MARIA GUADALUPE CANE,MARC BRIMHALL
VI646,MARC BRIMHALL,JULIE FULLMER,MARIA GUADALUPE CANE
VI647,JULIE FULLMER,skipped,skipped
VI648,JULIE FULLMER,skipped,skipped
VI649,JULIE FULLMER,skipped,skipped
VI650,JULIE FULLMER,skipped,skipped
VI651,JULIE FULLMER,skipped,skipped
VI652,JULIE FULLMER,MARC BRIMHALL,MARIA GUADALUPE CANE
VI653,JULIE FULLMER,skipped,skipped
VI654,JULIE FULLMER,JULIE FULLMER,JULIE FULLMER
VI655,JULIE FULLMER,MARC BRIMHALL,MARIA GUADALUPE CANE
VI656,JULIE FULLMER,MARC BRIMHALL,MARIA GUADALUPE CANE
VI657,JULIE FULLMER,JULIE FULLMER,JULIE FULLMER
VI658,MARC BRIMHALL,JULIE FULLMER,MARIA GUADALUPE CANE
VI659,JULIE FULLMER,skipped,skipped
VI660,JULIE FULLMER,MARC BRIMHALL,MARIA GUADALUPE CANE
VI661,JULIE FULLMER,skipped,skipped
VI662,JULIE FULLMER,MARC BRIMHALL,MARIA GUADALUPE CANE
VI663,JULIE FULLMER,MARC BRIMHALL,MARIA GUADALUPE CANE
VI664,MARC BRIMHALL,JULIE FULLMER,MARIA GUADALUPE CANE
VI665,JULIE FULLMER,MARC BRIMHALL,MARIA GUADALUPE CANE
VI666,JULIE FULLMER,MARC BRIMHALL,skipped
VI667,JULIE FULLMER,MARC BRIMHALL,MARIA GUADALUPE CANE
VI668,MARC BRIMHALL,JULIE FULLMER,MARIA GUADALUPE CANE
VI669,JULIE FULLMER,MARC BRIMHALL,skipped
VI670,MARC BRIMHALL,JULIE FULLMER,MARIA GUADALUPE CANE
VI671,JULIE FULLMER,MARC BRIMHALL,MARIA GUADALUPE CANE
VI672,JULIE FULLMER,MARC BRIMHALL,MARIA GUADALUPE CANE
VI673,JULIE FULLMER,MARC BRIMHALL,MARIA GUADALUPE CANE
VI674,JULIE FULLMER,MARC BRIMHALL,MARIA GUADALUPE CANE
VI675,JULIE FULLMER,MARC BRIMHALL,MARIA GUADALUPE CANE
VI676,JULIE FULLMER,MARC BRIMHALL,MARIA GUADALUPE CANE
VI677,JULIE FULLMER,MARC BRIMHALL,MARIA GUADALUPE CANE
VI678,MARC BRIMHALL,MARIA GUADALUPE CANE,JULIE FULLMER
VI679,JULIE FULLMER,MARC BRIMHALL,MARIA GUADALUPE CANE
VI680,JULIE FULLMER,skipped,skipped
VI681,JULIE FULLMER,MARC BRIMHALL,MARIA GUADALUPE CANE
VI682,MARIA GUADALUPE CANE,JULIE FULLMER,skipped
VI683,JULIE FULLMER,MARC BRIMHALL,MARIA GUADALUPE CANE
VI684,JULIE FULLMER,skipped,skipped
VI685,JULIE FULLMER,MARIA GUADALUPE CANE,MARC BRIMHALL
VI686,JULIE FULLMER,MARIA GUADALUPE CANE,MARC BRIMHALL
VI687,JULIE FULLMER,skipped,skipped
VI688,JULIE FULLMER,MARC BRIMHALL,MARIA GUADALUPE CANE
VI689,JULIE FULLMER,MARC BRIMHALL,MARIA GUADALUPE CANE
VI690,JULIE FULLMER,MARC BRIMHALL,MARIA GUADALUPE CANE
VI691,JULIE FULLMER,MARC BRIMHALL,MARIA GUADALUPE CANE
VI692,JULIE FULLMER,skipped,skipped
VI693,JULIE FULLMER,MARC BRIMHALL,MARIA GUADALUPE CANE
VI694,JULIE FULLMER,skipped,skipped
VI695,JULIE FULLMER,MARC BRIMHALL,skipped
VI696,JULIE FULLMER,skipped,skipped
VI697,JULIE FULLMER,MARC BRIMHALL,skipped
VI698,JULIE FULLMER,MARC BRIMHALL,MARIA GUADALUPE CANE
VI699,JULIE FULLMER,skipped,skipped
VI700,JULIE FULLMER,skipped,skipped
VI701,MARC BRIMHALL,JULIE FULLMER,MARIA GUADALUPE CANE
VI702,JULIE FULLMER,skipped,skipped
VI703,JULIE FULLMER,skipped,skipped
VI704,JULIE FULLMER,MARIA GUADALUPE CANE,MARC BRIMHALL
VI705,JULIE FULLMER,skipped,skipped
VI706,JULIE FULLMER,skipped,skipped
VI707,JULIE FULLMER,skipped,skipped
VI708,JULIE FULLMER,MARC BRIMHALL,MARIA GUADALUPE CANE
VI709,JULIE FULLMER,MARC BRIMHALL,MARIA GUADALUPE CANE
VI710,JULIE FULLMER,skipped,skipped
VI711,JULIE FULLMER,MARIA GUADALUPE CANE,MARC BRIMHALL
VI712,JULIE FULLMER,overvote,skipped
VI713,JULIE FULLMER,skipped,skipped
VI714,JULIE FULLMER,overvote,skipped
VI715,JULIE FULLMER,skipped,skipped
VI716,MARC BRIMHALL,MARIA GUADALUPE CANE,JULIE FULLMER
VI717,JULIE FULLMER,MARC BRIMHALL,MARIA GUADALUPE CANE
VI718,JULIE FULLMER,JULIE FULLMER,JULIE FULLMER
VI719,JULIE FULLMER,skipped,skipped
VI720,JULIE FULLMER,MARC BRIMHALL,MARIA GUADALUPE CANE
VI721,JULIE FULLMER,skipped,skipped
VI722,MARC BRIMHALL,MARIA GUADALUPE CANE,JULIE FULLMER
VI723,JULIE FULLMER,skipped,skipped
VI724,JULIE FULLMER,MARC BRIMHALL,skipped
VI725,JULIE FULLMER,JULIE FULLMER,JULIE FULLMER
VI726,JULIE FULLMER,skipped,skipped
VI727,JULIE FULLMER,skipped,skipped
VI728,JULIE FULLMER,skipped,skipped
VI729,JULIE FULLMER,skipped,skipped
VI730,JULIE FULLMER,skipped,skipped
VI731,JULIE FULLMER,MARC BRIMHALL,MARIA GUADALUPE CANE
VI732,JULIE FULLMER,MARC BRIMHALL,skipped
VI733,MARC BRIMHALL,MARIA GUADALUPE CANE,JULIE FULLMER
VI734,JULIE FULLMER,MARC BRIMHALL,MARIA GUADALUPE CANE
VI735,JULIE FULLMER,MARIA GUADALUPE CANE,MARC BRIMHALL
VI736,JULIE FULLMER,MARIA GUADALUPE CANE,MARC BRIMHALL
VI737,MARC BRIMHALL,MARIA GUADALUPE CANE,JULIE FULLMER
VI738,JULIE FULLMER,MARC BRIMHALL,MARIA GUADALUPE CANE
VI739,MARC BRIMHALL,JULIE FULLMER,MARIA GUADALUPE CANE
VI740,MARC BRIMHALL,skipped,skipped
VI741,MARC BRIMHALL,JULIE FULLMER,MARIA GUADALUPE CANE
VI742,JULIE FULLMER,MARC BRIMHALL,MARIA GUADALUPE CANE
VI743,JULIE FULLMER,MARC BRIMHALL,MARIA GUADALUPE CANE
VI744,JULIE FULLMER,MARC BRIMHALL,MARIA GUADALUPE CANE
VI745,JULIE FULLMER,JULIE FULLMER,JULIE FULLMER
VI746,JULIE FULLMER,MARC BRIMHALL,MARIA GUADALUPE CANE
VI747,JULIE FULLMER,MARIA GUADALUPE CANE,MARC BRIMHALL
VI748,JULIE FULLMER,MARC BRIMHALL,MARIA GUADALUPE CANE
VI749,JULIE FULLMER,skipped,skipped
VI750,JULIE FULLMER,MARC BRIMHALL,MARIA GUADALUPE CANE
VI751,JULIE FULLMER,MARIA GUADALUPE CANE,MARC BRIMHALL
VI752,JULIE FULLMER,skipped,skipped
VI753,JULIE FULLMER,MARC BRIMHALL,MARIA GUADALUPE CANE
VI754,JULIE FULLMER,MARIA GUADALUPE CANE,MARC BRIMHALL
VI755,JULIE FULLMER,MARC BRIMHALL,MARIA GUADALUPE CANE
VI756,JULIE FULLMER,MARC BRIMHALL,MARIA GUADALUPE CANE
VI757,JULIE FULLMER,MARC BRIMHALL,MARIA GUADALUPE CANE
VI758,JULIE FULLMER,MARC BRIMHALL,MARIA GUADALUPE CANE
VI759,skipped,skipped,MARIA GUADALUPE CANE
VI760,JULIE FULLMER,MARC BRIMHALL,MARIA GUADALUPE CANE
VI761,JULIE FULLMER,MARC BRIMHALL,MARIA GUADALUPE CANE
VI762,JULIE FULLMER,MARC BRIMHALL,MARIA GUADALUPE CANE
VI763,MARC BRIMHALL,MARIA GUADALUPE CANE,JULIE FULLMER
VI764,JULIE FULLMER,MARC BRIMHALL,MARIA GUADALUPE CANE
VI765,MARC BRIMHALL,MARIA GUADALUPE CANE,JULIE FULLMER
VI766,JULIE FULLMER,MARC BRIMHALL,MARIA GUADALUPE CANE
VI767,JULIE FULLMER,MARC BRIMHALL,MARIA GUADALUPE CANE
VI768,JULIE FULLMER,skipped,skipped
VI769,JULIE FULLMER,MARC BRIMHALL,MARIA GUADALUPE CANE
VI770,JULIE FULLMER,MARC BRIMHALL,MARIA GUADALUPE CANE
VI771,JULIE FULLMER,MARC BRIMHALL,skipped
VI772,JULIE FULLMER,skipped,skipped
VI773,JULIE FULLMER,MARIA GUADALUPE CANE,MARC BRIMHALL
VI774,JULIE FULLMER,MARC BRIMHALL,MARIA GUADALUPE CANE
VI775,JULIE FULLMER,MARIA GUADALUPE CANE,MARC BRIMHALL
VI776,JULIE FULLMER,MARIA GUADALUPE CANE,MARC BRIMHALL
VI777,JULIE FULLMER,MARIA GUADALUPE CANE,MARC BRIMHALL
VI778,JULIE FULLMER,MARC BRIMHALL,MARIA GUADALUPE CANE
VI779,JULIE FULLMER,MARC BRIMHALL,MARIA GUADALUPE CANE
VI780,JULIE FULLMER,MARIA GUADALUPE CANE,MARC BRIMHALL
VI781,JULIE FULLMER,MARC BRIMHALL,MARIA GUADALUPE CANE
VI782,JULIE FULLMER,MARIA GUADALUPE CANE,MARC BRIMHALL
VI783,JULIE FULLMER,MARC BRIMHALL,MARIA GUADALUPE CANE
VI784,JULIE FULLMER,MARC BRIMHALL,MARIA GUADALUPE CANE
VI785,JULIE FULLMER,MARC BRIMHALL,MARIA GUADALUPE CANE
VI786,JULIE FULLMER,MARC BRIMHALL,MARIA GUADALUPE CANE
VI787,JULIE FULLMER,MARC BRIMHALL,MARIA GUADALUPE CANE
VI788,JULIE FULLMER,MARC BRIMHALL,MARIA GUADALUPE CANE
VI789,JULIE FULLMER,MARC BRIMHALL,skipped
VI790,JULIE FULLMER,MARC BRIMHALL,MARIA GUADALUPE CANE
VI791,MARIA GUADALUPE CANE,MARC BRIMHALL,JULIE FULLMER
VI792,JULIE FULLMER,MARC BRIMHALL,MARIA GUADALUPE CANE
VI793,JULIE FULLMER,MARC BRIMHALL,MARIA GUADALUPE CANE
VI794,JULIE FULLMER,MARC BRIMHALL,MARIA GUADALUPE CANE
VI795,JULIE FULLMER,MARC BRIMHALL,MARIA GUADALUPE CANE
VI796,JULIE FULLMER,MARC BRIMHALL,MARIA GUADALUPE CANE
VI797,JULIE FULLMER,skipped,skipped
VI798,JULIE FULLMER,skipped,skipped
VI799,JULIE FULLMER,MARC BRIMHALL,MARIA GUADALUPE CANE
VI800,JULIE FULLMER,JULIE FULLMER,JULIE FULLMER
VI801,JULIE FULLMER,JULIE FULLMER,JULIE FULLMER
VI802,JULIE FULLMER,JULIE FULLMER,JULIE FULLMER
VI803,JULIE FULLMER,MARC BRIMHALL,MARIA GUADALUPE CANE
VI804,JULIE FULLMER,MARC BRIMHALL,MARIA GUADALUPE CANE
VI805,JULIE FULLMER,MARC BRIMHALL,MARIA GUADALUPE CANE
VI806,JULIE FULLMER,MARC BRIMHALL,MARIA GUADALUPE CANE
VI807,JULIE FULLMER,MARC BRIMHALL,MARIA GUADALUPE CANE
VI808,JULIE FULLMER,MARC BRIMHALL,MARIA GUADALUPE CANE
VI809,JULIE FULLMER,MARC BRIMHALL,MARIA GUADALUPE CANE
VI810,JULIE FULLMER,MARIA GUADALUPE CANE,MARC BRIMHALL
VI811,JULIE FULLMER,MARC BRIMHALL,MARIA GUADALUPE CANE
VI812,JULIE FULLMER,MARIA GUADALUPE CANE,MARC BRIMHALL
VI813,JULIE FULLMER,MARC BRIMHALL,MARIA GUADALUPE CANE
VI814,JULIE FULLMER,MARC BRIMHALL,MARIA GUADALUPE CANE
VI815,JULIE FULLMER,MARC BRIMHALL,MARIA GUADALUPE CANE
VI816,JULIE FULLMER,MARC BRIMHALL,MARIA GUADALUPE CANE
VI817,JULIE FULLMER,MARC BRIMHALL,MARIA GUADALUPE CANE
VI818,JULIE FULLMER,MARC BRIMHALL,MARIA GUADALUPE CANE
VI819,JULIE FULLMER,skipped,skipped
VI820,JULIE FULLMER,MARC BRIMHALL,MARIA GUADALUPE CANE
VI821,JULIE FULLMER,skipped,skipped
VI822,JULIE FULLMER,MARC BRIMHALL,MARIA GUADALUPE CANE
VI823,JULIE FULLMER,skipped,skipped
VI824,JULIE FULLMER,MARC BRIMHALL,MARIA GUADALUPE CANE
VI825,JULIE FULLMER,MARC BRIMHALL,skipped
VI826,JULIE FULLMER,skipped,skipped
VI827,JULIE FULLMER,MARC BRIMHALL,MARIA GUADALUPE CANE
VI828,JULIE FULLMER,skipped,skipped
VI829,JULIE FULLMER,MARC BRIMHALL,MARIA GUADALUPE CANE
VI830,JULIE FULLMER,MARIA GUADALUPE CANE,MARC BRIMHALL
VI831,JULIE FULLMER,MARC BRIMHALL,MARIA GUADALUPE CANE
VI832,JULIE FULLMER,MARC BRIMHALL,MARIA GUADALUPE CANE
VI833,JULIE FULLMER,MARIA GUADALUPE CANE,MARC BRIMHALL
VI834,JULIE FULLMER,MARC BRIMHALL,MARIA GUADALUPE CANE
VI835,JULIE FULLMER,skipped,skipped
VI836,JULIE FULLMER,skipped,skipped
VI837,JULIE FULLMER,MARC BRIMHALL,MARIA GUADALUPE CANE
VI838,JULIE FULLMER,MARC BRIMHALL,skipped
VI839,JULIE FULLMER,skipped,skipped
VI840,JULIE FULLMER,MARC BRIMHALL,MARIA GUADALUPE CANE
VI841,JULIE FULLMER,MARIA GUADALUPE CANE,MARC BRIMHALL
VI842,JULIE FULLMER,MARIA GUADALUPE CANE,MARC BRIMHALL
VI843,JULIE FULLMER,MARC BRIMHALL,MARIA GUADALUPE CANE
VI844,JULIE FULLMER,MARC BRIMHALL,MARIA GUADALUPE CANE
VI845,JULIE FULLMER,MARC BRIMHALL,MARIA GUADALUPE CANE
VI846,JULIE FULLMER,skipped,skipped
VI847,JULIE FULLMER,MARC BRIMHALL,MARIA GUADALUPE CANE
VI848,JULIE FULLMER,MARIA GUADALUPE CANE,MARC BRIMHALL
VI849,JULIE FULLMER,MARC BRIMHALL,MARIA GUADALUPE CANE
VI850,JULIE FULLMER,MARIA GUADALUPE CANE,MARC BRIMHALL
VI851,JULIE FULLMER,MARC BRIMHALL,MARIA GUADALUPE CANE
VI852,JULIE FULLMER,skipped,skipped
VI853,JULIE FULLMER,skipped,skipped
VI854,JULIE FULLMER,MARC BRIMHALL,MARIA GUADALUPE CANE
VI855,JULIE FULLMER,skipped,skipped
VI856,JULIE FULLMER,MARC BRIMHALL,MARIA GUADALUPE CANE
VI857,JULIE FULLMER,skipped,skipped
VI858,JULIE FULLMER,MARC BRIMHALL,MARIA GUADALUPE CANE
VI859,JULIE FULLMER,MARC BRIMHALL,MARIA GUADALUPE CANE
VI860,JULIE FULLMER,skipped,skipped
VI861,JULIE FULLMER,skipped,skipped
VI862,JULIE FULLMER,skipped,skipped
VI863,JULIE FULLMER,MARC BRIMHALL,MARIA GUADALUPE CANE
VI864,JULIE FULLMER,skipped,skipped
VI865,JULIE FULLMER,MARIA GUADALUPE CANE,MARC BRIMHALL
VI866,JULIE FULLMER,MARIA GUADALUPE CANE,MARC BRIMHALL
VI867,JULIE FULLMER,MARIA GUADALUPE CANE,MARC BRIMHALL
VI868,JULIE FULLMER,MARC BRIMHALL,MARIA GUADALUPE CANE
VI869,JULIE FULLMER,skipped,skipped
VI870,JULIE FULLMER,skipped,skipped
VI871,JULIE FULLMER,MARC BRIMHALL,MARIA GUADALUPE CANE
VI872,JULIE FULLMER,skipped,skipped
VI873,JULIE FULLMER,MARC BRIMHALL,MARIA GUADALUPE CANE
VI874,JULIE FULLMER,MARC BRIMHALL,MARIA GUADALUPE CANE
VI875,JULIE FULLMER,MARC BRIMHALL,MARIA GUADALUPE CANE
VI876,MARC BRIMHALL,JULIE FULLMER,MARIA GUADALUPE CANE
VI877,JULIE FULLMER,MARC BRIMHALL,MARIA GUADALUPE CANE
VI878,JULIE FULLMER,MARC BRIMHALL,MARIA GUADALUPE CANE
VI879,JULIE FULLMER,MARIA GUADALUPE CANE,MARC BRIMHALL
VI880,JULIE FULLMER,MARC BRIMHALL,MARIA GUADALUPE CANE
VI881,JULIE FULLMER,MARC BRIMHALL,MARIA GUADALUPE CANE
VI882,JULIE FULLMER,skipped,skipped
VI883,JULIE FULLMER,MARC BRIMHALL,MARIA GUADALUPE CANE
VI884,JULIE FULLMER,MARC BRIMHALL,MARIA GUADALUPE CANE
VI885,JULIE FULLMER,MARC BRIMHALL,MARIA GUADALUPE CANE
VI886,MARC BRIMHALL,skipped,skipped
VI887,JULIE FULLMER,skipped,skipped
VI888,JULIE FULLMER,MARC BRIMHALL,MARIA GUADALUPE CANE
VI889,JULIE FULLMER,MARC BRIMHALL,MARIA GUADALUPE CANE
VI890,MARIA GUADALUPE CANE,JULIE FULLMER,skipped
VI891,JULIE FULLMER,MARIA GUADALUPE CANE,MARC BRIMHALL
VI892,MARC BRIMHALL,MARIA GUADALUPE CANE,JULIE FULLMER
VI893,JULIE FULLMER,MARIA GUADALUPE CANE,MARC BRIMHALL
VI894,JULIE FULLMER,MARC BRIMHALL,MARIA GUADALUPE CANE
VI895,JULIE FULLMER,MARC BRIMHALL,MARIA GUADALUPE CANE
VI896,JULIE FULLMER,MARIA GUADALUPE CANE,MARC BRIMHALL
VI897,JULIE FULLMER,MARC BRIMHALL,MARIA GUADALUPE CANE
VI898,JULIE FULLMER,skipped,skipped
VI899,MARC BRIMHALL,JULIE FULLMER,MARIA GUADALUPE CANE
VI900,JULIE FULLMER,MARC BRIMHALL,MARIA GUADALUPE CANE
VI901,JULIE FULLMER,MARIA GUADALUPE CANE,MARC BRIMHALL
VI902,JULIE FULLMER,MARC BRIMHALL,MARIA GUADALUPE CANE
VI903,JULIE FULLMER,MARC BRIMHALL,MARIA GUADALUPE CANE
VI904,JULIE FULLMER,MARIA GUADALUPE CANE,MARC BRIMHALL
VI905,JULIE FULLMER,MARC BRIMHALL,MARIA GUADALUPE CANE
VI906,JULIE FULLMER,MARIA GUADALUPE CANE,MARC BRIMHALL
VI907,JULIE FULLMER,MARC BRIMHALL,MARIA GUADALUPE CANE
VI908,MARC BRIMHALL,JULIE FULLMER,MARIA GUADALUPE CANE
VI909,JULIE FULLMER,MARC BRIMHALL,MARIA GUADALUPE CANE
VI910,JULIE FULLMER,MARC BRIMHALL,MARIA GUADALUPE CANE
VI911,JULIE FULLMER,MARC BRIMHALL,MARIA GUADALUPE CANE
VI912,JULIE FULLMER,MARC BRIMHALL,MARIA GUADALUPE CANE
VI913,JULIE FULLMER,MARIA GUADALUPE CANE,MARC BRIMHALL
VI914,JULIE FULLMER,MARC BRIMHALL,MARIA GUADALUPE CANE
VI915,JULIE FULLMER,MARC BRIMHALL,MARIA GUADALUPE CANE
VI916,JULIE FULLMER,MARIA GUADALUPE CANE,MARC BRIMHALL
VI917,JULIE FULLMER,MARC BRIMHALL,skipped
VI918,JULIE FULLMER,MARIA GUADALUPE CANE,MARC BRIMHALL
VI919,MARC BRIMHALL,JULIE FULLMER,MARIA GUADALUPE CANE
VI920,MARIA GUADALUPE CANE,skipped,skipped
VI921,JULIE FULLMER,MARC BRIMHALL,MARIA GUADALUPE CANE
VI922,JULIE FULLMER,MARC BRIMHALL,MARIA GUADALUPE CANE
VI923,JULIE FULLMER,skipped,skipped
VI924,JULIE FULLMER,skipped,skipped
VI925,MARIA GUADALUPE CANE,JULIE FULLMER,MARC BRIMHALL
VI926,JULIE FULLMER,MARIA GUADALUPE CANE,MARC BRIMHALL
VI927,JULIE FULLMER,MARC BRIMHALL,MARIA GUADALUPE CANE
VI928,JULIE FULLMER,MARC BRIMHALL,MARIA GUADALUPE CANE
VI929,JULIE FULLMER,MARC BRIMHALL,MARIA GUADALUPE CANE
VI930,JULIE FULLMER,MARC BRIMHALL,MARIA GUADALUPE CANE
VI931,JULIE FULLMER,MARIA GUADALUPE CANE,MARC BRIMHALL
VI932,JULIE FULLMER,MARIA GUADALUPE CANE,MARC BRIMHALL
VI933,MARC BRIMHALL,MARIA GUADALUPE CANE,JULIE FULLMER
VI934,JULIE FULLMER,MARC BRIMHALL,MARIA GUADALUPE CANE
VI935,JULIE FULLMER,MARC BRIMHALL,MARIA GUADALUPE CANE
VI936,JULIE FULLMER,skipped,skipped
VI937,JULIE FULLMER,MARC BRIMHALL,MARIA GUADALUPE CANE
VI938,JULIE FULLMER,MARIA GUADALUPE CANE,MARC BRIMHALL
VI939,JULIE FULLMER,MARIA GUADALUPE CANE,MARC BRIMHALL
VI940,JULIE FULLMER,skipped,skipped
VI941,JULIE FULLMER,MARC BRIMHALL,MARIA GUADALUPE CANE
VI942,JULIE FULLMER,MARIA GUADALUPE CANE,MARC BRIMHALL
VI943,MARC BRIMHALL,MARIA GUADALUPE CANE,JULIE FULLMER
VI944,MARC BRIMHALL,MARIA GUADALUPE CANE,JULIE FULLMER
VI945,MARC BRIMHALL,MARIA GUADALUPE CANE,JULIE FULLMER
VI946,JULIE FULLMER,MARC BRIMHALL,MARIA GUADALUPE CANE
VI947,JULIE FULLMER,MARC BRIMHALL,MARIA GUADALUPE CANE
VI948,MARC BRIMHALL,JULIE FULLMER,MARIA GUADALUPE CANE
VI949,JULIE FULLMER,MARC BRIMHALL,MARIA GUADALUPE CANE
VI950,JULIE FULLMER,MARC BRIMHALL,MARIA GUADALUPE CANE
VI951,JULIE FULLMER,MARC BRIMHALL,MARIA GUADALUPE CANE
VI952,JULIE FULLMER,MARC BRIMHALL,MARIA GUADALUPE CANE
VI953,JULIE FULLMER,skipped,skipped
VI954,JULIE FULLMER,MARC BRIMHALL,MARIA GUADALUPE CANE
VI955,JULIE FULLMER,MARC BRIMHALL,MARIA GUADALUPE CANE
VI956,skipped,skipped,skipped
VI957,JULIE FULLMER,skipped,skipped
VI958,JULIE FULLMER,MARC BRIMHALL,MARIA GUADALUPE CANE
VI959,JULIE FULLMER,MARC BRIMHALL,MARIA GUADALUPE CANE
VI960,JULIE FULLMER,MARIA GUADALUPE CANE,MARC BRIMHALL
VI961,JULIE FULLMER,MARIA GUADALUPE CANE,MARC BRIMHALL
VI962,JULIE FULLMER,MARC BRIMHALL,MARIA GUADALUPE CANE
VI963,JULIE FULLMER,MARIA GUADALUPE CANE,MARC BRIMHALL
VI964,JULIE FULLMER,MARC BRIMHALL,MARIA GUADALUPE CANE
VI965,MARC BRIMHALL,skipped,skipped
VI966,JULIE FULLMER,MARC BRIMHALL,MARIA GUADALUPE CANE
VI967,JULIE FULLMER,MARC BRIMHALL,MARIA GUADALUPE CANE
VI968,JULIE FULLMER,skipped,skipped
VI969,skipped,skipped,skipped
VI970,JULIE FULLMER,skipped,skipped
VI971,JULIE FULLMER,skipped,skipped
VI972,JULIE FULLMER,MARIA GUADALUPE CANE,MARC BRIMHALL
VI973,MARC BRIMHALL,skipped,skipped
VI974,MARC BRIMHALL,MARIA GUADALUPE CANE,JULIE FULLMER
VI975,JULIE FULLMER,skipped,skipped
VI976,JULIE FULLMER,MARC BRIMHALL,MARIA GUADALUPE CANE
VI977,JULIE FULLMER,skipped,skipped
VI978,JULIE FULLMER,MARC BRIMHALL,MARIA GUADALUPE CANE
VI979,JULIE FULLMER,MARC BRIMHALL,MARIA GUADALUPE CANE
VI980,JULIE FULLMER,MARIA GUADALUPE CANE,MARC BRIMHALL
VI981,JULIE FULLMER,MARC BRIMHALL,MARIA GUADALUPE CANE
VI982,JULIE FULLMER,MARC BRIMHALL,MARIA GUADALUPE CANE
VI983,JULIE FULLMER,skipped,skipped
VI984,JULIE FULLMER,MARC BRIMHALL,MARIA GUADALUPE CANE
VI985,JULIE FULLMER,MARC BRIMHALL,MARIA GUADALUPE CANE
VI986,JULIE FULLMER,MARC BRIMHALL,MARIA GUADALUPE CANE
VI987,MARIA GUADALUPE CANE,MARC BRIMHALL,JULIE FULLMER
VI988,JULIE FULLMER,MARC BRIMHALL,MARIA GUADALUPE CANE
VI989,JULIE FULLMER,MARC BRIMHALL,MARIA GUADALUPE CANE
VI990,JULIE FULLMER,MARIA GUADALUPE CANE,MARC BRIMHALL
VI991,JULIE FULLMER,skipped,skipped
VI992,JULIE FULLMER,skipped,skipped
VI993,JULIE FULLMER,skipped,skipped
VI994,JULIE FULLMER,MARC BRIMHALL,MARIA GUADALUPE CANE
VI995,JULIE FULLMER,MARC BRIMHALL,MARIA GUADALUPE CANE
VI996,JULIE FULLMER,MARC BRIMHALL,MARIA GUADALUPE CANE
VI997,JULIE FULLMER,skipped,skipped
VI998,JULIE FULLMER,MARC BRIMHALL,MARIA GUADALUPE CANE
VI999,JULIE FULLMER,MARC BRIMHALL,MARIA GUADALUPE CANE
VI1000,JULIE FULLMER,skipped,skipped
VI1001,JULIE FULLMER,MARC BRIMHALL,MARIA GUADALUPE CANE
VI1002,JULIE FULLMER,skipped,skipped
VI1003,JULIE FULLMER,MARC BRIMHALL,MARIA GUADALUPE CANE
VI1004,MARC BRIMHALL,JULIE FULLMER,MARIA GUADALUPE CANE
VI1005,JULIE FULLMER,MARC BRIMHALL,MARIA GUADALUPE CANE
VI1006,JULIE FULLMER,MARC BRIMHALL,MARIA GUADALUPE CANE
VI1007,JULIE FULLMER,MARIA GUADALUPE CANE,MARC BRIMHALL
VI1008,JULIE FULLMER,skipped,skipped
VI1009,JULIE FULLMER,MARC BRIMHALL,skipped
VI1010,JULIE FULLMER,skipped,skipped
VI1011,MARC BRIMHALL,JULIE FULLMER,MARIA GUADALUPE CANE
VI1012,JULIE FULLMER,MARC BRIMHALL,MARIA GUADALUPE CANE
VI1013,JULIE FULLMER,MARIA GUADALUPE CANE,skipped
VI1014,MARC BRIMHALL,skipped,skipped
VI1015,JULIE FULLMER,skipped,skipped
VI1016,MARC BRIMHALL,JULIE FULLMER,MARIA GUADALUPE CANE
VI1017,JULIE FULLMER,MARIA GUADALUPE CANE,MARC BRIMHALL
VI1018,MARIA GUADALUPE CANE,JULIE FULLMER,MARC BRIMHALL
VI1019,JULIE FULLMER,MARIA GUADALUPE CANE,MARC BRIMHALL
VI1020,JULIE FULLMER,MARC BRIMHALL,MARIA GUADALUPE CANE
VI1021,JULIE FULLMER,MARIA GUADALUPE CANE,MARC BRIMHALL
VI1022,JULIE FULLMER,MARC BRIMHALL,MARIA GUADALUPE CANE
VI1023,JULIE FULLMER,MARC BRIMHALL,MARIA GUADALUPE CANE
VI1024,MARC BRIMHALL,JULIE FULLMER,MARIA GUADALUPE CANE
VI1025,MARIA GUADALUPE CANE,MARC BRIMHALL,JULIE FULLMER
VI1026,JULIE FULLMER,MARC BRIMHALL,MARIA GUADALUPE CANE
VI1027,JULIE FULLMER,skipped,skipped
VI1028,JULIE FULLMER,MARC BRIMHALL,MARIA GUADALUPE CANE
VI1029,JULIE FULLMER,skipped,skipped
VI1030,JULIE FULLMER,MARC BRIMHALL,MARIA GUADALUPE CANE
VI1031,JULIE FULLMER,MARC BRIMHALL,MARIA GUADALUPE CANE
VI1032,JULIE FULLMER,MARC BRIMHALL,MARIA GUADALUPE CANE
VI1033,JULIE FULLMER,MARC BRIMHALL,MARIA GUADALUPE CANE
VI1034,JULIE FULLMER,skipped,skipped
VI1035,JULIE FULLMER,MARIA GUADALUPE CANE,skipped
VI1036,JULIE FULLMER,MARC BRIMHALL,MARIA GUADALUPE CANE
VI1037,JULIE FULLMER,MARC BRIMHALL,MARIA GUADALUPE CANE
VI1038,JULIE FULLMER,MARC BRIMHALL,MARIA GUADALUPE CANE
VI1039,JULIE FULLMER,MARC BRIMHALL,MARIA GUADALUPE CANE
VI1040,JULIE FULLMER,MARC BRIMHALL,MARIA GUADALUPE CANE
VI1041,JULIE FULLMER,MARIA GUADALUPE CANE,MARC BRIMHALL
VI1042,JULIE FULLMER,MARC BRIMHALL,MARIA GUADALUPE CANE
VI1043,JULIE FULLMER,MARC BRIMHALL,MARIA GUADALUPE CANE
VI1044,JULIE FULLMER,skipped,skipped
VI1045,JULIE FULLMER,MARC BRIMHALL,skipped
VI1046,JULIE FULLMER,skipped,skipped
VI1047,JULIE FULLMER,MARC BRIMHALL,skipped
VI1048,JULIE FULLMER,MARC BRIMHALL,MARIA GUADALUPE CANE
VI1049,JULIE FULLMER,MARC BRIMHALL,MARIA GUADALUPE CANE
VI1050,JULIE FULLMER,MARC BRIMHALL,MARIA GUADALUPE CANE
VI1051,JULIE FULLMER,skipped,skipped
VI1052,JULIE FULLMER,MARC BRIMHALL,MARIA GUADALUPE CANE
VI1053,JULIE FULLMER,MARC BRIMHALL,MARIA GUADALUPE CANE
VI1054,JULIE FULLMER,MARIA GUADALUPE CANE,MARC BRIMHALL
VI1055,JULIE FULLMER,MARC BRIMHALL,MARIA GUADALUPE CANE
VI1056,JULIE FULLMER,skipped,skipped
VI1057,JULIE FULLMER,skipped,skipped
VI1058,JULIE FULLMER,MARIA GUADALUPE CANE,MARC BRIMHALL
VI1059,JULIE FULLMER,MARC BRIMHALL,MARIA GUADALUPE CANE
VI1060,JULIE FULLMER,skipped,skipped
VI1061,JULIE FULLMER,MARC BRIMHALL,MARIA GUADALUPE CANE
VI1062,JULIE FULLMER,MARC BRIMHALL,MARIA GUADALUPE CANE
VI1063,JULIE FULLMER,skipped,skipped
VI1064,JULIE FULLMER,MARIA GUADALUPE CANE,MARC BRIMHALL
VI1065,JULIE FULLMER,skipped,skipped
VI1066,JULIE FULLMER,MARC BRIMHALL,MARIA GUADALUPE CANE
VI1067,JULIE FULLMER,MARC BRIMHALL,MARIA GUADALUPE CANE
VI1068,MARC BRIMHALL,JULIE FULLMER,MARIA GUADALUPE CANE
VI1069,JULIE FULLMER,MARIA GUADALUPE CANE,MARC BRIMHALL
VI1070,JULIE FULLMER,JULIE FULLMER,JULIE FULLMER
VI1071,JULIE FULLMER,skipped,skipped
VI1072,MARC BRIMHALL,JULIE FULLMER,MARIA GUADALUPE CANE
VI1073,JULIE FULLMER,MARC BRIMHALL,MARIA GUADALUPE CANE
VI1074,JULIE FULLMER,MARC BRIMHALL,MARIA GUADALUPE CANE
VI1075,JULIE FULLMER,MARC BRIMHALL,MARIA GUADALUPE CANE
VI1076,JULIE FULLMER,MARC BRIMHALL,MARIA GUADALUPE CANE
VI1077,JULIE FULLMER,MARC BRIMHALL,MARIA GUADALUPE CANE
VI1078,MARIA GUADALUPE CANE,MARC BRIMHALL,JULIE FULLMER
VI1079,JULIE FULLMER,MARC BRIMHALL,MARIA GUADALUPE CANE
VI1080,JULIE FULLMER,MARC BRIMHALL,skipped
VI1081,JULIE FULLMER,MARIA GUADALUPE CANE,MARC BRIMHALL
VI1082,JULIE FULLMER,MARC BRIMHALL,MARIA GUADALUPE CANE
VI1083,MARC BRIMHALL,JULIE FULLMER,MARIA GUADALUPE CANE
VI1084,JULIE FULLMER,MARIA GUADALUPE CANE,MARC BRIMHALL
VI1085,MARIA GUADALUPE CANE,JULIE FULLMER,MARC BRIMHALL
VI1086,MARC BRIMHALL,MARIA GUADALUPE CANE,JULIE FULLMER
VI1087,MARIA GUADALUPE CANE,MARC BRIMHALL,JULIE FULLMER
VI1088,JULIE FULLMER,MARC BRIMHALL,MARIA GUADALUPE CANE
VI1089,JULIE FULLMER,MARC BRIMHALL,MARIA GUADALUPE CANE
VI1090,MARC BRIMHALL,JULIE FULLMER,MARIA GUADALUPE CANE
VI1091,MARIA GUADALUPE CANE,JULIE FULLMER,MARC BRIMHALL
VI1092,JULIE FULLMER,MARC BRIMHALL,MARIA GUADALUPE CANE
VI1093,JULIE FULLMER,skipped,skipped
VI1094,JULIE FULLMER,MARC BRIMHALL,MARIA GUADALUPE CANE
VI1095,MARIA GUADALUPE CANE,MARC BRIMHALL,JULIE FULLMER
VI1096,JULIE FULLMER,MARC BRIMHALL,MARIA GUADALUPE CANE
VI1097,JULIE FULLMER,JULIE FULLMER,JULIE FULLMER
VI1098,JULIE FULLMER,MARC BRIMHALL,MARIA GUADALUPE CANE
VI1099,MARC BRIMHALL,JULIE FULLMER,MARIA GUADALUPE CANE
VI1100,JULIE FULLMER,MARC BRIMHALL,MARIA GUADALUPE CANE
VI1101,JULIE FULLMER,MARIA GUADALUPE CANE,MARC BRIMHALL
VI1102,JULIE FULLMER,MARC BRIMHALL,MARIA GUADALUPE CANE
VI1103,JULIE FULLMER,MARC BRIMHALL,MARIA GUADALUPE CANE
VI1104,JULIE FULLMER,skipped,skipped
VI1105,JULIE FULLMER,MARIA GUADALUPE CANE,MARC BRIMHALL
VI1106,JULIE FULLMER,MARC BRIMHALL,MARIA GUADALUPE CANE
VI1107,JULIE FULLMER,MARC BRIMHALL,MARIA GUADALUPE CANE
VI1108,JULIE FULLMER,MARC BRIMHALL,MARIA GUADALUPE CANE
VI1109,MARC BRIMHALL,JULIE FULLMER,MARIA GUADALUPE CANE
VI1110,JULIE FULLMER,MARC BRIMHALL,MARIA GUADALUPE CANE
VI1111,MARIA GUADALUPE CANE,JULIE FULLMER,MARC BRIMHALL
VI1112,JULIE FULLMER,MARIA GUADALUPE CANE,MARC BRIMHALL
VI1113,MARC BRIMHALL,JULIE FULLMER,MARIA GUADALUPE CANE
VI1114,MARC BRIMHALL,MARIA GUADALUPE CANE,skipped
VI1115,JULIE FULLMER,MARC BRIMHALL,MARIA GUADALUPE CANE
VI1116,JULIE FULLMER,MARC BRIMHALL,MARIA GUADALUPE CANE
VI1117,MARC BRIMHALL,JULIE FULLMER,MARIA GUADALUPE CANE
VI1118,JULIE FULLMER,MARC BRIMHALL,MARIA GUADALUPE CANE
VI1119,JULIE FULLMER,MARC BRIMHALL,MARIA GUADALUPE CANE
VI1120,JULIE FULLMER,MARC BRIMHALL,MARIA GUADALUPE CANE
VI1121,JULIE FULLMER,MARIA GUADALUPE CANE,MARC BRIMHALL
VI1122,JULIE FULLMER,MARIA GUADALUPE CANE,MARC BRIMHALL
VI1123,JULIE FULLMER,JULIE FULLMER,JULIE FULLMER
VI1124,JULIE FULLMER,MARC BRIMHALL,MARIA GUADALUPE CANE
VI1125,MARC BRIMHALL,MARIA GUADALUPE CANE,JULIE FULLMER
VI1126,JULIE FULLMER,MARIA GUADALUPE CANE,MARC BRIMHALL
VI1127,MARIA GUADALUPE CANE,MARC BRIMHALL,JULIE FULLMER
VI1128,JULIE FULLMER,MARC BRIMHALL,MARIA GUADALUPE CANE
VI1129,JULIE FULLMER,MARC BRIMHALL,MARIA GUADALUPE CANE
VI1130,MARC BRIMHALL,MARIA GUADALUPE CANE,skipped
VI1131,JULIE FULLMER,MARIA GUADALUPE CANE,MARC BRIMHALL
VI1132,JULIE FULLMER,MARIA GUADALUPE CANE,MARC BRIMHALL
VI1133,MARIA GUADALUPE CANE,JULIE FULLMER,MARC BRIMHALL
VI1134,JULIE FULLMER,MARIA GUADALUPE CANE,MARC BRIMHALL
VI1135,JULIE FULLMER,MARC BRIMHALL,MARIA GUADALUPE CANE
VI1136,JULIE FULLMER,MARC BRIMHALL,MARIA GUADALUPE CANE
VI1137,MARIA GUADALUPE CANE,JULIE FULLMER,MARC BRIMHALL
VI1138,JULIE FULLMER,MARIA GUADALUPE CANE,MARC BRIMHALL
VI1139,JULIE FULLMER,MARC BRIMHALL,MARIA GUADALUPE CANE
VI1140,JULIE FULLMER,MARC BRIMHALL,MARIA GUADALUPE CANE
VI1141,JULIE FULLMER,skipped,skipped
VI1142,JULIE FULLMER,MARC BRIMHALL,MARIA GUADALUPE CANE
VI1143,JULIE FULLMER,MARC BRIMHALL,MARIA GUADALUPE CANE
VI1144,JULIE FULLMER,MARIA GUADALUPE CANE,MARC BRIMHALL
VI1145,JULIE FULLMER,MARC BRIMHALL,MARIA GUADALUPE CANE
VI1146,JULIE FULLMER,MARC BRIMHALL,MARIA GUADALUPE CANE
VI1147,JULIE FULLMER,MARC BRIMHALL,MARIA GUADALUPE CANE
VI1148,JULIE FULLMER,MARIA GUADALUPE CANE,MARIA GUADALUPE CANE
VI1149,MARC BRIMHALL,MARIA GUADALUPE CANE,skipped
VI1150,JULIE FULLMER,skipped,skipped
VI1151,MARC BRIMHALL,MARIA GUADALUPE CANE,JULIE FULLMER
VI1152,JULIE FULLMER,MARC BRIMHALL,MARIA GUADALUPE CANE
VI1153,JULIE FULLMER,skipped,skipped
VI1154,JULIE FULLMER,MARC BRIMHALL,MARIA GUADALUPE CANE
VI1155,JULIE FULLMER,MARIA GUADALUPE CANE,MARC BRIMHALL
VI1156,JULIE FULLMER,skipped,skipped
VI1157,JULIE FULLMER,MARC BRIMHALL,MARIA GUADALUPE CANE
VI1158,JULIE FULLMER,MARC BRIMHALL,MARIA GUADALUPE CANE
VI1159,MARC BRIMHALL,JULIE FULLMER,MARIA GUADALUPE CANE
VI1160,JULIE FULLMER,JULIE FULLMER,JULIE FULLMER
VI1161,JULIE FULLMER,MARC BRIMHALL,MARIA GUADALUPE CANE
VI1162,JULIE FULLMER,MARC BRIMHALL,MARIA GUADALUPE CANE
VI1163,JULIE FULLMER,skipped,skipped
VI1164,JULIE FULLMER,MARIA GUADALUPE CANE,MARC BRIMHALL
VI1165,JULIE FULLMER,MARC BRIMHALL,MARIA GUADALUPE CANE
VI1166,JULIE FULLMER,skipped,skipped
VI1167,JULIE FULLMER,MARC BRIMHALL,MARIA GUADALUPE CANE
VI1168,JULIE FULLMER,MARC BRIMHALL,MARIA GUADALUPE CANE
VI1169,JULIE FULLMER,MARC BRIMHALL,MARIA GUADALUPE CANE
VI1170,JULIE FULLMER,skipped,skipped
VI1171,MARC BRIMHALL,skipped,skipped
VI1172,JULIE FULLMER,MARIA GUADALUPE CANE,MARC BRIMHALL
VI1173,MARC BRIMHALL,skipped,skipped
VI1174,JULIE FULLMER,MARC BRIMHALL,MARIA GUADALUPE CANE
VI1175,JULIE FULLMER,MARIA GUADALUPE CANE,MARC BRIMHALL
VI1176,JULIE FULLMER,MARC BRIMHALL,MARIA GUADALUPE CANE
VI1177,JULIE FULLMER,MARC BRIMHALL,MARIA GUADALUPE CANE
VI1178,JULIE FULLMER,MARC BRIMHALL,MARIA GUADALUPE CANE
VI1179,JULIE FULLMER,skipped,skipped
VI1180,JULIE FULLMER,skipped,skipped
VI1181,JULIE FULLMER,MARC BRIMHALL,MARIA GUADALUPE CANE
VI1182,JULIE FULLMER,MARIA GUADALUPE CANE,MARC BRIMHALL
VI1183,JULIE FULLMER,skipped,skipped
VI1184,JULIE FULLMER,MARC BRIMHALL,MARIA GUADALUPE CANE
VI1185,JULIE FULLMER,MARIA GUADALUPE CANE,MARC BRIMHALL
VI1186,JULIE FULLMER,MARIA GUADALUPE CANE,MARC BRIMHALL
VI1187,JULIE FULLMER,MARC BRIMHALL,MARIA GUADALUPE CANE
VI1188,JULIE FULLMER,MARC BRIMHALL,MARIA GUADALUPE CANE
VI1189,JULIE FULLMER,MARC BRIMHALL,MARIA GUADALUPE CANE
VI1190,JULIE FULLMER,MARC BRIMHALL,MARIA GUADALUPE CANE
VI1191,JULIE FULLMER,MARIA GUADALUPE CANE,MARC BRIMHALL
VI1192,JULIE FULLMER,MARC BRIMHALL,MARIA GUADALUPE CANE
VI1193,JULIE FULLMER,skipped,skipped
VI1194,JULIE FULLMER,MARC BRIMHALL,MARIA GUADALUPE CANE
VI1195,JULIE FULLMER,MARC BRIMHALL,MARIA GUADALUPE CANE
VI1196,MARC BRIMHALL,skipped,skipped
VI1197,JULIE FULLMER,skipped,skipped
VI1198,JULIE FULLMER,MARC BRIMHALL,MARIA GUADALUPE CANE
VI1199,MARIA GUADALUPE CANE,JULIE FULLMER,MARC BRIMHALL
VI1200,JULIE FULLMER,MARC BRIMHALL,MARIA GUADALUPE CANE
VI1201,JULIE FULLMER,skipped,skipped
VI1202,JULIE FULLMER,MARC BRIMHALL,MARIA GUADALUPE CANE
VI1203,JULIE FULLMER,skipped,skipped
VI1204,MARC BRIMHALL,JULIE FULLMER,MARIA GUADALUPE CANE
VI1205,JULIE FULLMER,skipped,skipped
VI1206,JULIE FULLMER,MARC BRIMHALL,MARIA GUADALUPE CANE
VI1207,skipped,skipped,JULIE FULLMER
VI1208,JULIE FULLMER,MARIA GUADALUPE CANE,MARC BRIMHALL
VI1209,JULIE FULLMER,MARC BRIMHALL,MARIA GUADALUPE CANE
VI1210,JULIE FULLMER,MARC BRIMHALL,MARIA GUADALUPE CANE
VI1211,JULIE FULLMER,MARIA GUADALUPE CANE,MARC BRIMHALL
VI1212,JULIE FULLMER,MARIA GUADALUPE CANE,MARC BRIMHALL
VI1213,JULIE FULLMER,MARC BRIMHALL,MARIA GUADALUPE CANE
VI1214,JULIE FULLMER,skipped,skipped
VI1215,JULIE FULLMER,skipped,skipped
VI1216,MARIA GUADALUPE CANE,MARC BRIMHALL,JULIE FULLMER
VI1217,JULIE FULLMER,MARC BRIMHALL,MARIA GUADALUPE CANE
VI1218,JULIE FULLMER,MARC BRIMHALL,MARIA GUADALUPE CANE
VI1219,JULIE FULLMER,MARC BRIMHALL,MARIA GUADALUPE CANE
VI1220,JULIE FULLMER,MARC BRIMHALL,MARIA GUADALUPE CANE
VI1221,JULIE FULLMER,MARC BRIMHALL,MARIA GUADALUPE CANE
VI1222,MARIA GUADALUPE CANE,MARC BRIMHALL,JULIE FULLMER
VI1223,JULIE FULLMER,MARC BRIMHALL,MARIA GUADALUPE CANE
VI1224,JULIE FULLMER,MARC BRIMHALL,MARIA GUADALUPE CANE
VI1225,MARC BRIMHALL,JULIE FULLMER,MARIA GUADALUPE CANE
VI1226,MARIA GUADALUPE CANE,JULIE FULLMER,MARC BRIMHALL
VI1227,JULIE FULLMER,MARC BRIMHALL,MARIA GUADALUPE CANE
VI1228,JULIE FULLMER,MARIA GUADALUPE CANE,MARC BRIMHALL
VI1229,JULIE FULLMER,MARIA GUADALUPE CANE,MARC BRIMHALL
VI1230,JULIE FULLMER,skipped,skipped
VI1231,JULIE FULLMER,MARIA GUADALUPE CANE,MARC BRIMHALL
VI1232,MARIA GUADALUPE CANE,MARC BRIMHALL,JULIE FULLMER
VI1233,JULIE FULLMER,MARC BRIMHALL,MARIA GUADALUPE CANE
VI1234,JULIE FULLMER,MARIA GUADALUPE CANE,MARC BRIMHALL
VI1235,MARIA GUADALUPE CANE,MARC BRIMHALL,JULIE FULLMER
VI1236,JULIE FULLMER,MARC BRIMHALL,MARIA GUADALUPE CANE
VI1237,JULIE FULLMER,skipped,skipped
VI1238,JULIE FULLMER,skipped,skipped
VI1239,JULIE FULLMER,MARC BRIMHALL,MARIA GUADALUPE CANE
VI1240,JULIE FULLMER,skipped,skipped
VI1241,JULIE FULLMER,MARC BRIMHALL,MARIA GUADALUPE CANE
VI1242,MARC BRIMHALL,JULIE FULLMER,MARIA GUADALUPE CANE
VI1243,JULIE FULLMER,MARC BRIMHALL,MARIA GUADALUPE CANE
VI1244,JULIE FULLMER,MARIA GUADALUPE CANE,MARC BRIMHALL
VI1245,MARIA GUADALUPE CANE,JULIE FULLMER,MARC BRIMHALL
VI1246,JULIE FULLMER,MARIA GUADALUPE CANE,MARC BRIMHALL
VI1247,JULIE FULLMER,skipped,skipped
VI1248,JULIE FULLMER,skipped,skipped
VI1249,JULIE FULLMER,skipped,skipped
VI1250,JULIE FULLMER,MARC BRIMHALL,MARIA GUADALUPE CANE
VI1251,JULIE FULLMER,skipped,skipped
VI1252,JULIE FULLMER,MARC BRIMHALL,MARIA GUADALUPE CANE
VI1253,JULIE FULLMER,MARIA GUADALUPE CANE,MARC BRIMHALL
VI1254,JULIE FULLMER,MARC BRIMHALL,MARIA GUADALUPE CANE
VI1255,JULIE FULLMER,MARC BRIMHALL,MARIA GUADALUPE CANE
VI1256,JULIE FULLMER,MARC BRIMHALL,MARIA GUADALUPE CANE
VI1257,JULIE FULLMER,MARC BRIMHALL,MARIA GUADALUPE CANE
VI1258,JULIE FULLMER,skipped,skipped
VI1259,JULIE FULLMER,skipped,skipped
VI1260,JULIE FULLMER,MARIA GUADALUPE CANE,MARC BRIMHALL
VI1261,JULIE FULLMER,MARC BRIMHALL,MARIA GUADALUPE CANE
VI1262,JULIE FULLMER,MARC BRIMHALL,MARIA GUADALUPE CANE
VI1263,JULIE FULLMER,MARIA GUADALUPE CANE,MARC BRIMHALL
VI1264,JULIE FULLMER,MARIA GUADALUPE CANE,MARC BRIMHALL
VI1265,JULIE FULLMER,MARC BRIMHALL,MARIA GUADALUPE CANE
VI1266,JULIE FULLMER,MARC BRIMHALL,MARIA GUADALUPE CANE
VI1267,JULIE FULLMER,MARC BRIMHALL,MARIA GUADALUPE CANE
VI1268,JULIE FULLMER,MARC BRIMHALL,MARIA GUADALUPE CANE
VI1269,JULIE FULLMER,skipped,skipped
VI1270,JULIE FULLMER,MARC BRIMHALL,MARIA GUADALUPE CANE
VI1271,JULIE FULLMER,MARC BRIMHALL,MARIA GUADALUPE CANE
VI1272,JULIE FULLMER,MARIA GUADALUPE CANE,MARC BRIMHALL
VI1273,JULIE FULLMER,MARIA GUADALUPE CANE,MARC BRIMHALL
VI1274,JULIE FULLMER,skipped,skipped
VI1275,JULIE FULLMER,MARIA GUADALUPE CANE,MARC BRIMHALL
VI1276,JULIE FULLMER,skipped,skipped
VI1277,JULIE FULLMER,MARC BRIMHALL,MARIA GUADALUPE CANE
VI1278,JULIE FULLMER,MARC BRIMHALL,MARIA GUADALUPE CANE
VI1279,JULIE FULLMER,MARC BRIMHALL,MARIA GUADALUPE CANE
VI1280,JULIE FULLMER,MARC BRIMHALL,MARIA GUADALUPE CANE
VI1281,MARC BRIMHALL,MARIA GUADALUPE CANE,JULIE FULLMER
VI1282,JULIE FULLMER,MARIA GUADALUPE CANE,MARC BRIMHALL
VI1283,JULIE FULLMER,JULIE FULLMER,JULIE FULLMER
VI1284,JULIE FULLMER,MARC BRIMHALL,MARIA GUADALUPE CANE
VI1285,JULIE FULLMER,MARIA GUADALUPE CANE,MARC BRIMHALL
VI1286,JULIE FULLMER,MARC BRIMHALL,MARIA GUADALUPE CANE
VI1287,JULIE FULLMER,MARC BRIMHALL,MARIA GUADALUPE CANE
VI1288,MARC BRIMHALL,JULIE FULLMER,MARIA GUADALUPE CANE
VI1289,JULIE FULLMER,MARIA GUADALUPE CANE,MARC BRIMHALL
VI1290,JULIE FULLMER,MARC BRIMHALL,MARIA GUADALUPE CANE
VI1291,MARC BRIMHALL,JULIE FULLMER,MARIA GUADALUPE CANE
VI1292,JULIE FULLMER,MARC BRIMHALL,MARIA GUADALUPE CANE
VI1293,JULIE FULLMER,MARC BRIMHALL,MARIA GUADALUPE CANE
VI1294,JULIE FULLMER,skipped,skipped
VI1295,JULIE FULLMER,MARC BRIMHALL,MARIA GUADALUPE CANE
VI1296,JULIE FULLMER,MARC BRIMHALL,MARIA GUADALUPE CANE
VI1297,JULIE FULLMER,MARIA GUADALUPE CANE,MARC BRIMHALL
VI1298,JULIE FULLMER,MARC BRIMHALL,MARIA GUADALUPE CANE
VI1299,JULIE FULLMER,MARC BRIMHALL,MARIA GUADALUPE CANE
VI1300,JULIE FULLMER,MARC BRIMHALL,MARIA GUADALUPE CANE
VI1301,JULIE FULLMER,MARC BRIMHALL,skipped
VI1302,JULIE FULLMER,MARC BRIMHALL,MARIA GUADALUPE CANE
VI1303,JULIE FULLMER,skipped,skipped
VI1304,MARC BRIMHALL,MARIA GUADALUPE CANE,JULIE FULLMER
VI1305,MARIA GUADALUPE CANE,JULIE FULLMER,MARC BRIMHALL
VI1306,JULIE FULLMER,MARC BRIMHALL,MARIA GUADALUPE CANE
VI1307,JULIE FULLMER,MARIA GUADALUPE CANE,MARC BRIMHALL
VI1308,JULIE FULLMER,MARC BRIMHALL,MARIA GUADALUPE CANE
VI1309,JULIE FULLMER,MARIA GUADALUPE CANE,MARC BRIMHALL
VI1310,JULIE FULLMER,MARC BRIMHALL,MARIA GUADALUPE CANE
VI1311,JULIE FULLMER,MARIA GUADALUPE CANE,MARC BRIMHALL
VI1312,JULIE FULLMER,MARC BRIMHALL,MARIA GUADALUPE CANE
VI1313,JULIE FULLMER,skipped,skipped
VI1314,JULIE FULLMER,MARC BRIMHALL,MARIA GUADALUPE CANE
VI1315,JULIE FULLMER,skipped,skipped
VI1316,JULIE FULLMER,skipped,skipped
VI1317,JULIE FULLMER,MARC BRIMHALL,MARIA GUADALUPE CANE
VI1318,JULIE FULLMER,MARC BRIMHALL,MARIA GUADALUPE CANE
VI1319,JULIE FULLMER,MARC BRIMHALL,MARIA GUADALUPE CANE
VI1320,JULIE FULLMER,MARC BRIMHALL,MARIA GUADALUPE CANE
VI1321,JULIE FULLMER,MARC BRIMHALL,MARIA GUADALUPE CANE
VI1322,MARIA GUADALUPE CANE,JULIE FULLMER,MARC BRIMHALL
VI1323,JULIE FULLMER,MARIA GUADALUPE CANE,MARC BRIMHALL
VI1324,JULIE FULLMER,MARIA GUADALUPE CANE,MARC BRIMHALL
VI1325,JULIE FULLMER,skipped,skipped
VI1326,JULIE FULLMER,skipped,skipped
VI1327,JULIE FULLMER,skipped,skipped
VI1328,MARIA GUADALUPE CANE,MARC BRIMHALL,JULIE FULLMER
VI1329,JULIE FULLMER,MARC BRIMHALL,MARIA GUADALUPE CANE
VI1330,MARIA GUADALUPE CANE,JULIE FULLMER,MARC BRIMHALL
VI1331,MARC BRIMHALL,MARC BRIMHALL,MARC BRIMHALL
VI1332,JULIE FULLMER,MARC BRIMHALL,skipped
VI1333,JULIE FULLMER,MARC BRIMHALL,MARIA GUADALUPE CANE
VI1334,MARC BRIMHALL,JULIE FULLMER,MARIA GUADALUPE CANE
VI1335,JULIE FULLMER,skipped,skipped
VI1336,JULIE FULLMER,MARIA GUADALUPE CANE,MARC BRIMHALL
VI1337,MARC BRIMHALL,JULIE FULLMER,MARIA GUADALUPE CANE
VI1338,JULIE FULLMER,MARIA GUADALUPE CANE,MARC BRIMHALL
VI1339,JULIE FULLMER,MARC BRIMHALL,MARIA GUADALUPE CANE
VI1340,JULIE FULLMER,MARC BRIMHALL,MARIA GUADALUPE CANE
VI1341,JULIE FULLMER,MARC BRIMHALL,MARIA GUADALUPE CANE
VI1342,JULIE FULLMER,MARC BRIMHALL,MARIA GUADALUPE CANE
VI1343,JULIE FULLMER,MARIA GUADALUPE CANE,MARC BRIMHALL
VI1344,JULIE FULLMER,MARC BRIMHALL,MARIA GUADALUPE CANE
VI1345,JULIE FULLMER,MARC BRIMHALL,MARIA GUADALUPE CANE
VI1346,MARIA GUADALUPE CANE,JULIE FULLMER,MARC BRIMHALL
VI1347,JULIE FULLMER,skipped,skipped
VI1348,MARIA GUADALUPE CANE,MARC BRIMHALL,JULIE FULLMER
VI1349,JULIE FULLMER,MARIA GUADALUPE CANE,MARC BRIMHALL
VI1350,JULIE FULLMER,MARC BRIMHALL,MARIA GUADALUPE CANE
VI1351,JULIE FULLMER,skipped,skipped
VI1352,JULIE FULLMER,skipped,skipped
VI1353,JULIE FULLMER,MARC BRIMHALL,MARIA GUADALUPE CANE
VI1354,JULIE FULLMER,MARC BRIMHALL,MARIA GUADALUPE CANE
VI1355,JULIE FULLMER,MARC BRIMHALL,MARIA GUADALUPE CANE
VI1356,JULIE FULLMER,MARC BRIMHALL,MARIA GUADALUPE CANE
VI1357,MARC BRIMHALL,JULIE FULLMER,MARIA GUADALUPE CANE
VI1358,MARC BRIMHALL,JULIE FULLMER,MARIA GUADALUPE CANE
VI1359,JULIE FULLMER,MARC BRIMHALL,MARIA GUADALUPE CANE
VI1360,JULIE FULLMER,MARIA GUADALUPE CANE,MARC BRIMHALL
VI1361,JULIE FULLMER,MARC BRIMHALL,MARIA GUADALUPE CANE
VI1362,JULIE FULLMER,MARC BRIMHALL,MARIA GUADALUPE CANE
VI1363,JULIE FULLMER,MARC BRIMHALL,MARIA GUADALUPE CANE
VI1364,JULIE FULLMER,MARC BRIMHALL,MARIA GUADALUPE CANE
VI1365,JULIE FULLMER,MARC BRIMHALL,MARIA GUADALUPE CANE
VI1366,JULIE FULLMER,MARC BRIMHALL,MARIA GUADALUPE CANE
VI1367,JULIE FULLMER,MARIA GUADALUPE CANE,MARC BRIMHALL
VI1368,JULIE FULLMER,skipped,skipped
VI1369,JULIE FULLMER,MARC BRIMHALL,MARIA GUADALUPE CANE
VI1370,JULIE FULLMER,MARC BRIMHALL,MARIA GUADALUPE CANE
VI1371,JULIE FULLMER,MARC BRIMHALL,MARIA GUADALUPE CANE
VI1372,JULIE FULLMER,MARC BRIMHALL,MARIA GUADALUPE CANE
VI1373,JULIE FULLMER,MARC BRIMHALL,MARIA GUADALUPE CANE
VI1374,JULIE FULLMER,skipped,skipped
VI1375,JULIE FULLMER,MARC BRIMHALL,MARIA GUADALUPE CANE
VI1376,JULIE FULLMER,MARC BRIMHALL,MARIA GUADALUPE CANE
VI1377,JULIE FULLMER,skipped,skipped
VI1378,JULIE FULLMER,MARC BRIMHALL,skipped
VI1379,JULIE FULLMER,MARC BRIMHALL,MARIA GUADALUPE CANE
VI1380,JULIE FULLMER,MARC BRIMHALL,MARIA GUADALUPE CANE
VI1381,JULIE FULLMER,MARC BRIMHALL,MARIA GUADALUPE CANE
VI1382,JULIE FULLMER,MARC BRIMHALL,MARIA GUADALUPE CANE
VI1383,JULIE FULLMER,MARIA GUADALUPE CANE,MARC BRIMHALL
VI1384,JULIE FULLMER,MARC BRIMHALL,MARIA GUADALUPE CANE
VI1385,JULIE FULLMER,MARIA GUADALUPE CANE,MARC BRIMHALL
VI1386,JULIE FULLMER,MARIA GUADALUPE CANE,MARC BRIMHALL
VI1387,JULIE FULLMER,MARC BRIMHALL,MARIA GUADALUPE CANE
VI1388,JULIE FULLMER,MARC BRIMHALL,MARIA GUADALUPE CANE
VI1389,JULIE FULLMER,MARC BRIMHALL,MARIA GUADALUPE CANE
VI1390,JULIE FULLMER,MARIA GUADALUPE CANE,MARC BRIMHALL
VI1391,JULIE FULLMER,MARC BRIMHALL,MARIA GUADALUPE CANE
VI1392,JULIE FULLMER,MARIA GUADALUPE CANE,MARC BRIMHALL
VI1393,MARC BRIMHALL,skipped,overvote
VI1394,JULIE FULLMER,MARC BRIMHALL,MARIA GUADALUPE CANE
VI1395,JULIE FULLMER,skipped,skipped
VI1396,JULIE FULLMER,MARC BRIMHALL,MARIA GUADALUPE CANE
VI1397,JULIE FULLMER,MARC BRIMHALL,MARIA GUADALUPE CANE
VI1398,JULIE FULLMER,MARC BRIMHALL,MARIA GUADALUPE CANE
VI1399,JULIE FULLMER,MARC BRIMHALL,MARIA GUADALUPE CANE
VI1400,JULIE FULLMER,MARC BRIMHALL,MARIA GUADALUPE CANE
VI1401,JULIE FULLMER,MARC BRIMHALL,MARIA GUADALUPE CANE
VI1402,JULIE FULLMER,MARC BRIMHALL,MARIA GUADALUPE CANE
VI1403,MARC BRIMHALL,MARIA GUADALUPE CANE,JULIE FULLMER
VI1404,MARIA GUADALUPE CANE,MARC BRIMHALL,JULIE FULLMER
VI1405,JULIE FULLMER,MARC BRIMHALL,MARIA GUADALUPE CANE
VI1406,JULIE FULLMER,MARIA GUADALUPE CANE,MARC BRIMHALL
VI1407,JULIE FULLMER,MARIA GUADALUPE CANE,MARC BRIMHALL
VI1408,JULIE FULLMER,skipped,skipped
VI1409,JULIE FULLMER,MARIA GUADALUPE CANE,MARC BRIMHALL
VI1410,JULIE FULLMER,MARC BRIMHALL,MARIA GUADALUPE CANE
VI1411,JULIE FULLMER,MARIA GUADALUPE CANE,MARC BRIMHALL
VI1412,JULIE FULLMER,MARC BRIMHALL,MARIA GUADALUPE CANE
VI1413,JULIE FULLMER,skipped,skipped
VI1414,JULIE FULLMER,MARC BRIMHALL,MARIA GUADALUPE CANE
VI1415,JULIE FULLMER,skipped,skipped
VI1416,JULIE FULLMER,MARC BRIMHALL,MARIA GUADALUPE CANE
VI1417,JULIE FULLMER,MARIA GUADALUPE CANE,MARC BRIMHALL
VI1418,JULIE FULLMER,MARC BRIMHALL,MARIA GUADALUPE CANE
VI1419,JULIE FULLMER,MARC BRIMHALL,MARIA GUADALUPE CANE
VI1420,MARC BRIMHALL,JULIE FULLMER,MARIA GUADALUPE CANE
VI1421,JULIE FULLMER,MARC BRIMHALL,MARIA GUADALUPE CANE
VI1422,JULIE FULLMER,MARC BRIMHALL,MARIA GUADALUPE CANE
VI1423,JULIE FULLMER,MARC BRIMHALL,MARIA GUADALUPE CANE
VI1424,JULIE FULLMER,skipped,skipped
VI1425,JULIE FULLMER,skipped,skipped
VI1426,JULIE FULLMER,MARC BRIMHALL,MARIA GUADALUPE CANE
VI1427,JULIE FULLMER,MARC BRIMHALL,MARIA GUADALUPE CANE
VI1428,MARIA GUADALUPE CANE,MARC BRIMHALL,JULIE FULLMER
VI1429,MARIA GUADALUPE CANE,JULIE FULLMER,MARC BRIMHALL
VI1430,JULIE FULLMER,MARC BRIMHALL,MARIA GUADALUPE CANE
VI1431,JULIE FULLMER,skipped,skipped
VI1432,JULIE FULLMER,MARC BRIMHALL,MARIA GUADALUPE CANE
VI1433,JULIE FULLMER,MARC BRIMHALL,MARIA GUADALUPE CANE
VI1434,JULIE FULLMER,MARC BRIMHALL,MARIA GUADALUPE CANE
VI1435,JULIE FULLMER,skipped,skipped
VI1436,JULIE FULLMER,MARC BRIMHALL,MARIA GUADALUPE CANE
VI1437,JULIE FULLMER,MARC BRIMHALL,MARIA GUADALUPE CANE
VI1438,MARC BRIMHALL,JULIE FULLMER,MARIA GUADALUPE CANE
VI1439,JULIE FULLMER,MARC BRIMHALL,MARIA GUADALUPE CANE
VI1440,JULIE FULLMER,skipped,skipped
VI1441,JULIE FULLMER,MARIA GUADALUPE CANE,MARC BRIMHALL
VI1442,JULIE FULLMER,MARC BRIMHALL,MARIA GUADALUPE CANE
VI1443,JULIE FULLMER,MARC BRIMHALL,MARIA GUADALUPE CANE
VI1444,JULIE FULLMER,MARC BRIMHALL,MARIA GUADALUPE CANE
VI1445,JULIE FULLMER,MARC BRIMHALL,MARIA GUADALUPE CANE
VI1446,JULIE FULLMER,MARC BRIMHALL,MARIA GUADALUPE CANE
VI1447,JULIE FULLMER,MARC BRIMHALL,MARIA GUADALUPE CANE
VI1448,JULIE FULLMER,skipped,skipped
VI1449,JULIE FULLMER,skipped,skipped
VI1450,JULIE FULLMER,skipped,skipped
VI1451,JULIE FULLMER,MARIA GUADALUPE CANE,MARC BRIMHALL
VI1452,JULIE FULLMER,MARC BRIMHALL,MARIA GUADALUPE CANE
VI1453,JULIE FULLMER,MARC BRIMHALL,MARIA GUADALUPE CANE
VI1454,JULIE FULLMER,MARIA GUADALUPE CANE,MARC BRIMHALL
VI1455,JULIE FULLMER,MARC BRIMHALL,MARIA GUADALUPE CANE
VI1456,JULIE FULLMER,MARC BRIMHALL,MARIA GUADALUPE CANE
VI1457,JULIE FULLMER,MARC BRIMHALL,MARIA GUADALUPE CANE
VI1458,JULIE FULLMER,skipped,skipped
VI1459,JULIE FULLMER,MARC BRIMHALL,MARIA GUADALUPE CANE
VI1460,JULIE FULLMER,MARC BRIMHALL,MARIA GUADALUPE CANE
VI1461,JULIE FULLMER,MARC BRIMHALL,MARIA GUADALUPE CANE
VI1462,JULIE FULLMER,MARIA GUADALUPE CANE,MARC BRIMHALL
VI1463,JULIE FULLMER,MARC BRIMHALL,MARIA GUADALUPE CANE
VI1464,JULIE FULLMER,MARIA GUADALUPE CANE,MARC BRIMHALL
VI1465,JULIE FULLMER,MARIA GUADALUPE CANE,MARC BRIMHALL
VI1466,JULIE FULLMER,MARC BRIMHALL,MARIA GUADALUPE CANE
VI1467,JULIE FULLMER,MARIA GUADALUPE CANE,MARC BRIMHALL
VI1468,JULIE FULLMER,MARIA GUADALUPE CANE,MARC BRIMHALL
VI1469,JULIE FULLMER,MARIA GUADALUPE CANE,MARC BRIMHALL
VI1470,JULIE FULLMER,MARC BRIMHALL,MARIA GUADALUPE CANE
VI1471,MARIA GUADALUPE CANE,JULIE FULLMER,MARC BRIMHALL
VI1472,JULIE FULLMER,MARIA GUADALUPE CANE,MARC BRIMHALL
VI1473,JULIE FULLMER,MARIA GUADALUPE CANE,MARC BRIMHALL
VI1474,JULIE FULLMER,MARC BRIMHALL,MARIA GUADALUPE CANE
VI1475,JULIE FULLMER,MARC BRIMHALL,MARIA GUADALUPE CANE
VI1476,JULIE FULLMER,MARIA GUADALUPE CANE,MARC BRIMHALL
VI1477,MARIA GUADALUPE CANE,JULIE FULLMER,MARC BRIMHALL
VI1478,JULIE FULLMER,MARC BRIMHALL,MARIA GUADALUPE CANE
VI1479,MARIA GUADALUPE CANE,JULIE FULLMER,MARC BRIMHALL
VI1480,MARC BRIMHALL,MARIA GUADALUPE CANE,JULIE FULLMER
VI1481,JULIE FULLMER,skipped,skipped
VI1482,JULIE FULLMER,MARC BRIMHALL,MARIA GUADALUPE CANE
VI1483,JULIE FULLMER,MARC BRIMHALL,skipped
VI1484,JULIE FULLMER,MARC BRIMHALL,MARIA GUADALUPE CANE
VI1485,JULIE FULLMER,MARC BRIMHALL,MARIA GUADALUPE CANE
VI1486,JULIE FULLMER,MARC BRIMHALL,MARIA GUADALUPE CANE
VI1487,JULIE FULLMER,MARC BRIMHALL,MARIA GUADALUPE CANE
VI1488,MARC BRIMHALL,MARIA GUADALUPE CANE,JULIE FULLMER
VI1489,JULIE FULLMER,MARC BRIMHALL,MARIA GUADALUPE CANE
VI1490,JULIE FULLMER,MARC BRIMHALL,MARIA GUADALUPE CANE
VI1491,MARIA GUADALUPE CANE,MARC BRIMHALL,JULIE FULLMER
VI1492,JULIE FULLMER,MARC BRIMHALL,MARIA GUADALUPE CANE
VI1493,JULIE FULLMER,MARC BRIMHALL,MARIA GUADALUPE CANE
VI1494,JULIE FULLMER,MARC BRIMHALL,MARIA GUADALUPE CANE
VI1495,JULIE FULLMER,MARC BRIMHALL,MARIA GUADALUPE CANE
VI1496,JULIE FULLMER,MARC BRIMHALL,MARIA GUADALUPE CANE
VI1497,JULIE FULLMER,skipped,skipped
VI1498,JULIE FULLMER,MARC BRIMHALL,MARIA GUADALUPE CANE
VI1499,JULIE FULLMER,MARC BRIMHALL,MARIA GUADALUPE CANE
VI1500,JULIE FULLMER,MARIA GUADALUPE CANE,MARC BRIMHALL
VI1501,JULIE FULLMER,MARC BRIMHALL,MARIA GUADALUPE CANE
VI1502,MARC BRIMHALL,MARIA GUADALUPE CANE,JULIE FULLMER
VI1503,JULIE FULLMER,skipped,skipped
VI1504,MARIA GUADALUPE CANE,JULIE FULLMER,MARC BRIMHALL
VI1505,JULIE FULLMER,MARC BRIMHALL,MARIA GUADALUPE CANE
VI1506,JULIE FULLMER,MARIA GUADALUPE CANE,MARC BRIMHALL
VI1507,JULIE FULLMER,MARIA GUADALUPE CANE,MARC BRIMHALL
VI1508,JULIE FULLMER,MARC BRIMHALL,MARIA GUADALUPE CANE
VI1509,MARIA GUADALUPE CANE,JULIE FULLMER,MARC BRIMHALL
VI1510,JULIE FULLMER,skipped,skipped
VI1511,JULIE FULLMER,MARIA GUADALUPE CANE,MARC BRIMHALL
VI1512,JULIE FULLMER,skipped,skipped
VI1513,JULIE FULLMER,MARC BRIMHALL,MARIA GUADALUPE CANE
VI1514,JULIE FULLMER,skipped,skipped
VI1515,MARIA GUADALUPE CANE,JULIE FULLMER,MARC BRIMHALL
VI1516,MARC BRIMHALL,skipped,skipped
VI1517,MARC BRIMHALL,JULIE FULLMER,MARIA GUADALUPE CANE
VI1518,MARC BRIMHALL,JULIE FULLMER,MARIA GUADALUPE CANE
VI1519,JULIE FULLMER,skipped,skipped
VI1520,JULIE FULLMER,skipped,skipped
VI1521,JULIE FULLMER,MARIA GUADALUPE CANE,MARC BRIMHALL
VI1522,MARC BRIMHALL,JULIE FULLMER,MARIA GUADALUPE CANE
VI1523,JULIE FULLMER,MARIA GUADALUPE CANE,MARC BRIMHALL
VI1524,JULIE FULLMER,MARIA GUADALUPE CANE,MARC BRIMHALL
VI1525,JULIE FULLMER,MARC BRIMHALL,MARIA GUADALUPE CANE
VI1526,JULIE FULLMER,MARC BRIMHALL,MARIA GUADALUPE CANE
VI1527,MARIA GUADALUPE CANE,MARC BRIMHALL,JULIE FULLMER
VI1528,MARIA GUADALUPE CANE,JULIE FULLMER,MARC BRIMHALL
VI1529,JULIE FULLMER,MARC BRIMHALL,MARIA GUADALUPE CANE
VI1530,JULIE FULLMER,skipped,skipped
VI1531,JULIE FULLMER,skipped,skipped
VI1532,MARIA GUADALUPE CANE,JULIE FULLMER,MARC BRIMHALL
VI1533,JULIE FULLMER,MARC BRIMHALL,MARIA GUADALUPE CANE
VI1534,JULIE FULLMER,MARC BRIMHALL,MARIA GUADALUPE CANE
VI1535,JULIE FULLMER,MARC BRIMHALL,MARIA GUADALUPE CANE
VI1536,JULIE FULLMER,MARC BRIMHALL,MARIA GUADALUPE CANE
VI1537,JULIE FULLMER,MARC BRIMHALL,MARIA GUADALUPE CANE
VI1538,JULIE FULLMER,skipped,skipped
VI1539,JULIE FULLMER,MARC BRIMHALL,MARIA GUADALUPE CANE
VI1540,JULIE FULLMER,MARC BRIMHALL,MARIA GUADALUPE CANE
