Ballot Style,Cast Vote Record,Precinct,rank1,rank2,rank3
ST LOUIS PARK W-1 P-01,21809,ST LOUIS PARK W-1 P-01,writein,skipped,skipped
ST LOUIS PARK W-1 P-01,21810,ST LOUIS PARK W-1 P-01,Margaret Rog,Margaret Rog,Margaret Rog
ST LOUIS PARK W-1 P-01,21811,ST LOUIS PARK W-1 P-01,Margaret Rog,skipped,skipped
ST LOUIS PARK W-1 P-01,21812,ST LOUIS PARK W-1 P-01,writein,skipped,skipped
ST LOUIS PARK W-1 P-01,21813,ST LOUIS PARK W-1 P-01,Margaret Rog,skipped,skipped
ST LOUIS PARK W-1 P-01,21814,ST LOUIS PARK W-1 P-01,Margaret Rog,Margaret Rog,Margaret Rog
ST LOUIS PARK W-1 P-01,21815,ST LOUIS PARK W-1 P-01,writein,skipped,skipped
ST LOUIS PARK W-1 P-01,21816,ST LOUIS PARK W-1 P-01,Margaret Rog,skipped,skipped
ST LOUIS PARK W-1 P-01,21817,ST LOUIS PARK W-1 P-01,Margaret Rog,skipped,skipped
ST LOUIS PARK W-1 P-01,21818,ST LOUIS PARK W-1 P-01,Margaret Rog,skipped,skipped
ST LOUIS PARK W-1 P-01,21819,ST LOUIS PARK W-1 P-01,Margaret Rog,Margaret Rog,Margaret Rog
ST LOUIS PARK W-1 P-01,21820,ST LOUIS PARK W-1 P-01,Margaret Rog,skipped,skipped
ST LOUIS PARK W-1 P-01,21821,ST LOUIS PARK W-1 P-01,Margaret Rog,skipped,skipped
ST LOUIS PARK W-1 P-01,21822,ST LOUIS PARK W-1 P-01,Margaret Rog,Margaret Rog,Margaret Rog
ST LOUIS PARK W-1 P-01,21823,ST LOUIS PARK W-1 P-01,Margaret Rog,Margaret Rog,Margaret Rog
ST LOUIS PARK W-1 P-01,21824,ST LOUIS PARK W-1 P-01,Margaret Rog,Margaret Rog,Margaret Rog
ST LOUIS PARK W-1 P-01,21825,ST LOUIS PARK W-1 P-01,Margaret Rog,skipped,skipped
ST LOUIS PARK W-1 P-01,21826,ST LOUIS PARK W-1 P-01,Margaret Rog,skipped,skipped
ST LOUIS PARK W-1 P-01,21827,ST LOUIS PARK W-1 P-01,Margaret Rog,skipped,skipped
ST LOUIS PARK W-1 P-01,21828,ST LOUIS PARK W-1 P-01,Margaret Rog,Margaret Rog,Margaret Rog
ST LOUIS PARK W-1 P-01,21829,ST LOUIS PARK W-1 P-01,Margaret Rog,Margaret Rog,Margaret Rog
ST LOUIS PARK W-1 P-01,21830,ST LOUIS PARK W-1 P-01,Margaret Rog,Margaret Rog,Margaret Rog
ST LOUIS PARK W-1 P-01,21831,ST LOUIS PARK W-1 P-01,Margaret Rog,skipped,skipped
ST LOUIS PARK W-1 P-01,21832,ST LOUIS PARK W-1 P-01,Margaret Rog,skipped,skipped
ST LOUIS PARK W-1 P-01,21833,ST LOUIS PARK W-1 P-01,Margaret Rog,Margaret Rog,Margaret Rog
ST LOUIS PARK W-1 P-01,21834,ST LOUIS PARK W-1 P-01,Margaret Rog,Margaret Rog,Margaret Rog
ST LOUIS PARK W-1 P-01,21835,ST LOUIS PARK W-1 P-01,Margaret Rog,Margaret Rog,Margaret Rog
ST LOUIS PARK W-1 P-01,21836,ST LOUIS PARK W-1 P-01,Margaret Rog,Margaret Rog,Margaret Rog
ST LOUIS PARK W-1 P-01,21837,ST LOUIS PARK W-1 P-01,Margaret Rog,skipped,skipped
ST LOUIS PARK W-1 P-01,21838,ST LOUIS PARK W-1 P-01,Margaret Rog,Margaret Rog,Margaret Rog
ST LOUIS PARK W-1 P-01,21839,ST LOUIS PARK W-1 P-01,Margaret Rog,skipped,skipped
ST LOUIS PARK W-1 P-01,21840,ST LOUIS PARK W-1 P-01,Margaret Rog,Margaret Rog,Margaret Rog
ST LOUIS PARK W-1 P-01,21841,ST LOUIS PARK W-1 P-01,Margaret Rog,skipped,skipped
ST LOUIS PARK W-1 P-01,21842,ST LOUIS PARK W-1 P-01,writein,Margaret Rog,skipped
ST LOUIS PARK W-1 P-01,21843,ST LOUIS PARK W-1 P-01,Margaret Rog,Margaret Rog,Margaret Rog
ST LOUIS PARK W-1 P-02,21844,ST LOUIS PARK W-1 P-02,Margaret Rog,skipped,skipped
ST LOUIS PARK W-1 P-02,21845,ST LOUIS PARK W-1 P-02,Margaret Rog,Margaret Rog,Margaret Rog
ST LOUIS PARK W-1 P-02,21846,ST LOUIS PARK W-1 P-02,Margaret Rog,Margaret Rog,Margaret Rog
ST LOUIS PARK W-1 P-02,21847,ST LOUIS PARK W-1 P-02,Margaret Rog,Margaret Rog,Margaret Rog
ST LOUIS PARK W-1 P-02,21848,ST LOUIS PARK W-1 P-02,Margaret Rog,skipped,skipped
ST LOUIS PARK W-1 P-02,21849,ST LOUIS PARK W-1 P-02,Margaret Rog,Margaret Rog,Margaret Rog
ST LOUIS PARK W-1 P-02,21850,ST LOUIS PARK W-1 P-02,Margaret Rog,Margaret Rog,Margaret Rog
ST LOUIS PARK W-1 P-02,21851,ST LOUIS PARK W-1 P-02,Margaret Rog,skipped,skipped
ST LOUIS PARK W-1 P-02,21852,ST LOUIS PARK W-1 P-02,Margaret Rog,Margaret Rog,Margaret Rog
ST LOUIS PARK W-1 P-02,21853,ST LOUIS PARK W-1 P-02,Margaret Rog,skipped,skipped
ST LOUIS PARK W-1 P-02,21854,ST LOUIS PARK W-1 P-02,Margaret Rog,skipped,skipped
ST LOUIS PARK W-1 P-02,21855,ST LOUIS PARK W-1 P-02,Margaret Rog,Margaret Rog,Margaret Rog
ST LOUIS PARK W-1 P-02,21856,ST LOUIS PARK W-1 P-02,Margaret Rog,Margaret Rog,Margaret Rog
ST LOUIS PARK W-1 P-02,21857,ST LOUIS PARK W-1 P-02,Margaret Rog,skipped,skipped
ST LOUIS PARK W-1 P-02,21858,ST LOUIS PARK W-1 P-02,Margaret Rog,skipped,skipped
ST LOUIS PARK W-1 P-02,21859,ST LOUIS PARK W-1 P-02,Margaret Rog,skipped,skipped
ST LOUIS PARK W-1 P-02,21860,ST LOUIS PARK W-1 P-02,writein,skipped,skipped
ST LOUIS PARK W-1 P-02,21861,ST LOUIS PARK W-1 P-02,writein,writein,writein
ST LOUIS PARK W-1 P-02,21862,ST LOUIS PARK W-1 P-02,Margaret Rog,Margaret Rog,Margaret Rog
ST LOUIS PARK W-1 P-02,21863,ST LOUIS PARK W-1 P-02,Margaret Rog,skipped,skipped
ST LOUIS PARK W-1 P-02,21864,ST LOUIS PARK W-1 P-02,Margaret Rog,Margaret Rog,Margaret Rog
ST LOUIS PARK W-1 P-02,21865,ST LOUIS PARK W-1 P-02,Margaret Rog,skipped,skipped
ST LOUIS PARK W-1 P-02,21866,ST LOUIS PARK W-1 P-02,Margaret Rog,Margaret Rog,Margaret Rog
ST LOUIS PARK W-1 P-02,21867,ST LOUIS PARK W-1 P-02,Margaret Rog,Margaret Rog,Margaret Rog
ST LOUIS PARK W-1 P-02,21868,ST LOUIS PARK W-1 P-02,Margaret Rog,skipped,skipped
ST LOUIS PARK W-1 P-02,21869,ST LOUIS PARK W-1 P-02,Margaret Rog,skipped,skipped
ST LOUIS PARK W-1 P-02,21870,ST LOUIS PARK W-1 P-02,Margaret Rog,skipped,skipped
ST LOUIS PARK W-1 P-03,21871,ST LOUIS PARK W-1 P-03,Margaret Rog,skipped,skipped
ST LOUIS PARK W-1 P-03,21872,ST LOUIS PARK W-1 P-03,Margaret Rog,Margaret Rog,Margaret Rog
ST LOUIS PARK W-1 P-03,21873,ST LOUIS PARK W-1 P-03,Margaret Rog,Margaret Rog,Margaret Rog
ST LOUIS PARK W-1 P-03,21874,ST LOUIS PARK W-1 P-03,Margaret Rog,Margaret Rog,Margaret Rog
ST LOUIS PARK W-1 P-03,21875,ST LOUIS PARK W-1 P-03,Margaret Rog,skipped,skipped
ST LOUIS PARK W-1 P-03,21876,ST LOUIS PARK W-1 P-03,Margaret Rog,Margaret Rog,skipped
ST LOUIS PARK W-1 P-03,21877,ST LOUIS PARK W-1 P-03,Margaret Rog,Margaret Rog,Margaret Rog
ST LOUIS PARK W-1 P-03,21878,ST LOUIS PARK W-1 P-03,writein,skipped,skipped
ST LOUIS PARK W-1 P-03,21879,ST LOUIS PARK W-1 P-03,skipped,skipped,skipped
ST LOUIS PARK W-1 P-03,21880,ST LOUIS PARK W-1 P-03,Margaret Rog,skipped,skipped
ST LOUIS PARK W-1 P-03,21881,ST LOUIS PARK W-1 P-03,Margaret Rog,Margaret Rog,Margaret Rog
ST LOUIS PARK W-1 P-03,21882,ST LOUIS PARK W-1 P-03,Margaret Rog,Margaret Rog,Margaret Rog
ST LOUIS PARK W-1 P-03,21883,ST LOUIS PARK W-1 P-03,Margaret Rog,Margaret Rog,Margaret Rog
ST LOUIS PARK W-1 P-03,21884,ST LOUIS PARK W-1 P-03,Margaret Rog,skipped,skipped
ST LOUIS PARK W-1 P-03,21885,ST LOUIS PARK W-1 P-03,Margaret Rog,skipped,skipped
ST LOUIS PARK W-1 P-03,21886,ST LOUIS PARK W-1 P-03,Margaret Rog,skipped,skipped
ST LOUIS PARK W-1 P-03,21887,ST LOUIS PARK W-1 P-03,Margaret Rog,skipped,skipped
ST LOUIS PARK W-1 P-03,21888,ST LOUIS PARK W-1 P-03,Margaret Rog,Margaret Rog,Margaret Rog
ST LOUIS PARK W-1 P-04,21889,ST LOUIS PARK W-1 P-04,Margaret Rog,skipped,skipped
ST LOUIS PARK W-1 P-04,21890,ST LOUIS PARK W-1 P-04,Margaret Rog,skipped,skipped
ST LOUIS PARK W-1 P-04,21891,ST LOUIS PARK W-1 P-04,Margaret Rog,Margaret Rog,Margaret Rog
ST LOUIS PARK W-1 P-04,21892,ST LOUIS PARK W-1 P-04,Margaret Rog,Margaret Rog,Margaret Rog
ST LOUIS PARK W-1 P-04,21893,ST LOUIS PARK W-1 P-04,Margaret Rog,Margaret Rog,Margaret Rog
ST LOUIS PARK W-1 P-04,21894,ST LOUIS PARK W-1 P-04,Margaret Rog,skipped,skipped
ST LOUIS PARK W-1 P-04,21895,ST LOUIS PARK W-1 P-04,Margaret Rog,Margaret Rog,skipped
ST LOUIS PARK W-1 P-04,21896,ST LOUIS PARK W-1 P-04,Margaret Rog,skipped,skipped
ST LOUIS PARK W-1 P-04,21897,ST LOUIS PARK W-1 P-04,Margaret Rog,skipped,skipped
ST LOUIS PARK W-1 P-02,22263,ST LOUIS PARK W-1 P-02,Margaret Rog,Margaret Rog,Margaret Rog
ST LOUIS PARK W-1 P-02,22264,ST LOUIS PARK W-1 P-02,Margaret Rog,skipped,skipped
ST LOUIS PARK W-1 P-02,22265,ST LOUIS PARK W-1 P-02,Margaret Rog,skipped,skipped
ST LOUIS PARK W-1 P-01,22266,ST LOUIS PARK W-1 P-01,Margaret Rog,Margaret Rog,Margaret Rog
ST LOUIS PARK W-1 P-01,22267,ST LOUIS PARK W-1 P-01,Margaret Rog,skipped,skipped
ST LOUIS PARK W-1 P-01,22268,ST LOUIS PARK W-1 P-01,Margaret Rog,skipped,skipped
ST LOUIS PARK W-1 P-01,22269,ST LOUIS PARK W-1 P-01,Margaret Rog,skipped,skipped
ST LOUIS PARK W-1 P-01,22270,ST LOUIS PARK W-1 P-01,Margaret Rog,skipped,skipped
ST LOUIS PARK W-1 P-01,22271,ST LOUIS PARK W-1 P-01,Margaret Rog,skipped,skipped
ST LOUIS PARK W-1 P-04,22287,ST LOUIS PARK W-1 P-04,Margaret Rog,skipped,skipped
ST LOUIS PARK W-1 P-04,22288,ST LOUIS PARK W-1 P-04,Margaret Rog,Margaret Rog,Margaret Rog
ST LOUIS PARK W-1 P-04,154697,ST LOUIS PARK W-1 P-04,Margaret Rog,skipped,skipped
ST LOUIS PARK W-1 P-04,154698,ST LOUIS PARK W-1 P-04,writein,writein,writein
ST LOUIS PARK W-1 P-04,154699,ST LOUIS PARK W-1 P-04,Margaret Rog,skipped,skipped
ST LOUIS PARK W-1 P-04,154700,ST LOUIS PARK W-1 P-04,Margaret Rog,Margaret Rog,Margaret Rog
ST LOUIS PARK W-1 P-04,154701,ST LOUIS PARK W-1 P-04,Margaret Rog,Margaret Rog,Margaret Rog
ST LOUIS PARK W-1 P-04,154702,ST LOUIS PARK W-1 P-04,Margaret Rog,writein,skipped
ST LOUIS PARK W-1 P-04,154703,ST LOUIS PARK W-1 P-04,Margaret Rog,skipped,skipped
ST LOUIS PARK W-1 P-04,154704,ST LOUIS PARK W-1 P-04,Margaret Rog,skipped,skipped
ST LOUIS PARK W-1 P-04,154705,ST LOUIS PARK W-1 P-04,Margaret Rog,Margaret Rog,Margaret Rog
ST LOUIS PARK W-1 P-04,154706,ST LOUIS PARK W-1 P-04,Margaret Rog,Margaret Rog,Margaret Rog
ST LOUIS PARK W-1 P-04,154707,ST LOUIS PARK W-1 P-04,Margaret Rog,skipped,skipped
ST LOUIS PARK W-1 P-04,154708,ST LOUIS PARK W-1 P-04,skipped,skipped,skipped
ST LOUIS PARK W-1 P-04,154709,ST LOUIS PARK W-1 P-04,Margaret Rog,skipped,skipped
ST LOUIS PARK W-1 P-04,154710,ST LOUIS PARK W-1 P-04,Margaret Rog,Margaret Rog,Margaret Rog
ST LOUIS PARK W-1 P-04,154711,ST LOUIS PARK W-1 P-04,skipped,skipped,skipped
ST LOUIS PARK W-1 P-04,154712,ST LOUIS PARK W-1 P-04,writein,Margaret Rog,skipped
ST LOUIS PARK W-1 P-04,154713,ST LOUIS PARK W-1 P-04,Margaret Rog,Margaret Rog,skipped
ST LOUIS PARK W-1 P-04,154714,ST LOUIS PARK W-1 P-04,Margaret Rog,skipped,skipped
ST LOUIS PARK W-1 P-04,154715,ST LOUIS PARK W-1 P-04,Margaret Rog,Margaret Rog,Margaret Rog
ST LOUIS PARK W-1 P-04,154716,ST LOUIS PARK W-1 P-04,Margaret Rog,skipped,skipped
ST LOUIS PARK W-1 P-04,154717,ST LOUIS PARK W-1 P-04,Margaret Rog,skipped,skipped
ST LOUIS PARK W-1 P-04,154718,ST LOUIS PARK W-1 P-04,Margaret Rog,skipped,skipped
ST LOUIS PARK W-1 P-04,154719,ST LOUIS PARK W-1 P-04,Margaret Rog,skipped,skipped
ST LOUIS PARK W-1 P-04,154720,ST LOUIS PARK W-1 P-04,Margaret Rog,skipped,skipped
ST LOUIS PARK W-1 P-04,154721,ST LOUIS PARK W-1 P-04,Margaret Rog,skipped,skipped
ST LOUIS PARK W-1 P-04,154722,ST LOUIS PARK W-1 P-04,Margaret Rog,Margaret Rog,Margaret Rog
ST LOUIS PARK W-1 P-04,154723,ST LOUIS PARK W-1 P-04,Margaret Rog,skipped,skipped
ST LOUIS PARK W-1 P-04,154724,ST LOUIS PARK W-1 P-04,Margaret Rog,skipped,skipped
ST LOUIS PARK W-1 P-04,154725,ST LOUIS PARK W-1 P-04,Margaret Rog,skipped,skipped
ST LOUIS PARK W-1 P-04,154726,ST LOUIS PARK W-1 P-04,Margaret Rog,Margaret Rog,Margaret Rog
ST LOUIS PARK W-1 P-04,154727,ST LOUIS PARK W-1 P-04,Margaret Rog,skipped,skipped
ST LOUIS PARK W-1 P-04,154728,ST LOUIS PARK W-1 P-04,Margaret Rog,Margaret Rog,Margaret Rog
ST LOUIS PARK W-1 P-04,154729,ST LOUIS PARK W-1 P-04,Margaret Rog,Margaret Rog,Margaret Rog
ST LOUIS PARK W-1 P-04,154730,ST LOUIS PARK W-1 P-04,Margaret Rog,Margaret Rog,Margaret Rog
ST LOUIS PARK W-1 P-04,154731,ST LOUIS PARK W-1 P-04,Margaret Rog,Margaret Rog,Margaret Rog
ST LOUIS PARK W-1 P-04,154732,ST LOUIS PARK W-1 P-04,writein,Margaret Rog,skipped
ST LOUIS PARK W-1 P-04,154733,ST LOUIS PARK W-1 P-04,Margaret Rog,skipped,skipped
ST LOUIS PARK W-1 P-04,154734,ST LOUIS PARK W-1 P-04,Margaret Rog,Margaret Rog,Margaret Rog
ST LOUIS PARK W-1 P-04,154735,ST LOUIS PARK W-1 P-04,Margaret Rog,skipped,skipped
ST LOUIS PARK W-1 P-04,154736,ST LOUIS PARK W-1 P-04,Margaret Rog,Margaret Rog,Margaret Rog
ST LOUIS PARK W-1 P-04,154737,ST LOUIS PARK W-1 P-04,writein,skipped,skipped
ST LOUIS PARK W-1 P-04,154738,ST LOUIS PARK W-1 P-04,Margaret Rog,Margaret Rog,Margaret Rog
ST LOUIS PARK W-1 P-04,154739,ST LOUIS PARK W-1 P-04,Margaret Rog,skipped,skipped
ST LOUIS PARK W-1 P-04,154740,ST LOUIS PARK W-1 P-04,Margaret Rog,skipped,skipped
ST LOUIS PARK W-1 P-04,154741,ST LOUIS PARK W-1 P-04,Margaret Rog,Margaret Rog,Margaret Rog
ST LOUIS PARK W-1 P-04,154742,ST LOUIS PARK W-1 P-04,Margaret Rog,skipped,skipped
ST LOUIS PARK W-1 P-04,154743,ST LOUIS PARK W-1 P-04,Margaret Rog,Margaret Rog,Margaret Rog
ST LOUIS PARK W-1 P-04,154744,ST LOUIS PARK W-1 P-04,Margaret Rog,Margaret Rog,Margaret Rog
ST LOUIS PARK W-1 P-04,154745,ST LOUIS PARK W-1 P-04,Margaret Rog,skipped,skipped
ST LOUIS PARK W-1 P-04,154746,ST LOUIS PARK W-1 P-04,Margaret Rog,skipped,skipped
ST LOUIS PARK W-1 P-04,154747,ST LOUIS PARK W-1 P-04,Margaret Rog,skipped,skipped
ST LOUIS PARK W-1 P-04,154748,ST LOUIS PARK W-1 P-04,Margaret Rog,skipped,skipped
ST LOUIS PARK W-1 P-04,154749,ST LOUIS PARK W-1 P-04,Margaret Rog,Margaret Rog,Margaret Rog
ST LOUIS PARK W-1 P-04,154750,ST LOUIS PARK W-1 P-04,Margaret Rog,Margaret Rog,Margaret Rog
ST LOUIS PARK W-1 P-04,154751,ST LOUIS PARK W-1 P-04,Margaret Rog,skipped,skipped
ST LOUIS PARK W-1 P-04,154752,ST LOUIS PARK W-1 P-04,Margaret Rog,Margaret Rog,Margaret Rog
ST LOUIS PARK W-1 P-04,154753,ST LOUIS PARK W-1 P-04,Margaret Rog,Margaret Rog,Margaret Rog
ST LOUIS PARK W-1 P-04,154754,ST LOUIS PARK W-1 P-04,Margaret Rog,Margaret Rog,Margaret Rog
ST LOUIS PARK W-1 P-04,154755,ST LOUIS PARK W-1 P-04,Margaret Rog,Margaret Rog,Margaret Rog
ST LOUIS PARK W-1 P-04,154756,ST LOUIS PARK W-1 P-04,Margaret Rog,skipped,skipped
ST LOUIS PARK W-1 P-04,154757,ST LOUIS PARK W-1 P-04,Margaret Rog,skipped,skipped
ST LOUIS PARK W-1 P-04,154758,ST LOUIS PARK W-1 P-04,Margaret Rog,skipped,skipped
ST LOUIS PARK W-1 P-04,154759,ST LOUIS PARK W-1 P-04,Margaret Rog,skipped,skipped
ST LOUIS PARK W-1 P-04,154760,ST LOUIS PARK W-1 P-04,Margaret Rog,skipped,skipped
ST LOUIS PARK W-1 P-04,154761,ST LOUIS PARK W-1 P-04,Margaret Rog,skipped,skipped
ST LOUIS PARK W-1 P-04,154762,ST LOUIS PARK W-1 P-04,Margaret Rog,skipped,skipped
ST LOUIS PARK W-1 P-04,154763,ST LOUIS PARK W-1 P-04,Margaret Rog,Margaret Rog,Margaret Rog
ST LOUIS PARK W-1 P-04,154764,ST LOUIS PARK W-1 P-04,Margaret Rog,Margaret Rog,Margaret Rog
ST LOUIS PARK W-1 P-04,154765,ST LOUIS PARK W-1 P-04,Margaret Rog,Margaret Rog,Margaret Rog
ST LOUIS PARK W-1 P-04,154766,ST LOUIS PARK W-1 P-04,Margaret Rog,skipped,skipped
ST LOUIS PARK W-1 P-04,154767,ST LOUIS PARK W-1 P-04,Margaret Rog,skipped,skipped
ST LOUIS PARK W-1 P-04,154768,ST LOUIS PARK W-1 P-04,Margaret Rog,skipped,skipped
ST LOUIS PARK W-1 P-04,154769,ST LOUIS PARK W-1 P-04,Margaret Rog,Margaret Rog,Margaret Rog
ST LOUIS PARK W-1 P-04,154770,ST LOUIS PARK W-1 P-04,Margaret Rog,Margaret Rog,Margaret Rog
ST LOUIS PARK W-1 P-04,154771,ST LOUIS PARK W-1 P-04,Margaret Rog,Margaret Rog,Margaret Rog
ST LOUIS PARK W-1 P-04,154772,ST LOUIS PARK W-1 P-04,Margaret Rog,skipped,skipped
ST LOUIS PARK W-1 P-04,154773,ST LOUIS PARK W-1 P-04,Margaret Rog,skipped,skipped
ST LOUIS PARK W-1 P-04,154774,ST LOUIS PARK W-1 P-04,skipped,skipped,skipped
ST LOUIS PARK W-1 P-04,154775,ST LOUIS PARK W-1 P-04,Margaret Rog,skipped,skipped
ST LOUIS PARK W-1 P-04,154776,ST LOUIS PARK W-1 P-04,Margaret Rog,skipped,skipped
ST LOUIS PARK W-1 P-04,154777,ST LOUIS PARK W-1 P-04,Margaret Rog,Margaret Rog,Margaret Rog
ST LOUIS PARK W-1 P-04,154778,ST LOUIS PARK W-1 P-04,Margaret Rog,Margaret Rog,Margaret Rog
ST LOUIS PARK W-1 P-04,154779,ST LOUIS PARK W-1 P-04,Margaret Rog,skipped,skipped
ST LOUIS PARK W-1 P-04,154780,ST LOUIS PARK W-1 P-04,Margaret Rog,Margaret Rog,Margaret Rog
ST LOUIS PARK W-1 P-04,154781,ST LOUIS PARK W-1 P-04,Margaret Rog,Margaret Rog,Margaret Rog
ST LOUIS PARK W-1 P-04,154782,ST LOUIS PARK W-1 P-04,Margaret Rog,Margaret Rog,Margaret Rog
ST LOUIS PARK W-1 P-04,154783,ST LOUIS PARK W-1 P-04,Margaret Rog,skipped,skipped
ST LOUIS PARK W-1 P-04,154784,ST LOUIS PARK W-1 P-04,Margaret Rog,skipped,skipped
ST LOUIS PARK W-1 P-04,154785,ST LOUIS PARK W-1 P-04,Margaret Rog,skipped,skipped
ST LOUIS PARK W-1 P-04,154786,ST LOUIS PARK W-1 P-04,Margaret Rog,Margaret Rog,Margaret Rog
ST LOUIS PARK W-1 P-04,154787,ST LOUIS PARK W-1 P-04,Margaret Rog,Margaret Rog,Margaret Rog
ST LOUIS PARK W-1 P-04,154788,ST LOUIS PARK W-1 P-04,Margaret Rog,skipped,skipped
ST LOUIS PARK W-1 P-04,154789,ST LOUIS PARK W-1 P-04,Margaret Rog,skipped,skipped
ST LOUIS PARK W-1 P-04,154790,ST LOUIS PARK W-1 P-04,Margaret Rog,writein,skipped
ST LOUIS PARK W-1 P-04,154791,ST LOUIS PARK W-1 P-04,Margaret Rog,skipped,skipped
ST LOUIS PARK W-1 P-04,154792,ST LOUIS PARK W-1 P-04,Margaret Rog,Margaret Rog,Margaret Rog
ST LOUIS PARK W-1 P-04,154793,ST LOUIS PARK W-1 P-04,Margaret Rog,skipped,skipped
ST LOUIS PARK W-1 P-04,154794,ST LOUIS PARK W-1 P-04,Margaret Rog,Margaret Rog,skipped
ST LOUIS PARK W-1 P-04,154795,ST LOUIS PARK W-1 P-04,Margaret Rog,skipped,skipped
ST LOUIS PARK W-1 P-04,154796,ST LOUIS PARK W-1 P-04,Margaret Rog,skipped,skipped
ST LOUIS PARK W-1 P-04,154797,ST LOUIS PARK W-1 P-04,Margaret Rog,skipped,skipped
ST LOUIS PARK W-1 P-04,154798,ST LOUIS PARK W-1 P-04,writein,writein,writein
ST LOUIS PARK W-1 P-03,154799,ST LOUIS PARK W-1 P-03,skipped,skipped,skipped
ST LOUIS PARK W-1 P-03,154800,ST LOUIS PARK W-1 P-03,Margaret Rog,skipped,skipped
ST LOUIS PARK W-1 P-03,154801,ST LOUIS PARK W-1 P-03,Margaret Rog,skipped,skipped
ST LOUIS PARK W-1 P-03,154802,ST LOUIS PARK W-1 P-03,skipped,skipped,skipped
ST LOUIS PARK W-1 P-03,154803,ST LOUIS PARK W-1 P-03,Margaret Rog,skipped,skipped
ST LOUIS PARK W-1 P-03,154804,ST LOUIS PARK W-1 P-03,Margaret Rog,Margaret Rog,Margaret Rog
ST LOUIS PARK W-1 P-03,154805,ST LOUIS PARK W-1 P-03,Margaret Rog,skipped,skipped
ST LOUIS PARK W-1 P-03,154806,ST LOUIS PARK W-1 P-03,Margaret Rog,Margaret Rog,Margaret Rog
ST LOUIS PARK W-1 P-03,154807,ST LOUIS PARK W-1 P-03,Margaret Rog,skipped,skipped
ST LOUIS PARK W-1 P-03,154808,ST LOUIS PARK W-1 P-03,writein,writein,writein
ST LOUIS PARK W-1 P-03,154809,ST LOUIS PARK W-1 P-03,skipped,Margaret Rog,skipped
ST LOUIS PARK W-1 P-03,154810,ST LOUIS PARK W-1 P-03,skipped,skipped,skipped
ST LOUIS PARK W-1 P-03,154811,ST LOUIS PARK W-1 P-03,Margaret Rog,skipped,skipped
ST LOUIS PARK W-1 P-03,154812,ST LOUIS PARK W-1 P-03,Margaret Rog,skipped,skipped
ST LOUIS PARK W-1 P-03,154813,ST LOUIS PARK W-1 P-03,skipped,skipped,Margaret Rog
ST LOUIS PARK W-1 P-03,154814,ST LOUIS PARK W-1 P-03,Margaret Rog,skipped,skipped
ST LOUIS PARK W-1 P-03,154815,ST LOUIS PARK W-1 P-03,skipped,skipped,skipped
ST LOUIS PARK W-1 P-03,154816,ST LOUIS PARK W-1 P-03,Margaret Rog,skipped,skipped
ST LOUIS PARK W-1 P-03,154817,ST LOUIS PARK W-1 P-03,Margaret Rog,skipped,skipped
ST LOUIS PARK W-1 P-03,154818,ST LOUIS PARK W-1 P-03,Margaret Rog,skipped,skipped
ST LOUIS PARK W-1 P-03,154819,ST LOUIS PARK W-1 P-03,Margaret Rog,skipped,skipped
ST LOUIS PARK W-1 P-03,154820,ST LOUIS PARK W-1 P-03,Margaret Rog,skipped,skipped
ST LOUIS PARK W-1 P-03,154821,ST LOUIS PARK W-1 P-03,Margaret Rog,skipped,skipped
ST LOUIS PARK W-1 P-03,154822,ST LOUIS PARK W-1 P-03,Margaret Rog,skipped,skipped
ST LOUIS PARK W-1 P-03,154823,ST LOUIS PARK W-1 P-03,skipped,skipped,skipped
ST LOUIS PARK W-1 P-03,154824,ST LOUIS PARK W-1 P-03,Margaret Rog,Margaret Rog,Margaret Rog
ST LOUIS PARK W-1 P-03,154825,ST LOUIS PARK W-1 P-03,Margaret Rog,skipped,skipped
ST LOUIS PARK W-1 P-03,154826,ST LOUIS PARK W-1 P-03,Margaret Rog,Margaret Rog,Margaret Rog
ST LOUIS PARK W-1 P-03,154827,ST LOUIS PARK W-1 P-03,writein,skipped,skipped
ST LOUIS PARK W-1 P-03,154828,ST LOUIS PARK W-1 P-03,Margaret Rog,Margaret Rog,Margaret Rog
ST LOUIS PARK W-1 P-03,154829,ST LOUIS PARK W-1 P-03,Margaret Rog,skipped,skipped
ST LOUIS PARK W-1 P-03,154830,ST LOUIS PARK W-1 P-03,Margaret Rog,skipped,skipped
ST LOUIS PARK W-1 P-03,154831,ST LOUIS PARK W-1 P-03,Margaret Rog,skipped,skipped
ST LOUIS PARK W-1 P-03,154832,ST LOUIS PARK W-1 P-03,Margaret Rog,Margaret Rog,Margaret Rog
ST LOUIS PARK W-1 P-03,154833,ST LOUIS PARK W-1 P-03,Margaret Rog,Margaret Rog,Margaret Rog
ST LOUIS PARK W-1 P-03,154834,ST LOUIS PARK W-1 P-03,Margaret Rog,skipped,skipped
ST LOUIS PARK W-1 P-03,154835,ST LOUIS PARK W-1 P-03,Margaret Rog,skipped,skipped
ST LOUIS PARK W-1 P-03,154836,ST LOUIS PARK W-1 P-03,Margaret Rog,skipped,skipped
ST LOUIS PARK W-1 P-03,154837,ST LOUIS PARK W-1 P-03,writein,skipped,skipped
ST LOUIS PARK W-1 P-03,154838,ST LOUIS PARK W-1 P-03,Margaret Rog,skipped,skipped
ST LOUIS PARK W-1 P-03,154839,ST LOUIS PARK W-1 P-03,Margaret Rog,skipped,skipped
ST LOUIS PARK W-1 P-03,154840,ST LOUIS PARK W-1 P-03,skipped,skipped,skipped
ST LOUIS PARK W-1 P-03,154841,ST LOUIS PARK W-1 P-03,Margaret Rog,Margaret Rog,Margaret Rog
ST LOUIS PARK W-1 P-03,154842,ST LOUIS PARK W-1 P-03,Margaret Rog,Margaret Rog,Margaret Rog
ST LOUIS PARK W-1 P-03,154843,ST LOUIS PARK W-1 P-03,Margaret Rog,Margaret Rog,Margaret Rog
ST LOUIS PARK W-1 P-03,154844,ST LOUIS PARK W-1 P-03,Margaret Rog,skipped,skipped
ST LOUIS PARK W-1 P-03,154845,ST LOUIS PARK W-1 P-03,Margaret Rog,writein,skipped
ST LOUIS PARK W-1 P-03,154846,ST LOUIS PARK W-1 P-03,Margaret Rog,skipped,skipped
ST LOUIS PARK W-1 P-03,154847,ST LOUIS PARK W-1 P-03,Margaret Rog,skipped,skipped
ST LOUIS PARK W-1 P-03,154848,ST LOUIS PARK W-1 P-03,Margaret Rog,skipped,skipped
ST LOUIS PARK W-1 P-03,154849,ST LOUIS PARK W-1 P-03,writein,skipped,skipped
ST LOUIS PARK W-1 P-03,154850,ST LOUIS PARK W-1 P-03,Margaret Rog,skipped,skipped
ST LOUIS PARK W-1 P-03,154851,ST LOUIS PARK W-1 P-03,Margaret Rog,skipped,skipped
ST LOUIS PARK W-1 P-03,154852,ST LOUIS PARK W-1 P-03,Margaret Rog,Margaret Rog,Margaret Rog
ST LOUIS PARK W-1 P-03,154853,ST LOUIS PARK W-1 P-03,Margaret Rog,Margaret Rog,Margaret Rog
ST LOUIS PARK W-1 P-03,154854,ST LOUIS PARK W-1 P-03,Margaret Rog,Margaret Rog,skipped
ST LOUIS PARK W-1 P-03,154855,ST LOUIS PARK W-1 P-03,writein,skipped,skipped
ST LOUIS PARK W-1 P-03,154856,ST LOUIS PARK W-1 P-03,Margaret Rog,skipped,skipped
ST LOUIS PARK W-1 P-03,154857,ST LOUIS PARK W-1 P-03,Margaret Rog,skipped,skipped
ST LOUIS PARK W-1 P-03,154858,ST LOUIS PARK W-1 P-03,Margaret Rog,skipped,skipped
ST LOUIS PARK W-1 P-03,154859,ST LOUIS PARK W-1 P-03,Margaret Rog,skipped,skipped
ST LOUIS PARK W-1 P-03,154860,ST LOUIS PARK W-1 P-03,Margaret Rog,skipped,skipped
ST LOUIS PARK W-1 P-03,154861,ST LOUIS PARK W-1 P-03,Margaret Rog,Margaret Rog,Margaret Rog
ST LOUIS PARK W-1 P-03,154862,ST LOUIS PARK W-1 P-03,Margaret Rog,skipped,skipped
ST LOUIS PARK W-1 P-03,154863,ST LOUIS PARK W-1 P-03,Margaret Rog,skipped,skipped
ST LOUIS PARK W-1 P-03,154864,ST LOUIS PARK W-1 P-03,Margaret Rog,skipped,skipped
ST LOUIS PARK W-1 P-03,154865,ST LOUIS PARK W-1 P-03,Margaret Rog,skipped,skipped
ST LOUIS PARK W-1 P-03,154866,ST LOUIS PARK W-1 P-03,Margaret Rog,skipped,skipped
ST LOUIS PARK W-1 P-03,154867,ST LOUIS PARK W-1 P-03,Margaret Rog,skipped,skipped
ST LOUIS PARK W-1 P-03,154868,ST LOUIS PARK W-1 P-03,Margaret Rog,skipped,skipped
ST LOUIS PARK W-1 P-02,154869,ST LOUIS PARK W-1 P-02,Margaret Rog,skipped,skipped
ST LOUIS PARK W-1 P-02,154870,ST LOUIS PARK W-1 P-02,Margaret Rog,skipped,skipped
ST LOUIS PARK W-1 P-02,154871,ST LOUIS PARK W-1 P-02,writein,writein,Margaret Rog
ST LOUIS PARK W-1 P-02,154872,ST LOUIS PARK W-1 P-02,Margaret Rog,Margaret Rog,Margaret Rog
ST LOUIS PARK W-1 P-02,154873,ST LOUIS PARK W-1 P-02,Margaret Rog,Margaret Rog,Margaret Rog
ST LOUIS PARK W-1 P-02,154874,ST LOUIS PARK W-1 P-02,Margaret Rog,skipped,skipped
ST LOUIS PARK W-1 P-02,154875,ST LOUIS PARK W-1 P-02,Margaret Rog,Margaret Rog,Margaret Rog
ST LOUIS PARK W-1 P-02,154876,ST LOUIS PARK W-1 P-02,Margaret Rog,skipped,skipped
ST LOUIS PARK W-1 P-02,154877,ST LOUIS PARK W-1 P-02,Margaret Rog,Margaret Rog,Margaret Rog
ST LOUIS PARK W-1 P-02,154878,ST LOUIS PARK W-1 P-02,Margaret Rog,skipped,skipped
ST LOUIS PARK W-1 P-02,154879,ST LOUIS PARK W-1 P-02,Margaret Rog,Margaret Rog,Margaret Rog
ST LOUIS PARK W-1 P-02,154880,ST LOUIS PARK W-1 P-02,Margaret Rog,skipped,skipped
ST LOUIS PARK W-1 P-02,154881,ST LOUIS PARK W-1 P-02,Margaret Rog,skipped,skipped
ST LOUIS PARK W-1 P-02,154882,ST LOUIS PARK W-1 P-02,Margaret Rog,skipped,skipped
ST LOUIS PARK W-1 P-02,154883,ST LOUIS PARK W-1 P-02,Margaret Rog,skipped,skipped
ST LOUIS PARK W-1 P-02,154884,ST LOUIS PARK W-1 P-02,Margaret Rog,Margaret Rog,Margaret Rog
ST LOUIS PARK W-1 P-02,154885,ST LOUIS PARK W-1 P-02,Margaret Rog,skipped,skipped
ST LOUIS PARK W-1 P-02,154886,ST LOUIS PARK W-1 P-02,Margaret Rog,skipped,skipped
ST LOUIS PARK W-1 P-02,154887,ST LOUIS PARK W-1 P-02,Margaret Rog,skipped,skipped
ST LOUIS PARK W-1 P-02,154888,ST LOUIS PARK W-1 P-02,skipped,skipped,skipped
ST LOUIS PARK W-1 P-02,154889,ST LOUIS PARK W-1 P-02,Margaret Rog,skipped,skipped
ST LOUIS PARK W-1 P-02,154890,ST LOUIS PARK W-1 P-02,Margaret Rog,Margaret Rog,Margaret Rog
ST LOUIS PARK W-1 P-02,154891,ST LOUIS PARK W-1 P-02,Margaret Rog,Margaret Rog,Margaret Rog
ST LOUIS PARK W-1 P-02,154892,ST LOUIS PARK W-1 P-02,Margaret Rog,skipped,skipped
ST LOUIS PARK W-1 P-02,154893,ST LOUIS PARK W-1 P-02,writein,skipped,skipped
ST LOUIS PARK W-1 P-02,154894,ST LOUIS PARK W-1 P-02,Margaret Rog,skipped,skipped
ST LOUIS PARK W-1 P-02,154895,ST LOUIS PARK W-1 P-02,Margaret Rog,skipped,skipped
ST LOUIS PARK W-1 P-02,154896,ST LOUIS PARK W-1 P-02,Margaret Rog,skipped,skipped
ST LOUIS PARK W-1 P-02,154897,ST LOUIS PARK W-1 P-02,Margaret Rog,Margaret Rog,Margaret Rog
ST LOUIS PARK W-1 P-02,154898,ST LOUIS PARK W-1 P-02,Margaret Rog,skipped,skipped
ST LOUIS PARK W-1 P-02,154899,ST LOUIS PARK W-1 P-02,Margaret Rog,skipped,skipped
ST LOUIS PARK W-1 P-02,154900,ST LOUIS PARK W-1 P-02,Margaret Rog,skipped,skipped
ST LOUIS PARK W-1 P-02,154901,ST LOUIS PARK W-1 P-02,Margaret Rog,skipped,skipped
ST LOUIS PARK W-1 P-02,154902,ST LOUIS PARK W-1 P-02,Margaret Rog,skipped,skipped
ST LOUIS PARK W-1 P-02,154903,ST LOUIS PARK W-1 P-02,Margaret Rog,Margaret Rog,Margaret Rog
ST LOUIS PARK W-1 P-02,154904,ST LOUIS PARK W-1 P-02,writein,Margaret Rog,Margaret Rog
ST LOUIS PARK W-1 P-02,154905,ST LOUIS PARK W-1 P-02,Margaret Rog,Margaret Rog,Margaret Rog
ST LOUIS PARK W-1 P-02,154906,ST LOUIS PARK W-1 P-02,Margaret Rog,Margaret Rog,Margaret Rog
ST LOUIS PARK W-1 P-02,154907,ST LOUIS PARK W-1 P-02,Margaret Rog,skipped,skipped
ST LOUIS PARK W-1 P-02,154908,ST LOUIS PARK W-1 P-02,Margaret Rog,skipped,skipped
ST LOUIS PARK W-1 P-02,154909,ST LOUIS PARK W-1 P-02,Margaret Rog,skipped,skipped
ST LOUIS PARK W-1 P-02,154910,ST LOUIS PARK W-1 P-02,Margaret Rog,writein,writein
ST LOUIS PARK W-1 P-02,154911,ST LOUIS PARK W-1 P-02,Margaret Rog,skipped,skipped
ST LOUIS PARK W-1 P-02,154912,ST LOUIS PARK W-1 P-02,Margaret Rog,skipped,skipped
ST LOUIS PARK W-1 P-02,154913,ST LOUIS PARK W-1 P-02,Margaret Rog,Margaret Rog,Margaret Rog
ST LOUIS PARK W-1 P-02,154914,ST LOUIS PARK W-1 P-02,Margaret Rog,Margaret Rog,Margaret Rog
ST LOUIS PARK W-1 P-02,154915,ST LOUIS PARK W-1 P-02,Margaret Rog,skipped,skipped
ST LOUIS PARK W-1 P-02,154916,ST LOUIS PARK W-1 P-02,writein,skipped,skipped
ST LOUIS PARK W-1 P-02,154917,ST LOUIS PARK W-1 P-02,Margaret Rog,skipped,skipped
ST LOUIS PARK W-1 P-02,154918,ST LOUIS PARK W-1 P-02,Margaret Rog,skipped,skipped
ST LOUIS PARK W-1 P-02,154919,ST LOUIS PARK W-1 P-02,Margaret Rog,skipped,skipped
ST LOUIS PARK W-1 P-02,154920,ST LOUIS PARK W-1 P-02,Margaret Rog,skipped,skipped
ST LOUIS PARK W-1 P-02,154921,ST LOUIS PARK W-1 P-02,skipped,skipped,skipped
ST LOUIS PARK W-1 P-02,154922,ST LOUIS PARK W-1 P-02,Margaret Rog,skipped,skipped
ST LOUIS PARK W-1 P-02,154923,ST LOUIS PARK W-1 P-02,Margaret Rog,skipped,skipped
ST LOUIS PARK W-1 P-02,154924,ST LOUIS PARK W-1 P-02,Margaret Rog,Margaret Rog,Margaret Rog
ST LOUIS PARK W-1 P-02,154925,ST LOUIS PARK W-1 P-02,Margaret Rog,Margaret Rog,Margaret Rog
ST LOUIS PARK W-1 P-02,154926,ST LOUIS PARK W-1 P-02,skipped,skipped,skipped
ST LOUIS PARK W-1 P-02,154927,ST LOUIS PARK W-1 P-02,Margaret Rog,skipped,skipped
ST LOUIS PARK W-1 P-02,154928,ST LOUIS PARK W-1 P-02,Margaret Rog,skipped,skipped
ST LOUIS PARK W-1 P-02,154929,ST LOUIS PARK W-1 P-02,Margaret Rog,skipped,skipped
ST LOUIS PARK W-1 P-02,154930,ST LOUIS PARK W-1 P-02,Margaret Rog,Margaret Rog,Margaret Rog
ST LOUIS PARK W-1 P-02,154931,ST LOUIS PARK W-1 P-02,Margaret Rog,writein,skipped
ST LOUIS PARK W-1 P-02,154932,ST LOUIS PARK W-1 P-02,Margaret Rog,Margaret Rog,Margaret Rog
ST LOUIS PARK W-1 P-02,154933,ST LOUIS PARK W-1 P-02,Margaret Rog,Margaret Rog,Margaret Rog
ST LOUIS PARK W-1 P-02,154934,ST LOUIS PARK W-1 P-02,writein,writein,writein
ST LOUIS PARK W-1 P-02,154935,ST LOUIS PARK W-1 P-02,writein,skipped,skipped
ST LOUIS PARK W-1 P-02,154936,ST LOUIS PARK W-1 P-02,Margaret Rog,skipped,skipped
ST LOUIS PARK W-1 P-02,154937,ST LOUIS PARK W-1 P-02,Margaret Rog,skipped,skipped
ST LOUIS PARK W-1 P-02,154938,ST LOUIS PARK W-1 P-02,Margaret Rog,Margaret Rog,skipped
ST LOUIS PARK W-1 P-02,154939,ST LOUIS PARK W-1 P-02,writein,Margaret Rog,writein
ST LOUIS PARK W-1 P-02,154940,ST LOUIS PARK W-1 P-02,Margaret Rog,skipped,skipped
ST LOUIS PARK W-1 P-02,154941,ST LOUIS PARK W-1 P-02,Margaret Rog,skipped,skipped
ST LOUIS PARK W-1 P-02,154942,ST LOUIS PARK W-1 P-02,Margaret Rog,skipped,skipped
ST LOUIS PARK W-1 P-02,154943,ST LOUIS PARK W-1 P-02,Margaret Rog,Margaret Rog,Margaret Rog
ST LOUIS PARK W-1 P-02,154944,ST LOUIS PARK W-1 P-02,Margaret Rog,skipped,skipped
ST LOUIS PARK W-1 P-02,154945,ST LOUIS PARK W-1 P-02,Margaret Rog,Margaret Rog,Margaret Rog
ST LOUIS PARK W-1 P-02,154946,ST LOUIS PARK W-1 P-02,skipped,skipped,skipped
ST LOUIS PARK W-1 P-02,154947,ST LOUIS PARK W-1 P-02,Margaret Rog,Margaret Rog,Margaret Rog
ST LOUIS PARK W-1 P-02,154948,ST LOUIS PARK W-1 P-02,Margaret Rog,writein,writein
ST LOUIS PARK W-1 P-02,154949,ST LOUIS PARK W-1 P-02,Margaret Rog,skipped,skipped
ST LOUIS PARK W-1 P-02,154950,ST LOUIS PARK W-1 P-02,Margaret Rog,skipped,skipped
ST LOUIS PARK W-1 P-02,154951,ST LOUIS PARK W-1 P-02,Margaret Rog,Margaret Rog,Margaret Rog
ST LOUIS PARK W-1 P-02,154952,ST LOUIS PARK W-1 P-02,Margaret Rog,skipped,skipped
ST LOUIS PARK W-1 P-02,154953,ST LOUIS PARK W-1 P-02,Margaret Rog,skipped,skipped
ST LOUIS PARK W-1 P-02,154954,ST LOUIS PARK W-1 P-02,Margaret Rog,Margaret Rog,Margaret Rog
ST LOUIS PARK W-1 P-02,154955,ST LOUIS PARK W-1 P-02,Margaret Rog,skipped,skipped
ST LOUIS PARK W-1 P-02,154956,ST LOUIS PARK W-1 P-02,Margaret Rog,skipped,skipped
ST LOUIS PARK W-1 P-02,154957,ST LOUIS PARK W-1 P-02,Margaret Rog,skipped,skipped
ST LOUIS PARK W-1 P-02,154958,ST LOUIS PARK W-1 P-02,Margaret Rog,skipped,skipped
ST LOUIS PARK W-1 P-02,154959,ST LOUIS PARK W-1 P-02,Margaret Rog,skipped,skipped
ST LOUIS PARK W-1 P-02,154960,ST LOUIS PARK W-1 P-02,Margaret Rog,skipped,skipped
ST LOUIS PARK W-1 P-02,154961,ST LOUIS PARK W-1 P-02,Margaret Rog,skipped,skipped
ST LOUIS PARK W-1 P-02,154962,ST LOUIS PARK W-1 P-02,Margaret Rog,writein,writein
ST LOUIS PARK W-1 P-02,154963,ST LOUIS PARK W-1 P-02,Margaret Rog,Margaret Rog,Margaret Rog
ST LOUIS PARK W-1 P-02,154964,ST LOUIS PARK W-1 P-02,Margaret Rog,Margaret Rog,Margaret Rog
ST LOUIS PARK W-1 P-02,154965,ST LOUIS PARK W-1 P-02,Margaret Rog,Margaret Rog,Margaret Rog
ST LOUIS PARK W-1 P-02,154966,ST LOUIS PARK W-1 P-02,Margaret Rog,Margaret Rog,Margaret Rog
ST LOUIS PARK W-1 P-02,154967,ST LOUIS PARK W-1 P-02,Margaret Rog,Margaret Rog,Margaret Rog
ST LOUIS PARK W-1 P-02,154968,ST LOUIS PARK W-1 P-02,Margaret Rog,skipped,skipped
ST LOUIS PARK W-1 P-02,154969,ST LOUIS PARK W-1 P-02,Margaret Rog,Margaret Rog,Margaret Rog
ST LOUIS PARK W-1 P-02,154970,ST LOUIS PARK W-1 P-02,Margaret Rog,skipped,skipped
ST LOUIS PARK W-1 P-02,154971,ST LOUIS PARK W-1 P-02,writein,skipped,skipped
ST LOUIS PARK W-1 P-02,154972,ST LOUIS PARK W-1 P-02,Margaret Rog,skipped,skipped
ST LOUIS PARK W-1 P-02,154973,ST LOUIS PARK W-1 P-02,Margaret Rog,Margaret Rog,Margaret Rog
ST LOUIS PARK W-1 P-02,154974,ST LOUIS PARK W-1 P-02,Margaret Rog,writein,writein
ST LOUIS PARK W-1 P-02,154975,ST LOUIS PARK W-1 P-02,Margaret Rog,skipped,skipped
ST LOUIS PARK W-1 P-02,154976,ST LOUIS PARK W-1 P-02,Margaret Rog,skipped,skipped
ST LOUIS PARK W-1 P-02,154977,ST LOUIS PARK W-1 P-02,Margaret Rog,Margaret Rog,Margaret Rog
ST LOUIS PARK W-1 P-02,154978,ST LOUIS PARK W-1 P-02,writein,skipped,skipped
ST LOUIS PARK W-1 P-02,154979,ST LOUIS PARK W-1 P-02,Margaret Rog,Margaret Rog,Margaret Rog
ST LOUIS PARK W-1 P-02,154980,ST LOUIS PARK W-1 P-02,Margaret Rog,Margaret Rog,Margaret Rog
ST LOUIS PARK W-1 P-02,154981,ST LOUIS PARK W-1 P-02,Margaret Rog,skipped,skipped
ST LOUIS PARK W-1 P-02,154982,ST LOUIS PARK W-1 P-02,Margaret Rog,skipped,skipped
ST LOUIS PARK W-1 P-02,154983,ST LOUIS PARK W-1 P-02,Margaret Rog,Margaret Rog,Margaret Rog
ST LOUIS PARK W-1 P-02,154984,ST LOUIS PARK W-1 P-02,Margaret Rog,skipped,skipped
ST LOUIS PARK W-1 P-02,154985,ST LOUIS PARK W-1 P-02,Margaret Rog,skipped,skipped
ST LOUIS PARK W-1 P-02,154986,ST LOUIS PARK W-1 P-02,Margaret Rog,skipped,skipped
ST LOUIS PARK W-1 P-02,154987,ST LOUIS PARK W-1 P-02,skipped,skipped,skipped
ST LOUIS PARK W-1 P-02,154988,ST LOUIS PARK W-1 P-02,Margaret Rog,skipped,skipped
ST LOUIS PARK W-1 P-02,154989,ST LOUIS PARK W-1 P-02,Margaret Rog,Margaret Rog,Margaret Rog
ST LOUIS PARK W-1 P-02,154990,ST LOUIS PARK W-1 P-02,Margaret Rog,Margaret Rog,Margaret Rog
ST LOUIS PARK W-1 P-02,154991,ST LOUIS PARK W-1 P-02,Margaret Rog,skipped,skipped
ST LOUIS PARK W-1 P-02,154992,ST LOUIS PARK W-1 P-02,Margaret Rog,skipped,skipped
ST LOUIS PARK W-1 P-02,154993,ST LOUIS PARK W-1 P-02,Margaret Rog,Margaret Rog,Margaret Rog
ST LOUIS PARK W-1 P-02,154994,ST LOUIS PARK W-1 P-02,Margaret Rog,skipped,skipped
ST LOUIS PARK W-1 P-02,154995,ST LOUIS PARK W-1 P-02,Margaret Rog,skipped,skipped
ST LOUIS PARK W-1 P-02,154996,ST LOUIS PARK W-1 P-02,Margaret Rog,skipped,skipped
ST LOUIS PARK W-1 P-02,154997,ST LOUIS PARK W-1 P-02,Margaret Rog,Margaret Rog,Margaret Rog
ST LOUIS PARK W-1 P-02,154998,ST LOUIS PARK W-1 P-02,Margaret Rog,Margaret Rog,Margaret Rog
ST LOUIS PARK W-1 P-02,154999,ST LOUIS PARK W-1 P-02,Margaret Rog,Margaret Rog,Margaret Rog
ST LOUIS PARK W-1 P-02,155000,ST LOUIS PARK W-1 P-02,Margaret Rog,Margaret Rog,Margaret Rog
ST LOUIS PARK W-1 P-02,155001,ST LOUIS PARK W-1 P-02,Margaret Rog,skipped,skipped
ST LOUIS PARK W-1 P-02,155002,ST LOUIS PARK W-1 P-02,writein,writein,writein
ST LOUIS PARK W-1 P-02,155003,ST LOUIS PARK W-1 P-02,Margaret Rog,Margaret Rog,Margaret Rog
ST LOUIS PARK W-1 P-02,155004,ST LOUIS PARK W-1 P-02,Margaret Rog,Margaret Rog,Margaret Rog
ST LOUIS PARK W-1 P-02,155005,ST LOUIS PARK W-1 P-02,Margaret Rog,skipped,skipped
ST LOUIS PARK W-1 P-02,155006,ST LOUIS PARK W-1 P-02,Margaret Rog,skipped,skipped
ST LOUIS PARK W-1 P-02,155007,ST LOUIS PARK W-1 P-02,Margaret Rog,skipped,skipped
ST LOUIS PARK W-1 P-02,155008,ST LOUIS PARK W-1 P-02,Margaret Rog,skipped,skipped
ST LOUIS PARK W-1 P-02,155009,ST LOUIS PARK W-1 P-02,Margaret Rog,Margaret Rog,Margaret Rog
ST LOUIS PARK W-1 P-02,155010,ST LOUIS PARK W-1 P-02,Margaret Rog,skipped,skipped
ST LOUIS PARK W-1 P-02,155011,ST LOUIS PARK W-1 P-02,Margaret Rog,Margaret Rog,writein
ST LOUIS PARK W-1 P-02,155012,ST LOUIS PARK W-1 P-02,Margaret Rog,Margaret Rog,Margaret Rog
ST LOUIS PARK W-1 P-02,155013,ST LOUIS PARK W-1 P-02,writein,skipped,skipped
ST LOUIS PARK W-1 P-02,155014,ST LOUIS PARK W-1 P-02,Margaret Rog,skipped,skipped
ST LOUIS PARK W-1 P-02,155015,ST LOUIS PARK W-1 P-02,Margaret Rog,Margaret Rog,Margaret Rog
ST LOUIS PARK W-1 P-02,155016,ST LOUIS PARK W-1 P-02,Margaret Rog,Margaret Rog,Margaret Rog
ST LOUIS PARK W-1 P-02,155017,ST LOUIS PARK W-1 P-02,Margaret Rog,skipped,skipped
ST LOUIS PARK W-1 P-02,155018,ST LOUIS PARK W-1 P-02,Margaret Rog,Margaret Rog,Margaret Rog
ST LOUIS PARK W-1 P-02,155019,ST LOUIS PARK W-1 P-02,Margaret Rog,skipped,skipped
ST LOUIS PARK W-1 P-02,155020,ST LOUIS PARK W-1 P-02,Margaret Rog,Margaret Rog,Margaret Rog
ST LOUIS PARK W-1 P-02,155021,ST LOUIS PARK W-1 P-02,Margaret Rog,skipped,skipped
ST LOUIS PARK W-1 P-02,155022,ST LOUIS PARK W-1 P-02,Margaret Rog,Margaret Rog,Margaret Rog
ST LOUIS PARK W-1 P-02,155023,ST LOUIS PARK W-1 P-02,Margaret Rog,skipped,skipped
ST LOUIS PARK W-1 P-02,155024,ST LOUIS PARK W-1 P-02,Margaret Rog,skipped,skipped
ST LOUIS PARK W-1 P-02,155025,ST LOUIS PARK W-1 P-02,Margaret Rog,Margaret Rog,Margaret Rog
ST LOUIS PARK W-1 P-02,155026,ST LOUIS PARK W-1 P-02,Margaret Rog,Margaret Rog,Margaret Rog
ST LOUIS PARK W-1 P-02,155027,ST LOUIS PARK W-1 P-02,Margaret Rog,skipped,skipped
ST LOUIS PARK W-1 P-02,155028,ST LOUIS PARK W-1 P-02,Margaret Rog,skipped,skipped
ST LOUIS PARK W-1 P-02,155029,ST LOUIS PARK W-1 P-02,Margaret Rog,Margaret Rog,skipped
ST LOUIS PARK W-1 P-02,155030,ST LOUIS PARK W-1 P-02,Margaret Rog,skipped,skipped
ST LOUIS PARK W-1 P-02,155031,ST LOUIS PARK W-1 P-02,Margaret Rog,skipped,skipped
ST LOUIS PARK W-1 P-02,155032,ST LOUIS PARK W-1 P-02,Margaret Rog,Margaret Rog,Margaret Rog
ST LOUIS PARK W-1 P-02,155033,ST LOUIS PARK W-1 P-02,Margaret Rog,skipped,skipped
ST LOUIS PARK W-1 P-02,155034,ST LOUIS PARK W-1 P-02,Margaret Rog,Margaret Rog,Margaret Rog
ST LOUIS PARK W-1 P-02,155035,ST LOUIS PARK W-1 P-02,Margaret Rog,skipped,skipped
ST LOUIS PARK W-1 P-02,155036,ST LOUIS PARK W-1 P-02,Margaret Rog,Margaret Rog,Margaret Rog
ST LOUIS PARK W-1 P-02,155037,ST LOUIS PARK W-1 P-02,skipped,skipped,skipped
ST LOUIS PARK W-1 P-02,155038,ST LOUIS PARK W-1 P-02,Margaret Rog,skipped,skipped
ST LOUIS PARK W-1 P-02,155039,ST LOUIS PARK W-1 P-02,Margaret Rog,skipped,skipped
ST LOUIS PARK W-1 P-02,155040,ST LOUIS PARK W-1 P-02,Margaret Rog,Margaret Rog,Margaret Rog
ST LOUIS PARK W-1 P-02,155041,ST LOUIS PARK W-1 P-02,Margaret Rog,Margaret Rog,Margaret Rog
ST LOUIS PARK W-1 P-02,155042,ST LOUIS PARK W-1 P-02,Margaret Rog,Margaret Rog,Margaret Rog
ST LOUIS PARK W-1 P-02,155043,ST LOUIS PARK W-1 P-02,Margaret Rog,skipped,skipped
ST LOUIS PARK W-1 P-02,155044,ST LOUIS PARK W-1 P-02,Margaret Rog,skipped,skipped
ST LOUIS PARK W-1 P-02,155045,ST LOUIS PARK W-1 P-02,skipped,skipped,skipped
ST LOUIS PARK W-1 P-02,155046,ST LOUIS PARK W-1 P-02,Margaret Rog,skipped,skipped
ST LOUIS PARK W-1 P-02,155047,ST LOUIS PARK W-1 P-02,Margaret Rog,skipped,skipped
ST LOUIS PARK W-1 P-02,155048,ST LOUIS PARK W-1 P-02,Margaret Rog,Margaret Rog,Margaret Rog
ST LOUIS PARK W-1 P-02,155049,ST LOUIS PARK W-1 P-02,Margaret Rog,Margaret Rog,Margaret Rog
ST LOUIS PARK W-1 P-02,155050,ST LOUIS PARK W-1 P-02,Margaret Rog,skipped,skipped
ST LOUIS PARK W-1 P-02,155051,ST LOUIS PARK W-1 P-02,Margaret Rog,Margaret Rog,Margaret Rog
ST LOUIS PARK W-1 P-02,155052,ST LOUIS PARK W-1 P-02,Margaret Rog,skipped,skipped
ST LOUIS PARK W-1 P-02,155053,ST LOUIS PARK W-1 P-02,writein,writein,writein
ST LOUIS PARK W-1 P-02,155054,ST LOUIS PARK W-1 P-02,Margaret Rog,Margaret Rog,Margaret Rog
ST LOUIS PARK W-1 P-02,155055,ST LOUIS PARK W-1 P-02,Margaret Rog,skipped,skipped
ST LOUIS PARK W-1 P-02,155056,ST LOUIS PARK W-1 P-02,Margaret Rog,skipped,skipped
ST LOUIS PARK W-1 P-02,155057,ST LOUIS PARK W-1 P-02,Margaret Rog,skipped,skipped
ST LOUIS PARK W-1 P-02,155058,ST LOUIS PARK W-1 P-02,Margaret Rog,skipped,skipped
ST LOUIS PARK W-1 P-02,155059,ST LOUIS PARK W-1 P-02,Margaret Rog,skipped,skipped
ST LOUIS PARK W-1 P-02,155060,ST LOUIS PARK W-1 P-02,Margaret Rog,skipped,skipped
ST LOUIS PARK W-1 P-02,155061,ST LOUIS PARK W-1 P-02,Margaret Rog,skipped,skipped
ST LOUIS PARK W-1 P-02,155062,ST LOUIS PARK W-1 P-02,Margaret Rog,skipped,skipped
ST LOUIS PARK W-1 P-02,155063,ST LOUIS PARK W-1 P-02,Margaret Rog,skipped,skipped
ST LOUIS PARK W-1 P-02,155064,ST LOUIS PARK W-1 P-02,Margaret Rog,skipped,skipped
ST LOUIS PARK W-1 P-02,155065,ST LOUIS PARK W-1 P-02,Margaret Rog,Margaret Rog,Margaret Rog
ST LOUIS PARK W-1 P-02,155066,ST LOUIS PARK W-1 P-02,Margaret Rog,Margaret Rog,writein
ST LOUIS PARK W-1 P-02,155067,ST LOUIS PARK W-1 P-02,Margaret Rog,Margaret Rog,Margaret Rog
ST LOUIS PARK W-1 P-02,155068,ST LOUIS PARK W-1 P-02,writein,skipped,skipped
ST LOUIS PARK W-1 P-02,155069,ST LOUIS PARK W-1 P-02,Margaret Rog,skipped,skipped
ST LOUIS PARK W-1 P-02,155070,ST LOUIS PARK W-1 P-02,Margaret Rog,Margaret Rog,Margaret Rog
ST LOUIS PARK W-1 P-02,155071,ST LOUIS PARK W-1 P-02,Margaret Rog,skipped,skipped
ST LOUIS PARK W-1 P-02,155072,ST LOUIS PARK W-1 P-02,Margaret Rog,Margaret Rog,Margaret Rog
ST LOUIS PARK W-1 P-02,155073,ST LOUIS PARK W-1 P-02,writein,skipped,skipped
ST LOUIS PARK W-1 P-02,155074,ST LOUIS PARK W-1 P-02,writein,skipped,skipped
ST LOUIS PARK W-1 P-02,155075,ST LOUIS PARK W-1 P-02,Margaret Rog,skipped,skipped
ST LOUIS PARK W-1 P-02,155076,ST LOUIS PARK W-1 P-02,Margaret Rog,skipped,skipped
ST LOUIS PARK W-1 P-02,155077,ST LOUIS PARK W-1 P-02,Margaret Rog,Margaret Rog,Margaret Rog
ST LOUIS PARK W-1 P-02,155078,ST LOUIS PARK W-1 P-02,Margaret Rog,skipped,skipped
ST LOUIS PARK W-1 P-02,155079,ST LOUIS PARK W-1 P-02,Margaret Rog,skipped,skipped
ST LOUIS PARK W-1 P-02,155080,ST LOUIS PARK W-1 P-02,Margaret Rog,skipped,skipped
ST LOUIS PARK W-1 P-02,155081,ST LOUIS PARK W-1 P-02,Margaret Rog,skipped,skipped
ST LOUIS PARK W-1 P-02,155082,ST LOUIS PARK W-1 P-02,Margaret Rog,skipped,skipped
ST LOUIS PARK W-1 P-02,155083,ST LOUIS PARK W-1 P-02,Margaret Rog,Margaret Rog,Margaret Rog
ST LOUIS PARK W-1 P-02,155084,ST LOUIS PARK W-1 P-02,Margaret Rog,Margaret Rog,Margaret Rog
ST LOUIS PARK W-1 P-02,155085,ST LOUIS PARK W-1 P-02,writein,writein,writein
ST LOUIS PARK W-1 P-02,155086,ST LOUIS PARK W-1 P-02,Margaret Rog,skipped,skipped
ST LOUIS PARK W-1 P-02,155087,ST LOUIS PARK W-1 P-02,overvote,skipped,skipped
ST LOUIS PARK W-1 P-02,155088,ST LOUIS PARK W-1 P-02,Margaret Rog,skipped,skipped
ST LOUIS PARK W-1 P-02,155089,ST LOUIS PARK W-1 P-02,Margaret Rog,skipped,skipped
ST LOUIS PARK W-1 P-02,155090,ST LOUIS PARK W-1 P-02,Margaret Rog,skipped,skipped
ST LOUIS PARK W-1 P-02,155091,ST LOUIS PARK W-1 P-02,skipped,skipped,skipped
ST LOUIS PARK W-1 P-02,155092,ST LOUIS PARK W-1 P-02,Margaret Rog,Margaret Rog,Margaret Rog
ST LOUIS PARK W-1 P-02,155093,ST LOUIS PARK W-1 P-02,Margaret Rog,skipped,skipped
ST LOUIS PARK W-1 P-02,155094,ST LOUIS PARK W-1 P-02,Margaret Rog,Margaret Rog,Margaret Rog
ST LOUIS PARK W-1 P-02,155095,ST LOUIS PARK W-1 P-02,Margaret Rog,Margaret Rog,Margaret Rog
ST LOUIS PARK W-1 P-02,155096,ST LOUIS PARK W-1 P-02,Margaret Rog,Margaret Rog,Margaret Rog
ST LOUIS PARK W-1 P-02,155097,ST LOUIS PARK W-1 P-02,Margaret Rog,Margaret Rog,Margaret Rog
ST LOUIS PARK W-1 P-02,155098,ST LOUIS PARK W-1 P-02,Margaret Rog,Margaret Rog,Margaret Rog
ST LOUIS PARK W-1 P-02,155099,ST LOUIS PARK W-1 P-02,Margaret Rog,Margaret Rog,Margaret Rog
ST LOUIS PARK W-1 P-02,155100,ST LOUIS PARK W-1 P-02,Margaret Rog,skipped,skipped
ST LOUIS PARK W-1 P-02,155101,ST LOUIS PARK W-1 P-02,Margaret Rog,skipped,skipped
ST LOUIS PARK W-1 P-02,155102,ST LOUIS PARK W-1 P-02,Margaret Rog,skipped,skipped
ST LOUIS PARK W-1 P-02,155103,ST LOUIS PARK W-1 P-02,Margaret Rog,Margaret Rog,Margaret Rog
ST LOUIS PARK W-1 P-02,155104,ST LOUIS PARK W-1 P-02,Margaret Rog,skipped,skipped
ST LOUIS PARK W-1 P-02,155105,ST LOUIS PARK W-1 P-02,Margaret Rog,skipped,skipped
ST LOUIS PARK W-1 P-02,155106,ST LOUIS PARK W-1 P-02,Margaret Rog,Margaret Rog,Margaret Rog
ST LOUIS PARK W-1 P-02,155107,ST LOUIS PARK W-1 P-02,Margaret Rog,Margaret Rog,Margaret Rog
ST LOUIS PARK W-1 P-02,155108,ST LOUIS PARK W-1 P-02,Margaret Rog,skipped,skipped
ST LOUIS PARK W-1 P-02,155109,ST LOUIS PARK W-1 P-02,Margaret Rog,skipped,skipped
ST LOUIS PARK W-1 P-02,155110,ST LOUIS PARK W-1 P-02,Margaret Rog,skipped,skipped
ST LOUIS PARK W-1 P-02,155111,ST LOUIS PARK W-1 P-02,Margaret Rog,skipped,skipped
ST LOUIS PARK W-1 P-02,155112,ST LOUIS PARK W-1 P-02,Margaret Rog,Margaret Rog,Margaret Rog
ST LOUIS PARK W-1 P-02,155113,ST LOUIS PARK W-1 P-02,Margaret Rog,skipped,skipped
ST LOUIS PARK W-1 P-02,155114,ST LOUIS PARK W-1 P-02,writein,writein,writein
ST LOUIS PARK W-1 P-02,155115,ST LOUIS PARK W-1 P-02,Margaret Rog,skipped,skipped
ST LOUIS PARK W-1 P-02,155116,ST LOUIS PARK W-1 P-02,Margaret Rog,skipped,skipped
ST LOUIS PARK W-1 P-02,155117,ST LOUIS PARK W-1 P-02,Margaret Rog,skipped,skipped
ST LOUIS PARK W-1 P-02,155118,ST LOUIS PARK W-1 P-02,Margaret Rog,skipped,skipped
ST LOUIS PARK W-1 P-02,155119,ST LOUIS PARK W-1 P-02,skipped,skipped,skipped
ST LOUIS PARK W-1 P-02,155120,ST LOUIS PARK W-1 P-02,Margaret Rog,skipped,skipped
ST LOUIS PARK W-1 P-02,155121,ST LOUIS PARK W-1 P-02,Margaret Rog,Margaret Rog,Margaret Rog
ST LOUIS PARK W-1 P-02,155122,ST LOUIS PARK W-1 P-02,Margaret Rog,skipped,skipped
ST LOUIS PARK W-1 P-02,155123,ST LOUIS PARK W-1 P-02,Margaret Rog,skipped,skipped
ST LOUIS PARK W-1 P-02,155124,ST LOUIS PARK W-1 P-02,writein,writein,writein
ST LOUIS PARK W-1 P-02,155125,ST LOUIS PARK W-1 P-02,Margaret Rog,Margaret Rog,Margaret Rog
ST LOUIS PARK W-1 P-02,155126,ST LOUIS PARK W-1 P-02,Margaret Rog,skipped,skipped
ST LOUIS PARK W-1 P-02,155127,ST LOUIS PARK W-1 P-02,writein,writein,Margaret Rog
ST LOUIS PARK W-1 P-01,155128,ST LOUIS PARK W-1 P-01,Margaret Rog,Margaret Rog,Margaret Rog
ST LOUIS PARK W-1 P-01,155129,ST LOUIS PARK W-1 P-01,Margaret Rog,skipped,skipped
ST LOUIS PARK W-1 P-01,155130,ST LOUIS PARK W-1 P-01,Margaret Rog,Margaret Rog,Margaret Rog
ST LOUIS PARK W-1 P-01,155131,ST LOUIS PARK W-1 P-01,Margaret Rog,Margaret Rog,skipped
ST LOUIS PARK W-1 P-01,155132,ST LOUIS PARK W-1 P-01,Margaret Rog,skipped,skipped
ST LOUIS PARK W-1 P-01,155133,ST LOUIS PARK W-1 P-01,writein,Margaret Rog,Margaret Rog
ST LOUIS PARK W-1 P-01,155134,ST LOUIS PARK W-1 P-01,Margaret Rog,skipped,skipped
ST LOUIS PARK W-1 P-01,155135,ST LOUIS PARK W-1 P-01,Margaret Rog,Margaret Rog,Margaret Rog
ST LOUIS PARK W-1 P-01,155136,ST LOUIS PARK W-1 P-01,Margaret Rog,skipped,skipped
ST LOUIS PARK W-1 P-01,155137,ST LOUIS PARK W-1 P-01,Margaret Rog,Margaret Rog,Margaret Rog
ST LOUIS PARK W-1 P-01,155138,ST LOUIS PARK W-1 P-01,Margaret Rog,skipped,skipped
ST LOUIS PARK W-1 P-01,155139,ST LOUIS PARK W-1 P-01,Margaret Rog,Margaret Rog,Margaret Rog
ST LOUIS PARK W-1 P-01,155140,ST LOUIS PARK W-1 P-01,Margaret Rog,Margaret Rog,Margaret Rog
ST LOUIS PARK W-1 P-01,155141,ST LOUIS PARK W-1 P-01,Margaret Rog,Margaret Rog,Margaret Rog
ST LOUIS PARK W-1 P-01,155142,ST LOUIS PARK W-1 P-01,Margaret Rog,writein,Margaret Rog
ST LOUIS PARK W-1 P-01,155143,ST LOUIS PARK W-1 P-01,writein,writein,writein
ST LOUIS PARK W-1 P-01,155144,ST LOUIS PARK W-1 P-01,Margaret Rog,skipped,skipped
ST LOUIS PARK W-1 P-01,155145,ST LOUIS PARK W-1 P-01,Margaret Rog,skipped,skipped
ST LOUIS PARK W-1 P-01,155146,ST LOUIS PARK W-1 P-01,Margaret Rog,Margaret Rog,skipped
ST LOUIS PARK W-1 P-01,155147,ST LOUIS PARK W-1 P-01,Margaret Rog,skipped,skipped
ST LOUIS PARK W-1 P-01,155148,ST LOUIS PARK W-1 P-01,Margaret Rog,skipped,skipped
ST LOUIS PARK W-1 P-01,155149,ST LOUIS PARK W-1 P-01,Margaret Rog,Margaret Rog,Margaret Rog
ST LOUIS PARK W-1 P-01,155150,ST LOUIS PARK W-1 P-01,Margaret Rog,skipped,skipped
ST LOUIS PARK W-1 P-01,155151,ST LOUIS PARK W-1 P-01,Margaret Rog,skipped,skipped
ST LOUIS PARK W-1 P-01,155152,ST LOUIS PARK W-1 P-01,writein,writein,writein
ST LOUIS PARK W-1 P-01,155153,ST LOUIS PARK W-1 P-01,Margaret Rog,skipped,skipped
ST LOUIS PARK W-1 P-01,155154,ST LOUIS PARK W-1 P-01,Margaret Rog,Margaret Rog,Margaret Rog
ST LOUIS PARK W-1 P-01,155155,ST LOUIS PARK W-1 P-01,skipped,skipped,skipped
ST LOUIS PARK W-1 P-01,155156,ST LOUIS PARK W-1 P-01,writein,Margaret Rog,Margaret Rog
ST LOUIS PARK W-1 P-01,155157,ST LOUIS PARK W-1 P-01,Margaret Rog,Margaret Rog,Margaret Rog
ST LOUIS PARK W-1 P-01,155158,ST LOUIS PARK W-1 P-01,writein,writein,writein
ST LOUIS PARK W-1 P-01,155159,ST LOUIS PARK W-1 P-01,Margaret Rog,Margaret Rog,Margaret Rog
ST LOUIS PARK W-1 P-01,155160,ST LOUIS PARK W-1 P-01,Margaret Rog,skipped,skipped
ST LOUIS PARK W-1 P-01,155161,ST LOUIS PARK W-1 P-01,Margaret Rog,skipped,skipped
ST LOUIS PARK W-1 P-01,155162,ST LOUIS PARK W-1 P-01,Margaret Rog,skipped,skipped
ST LOUIS PARK W-1 P-01,155163,ST LOUIS PARK W-1 P-01,Margaret Rog,skipped,skipped
ST LOUIS PARK W-1 P-01,155164,ST LOUIS PARK W-1 P-01,Margaret Rog,Margaret Rog,Margaret Rog
ST LOUIS PARK W-1 P-01,155165,ST LOUIS PARK W-1 P-01,Margaret Rog,Margaret Rog,Margaret Rog
ST LOUIS PARK W-1 P-01,155166,ST LOUIS PARK W-1 P-01,writein,skipped,skipped
ST LOUIS PARK W-1 P-01,155167,ST LOUIS PARK W-1 P-01,Margaret Rog,skipped,skipped
ST LOUIS PARK W-1 P-01,155168,ST LOUIS PARK W-1 P-01,Margaret Rog,Margaret Rog,Margaret Rog
ST LOUIS PARK W-1 P-01,155169,ST LOUIS PARK W-1 P-01,Margaret Rog,Margaret Rog,Margaret Rog
ST LOUIS PARK W-1 P-01,155170,ST LOUIS PARK W-1 P-01,writein,skipped,skipped
ST LOUIS PARK W-1 P-01,155171,ST LOUIS PARK W-1 P-01,Margaret Rog,skipped,skipped
ST LOUIS PARK W-1 P-01,155172,ST LOUIS PARK W-1 P-01,Margaret Rog,Margaret Rog,Margaret Rog
ST LOUIS PARK W-1 P-01,155173,ST LOUIS PARK W-1 P-01,Margaret Rog,skipped,skipped
ST LOUIS PARK W-1 P-01,155174,ST LOUIS PARK W-1 P-01,Margaret Rog,skipped,skipped
ST LOUIS PARK W-1 P-01,155175,ST LOUIS PARK W-1 P-01,Margaret Rog,skipped,skipped
ST LOUIS PARK W-1 P-01,155176,ST LOUIS PARK W-1 P-01,skipped,skipped,skipped
ST LOUIS PARK W-1 P-01,155177,ST LOUIS PARK W-1 P-01,Margaret Rog,skipped,skipped
ST LOUIS PARK W-1 P-01,155178,ST LOUIS PARK W-1 P-01,Margaret Rog,Margaret Rog,Margaret Rog
ST LOUIS PARK W-1 P-01,155179,ST LOUIS PARK W-1 P-01,Margaret Rog,Margaret Rog,Margaret Rog
ST LOUIS PARK W-1 P-01,155180,ST LOUIS PARK W-1 P-01,Margaret Rog,Margaret Rog,Margaret Rog
ST LOUIS PARK W-1 P-01,155181,ST LOUIS PARK W-1 P-01,Margaret Rog,Margaret Rog,Margaret Rog
ST LOUIS PARK W-1 P-01,155182,ST LOUIS PARK W-1 P-01,Margaret Rog,skipped,skipped
ST LOUIS PARK W-1 P-01,155183,ST LOUIS PARK W-1 P-01,Margaret Rog,skipped,skipped
ST LOUIS PARK W-1 P-01,155184,ST LOUIS PARK W-1 P-01,Margaret Rog,writein,skipped
ST LOUIS PARK W-1 P-01,155185,ST LOUIS PARK W-1 P-01,Margaret Rog,Margaret Rog,Margaret Rog
ST LOUIS PARK W-1 P-01,155186,ST LOUIS PARK W-1 P-01,Margaret Rog,skipped,skipped
ST LOUIS PARK W-1 P-01,155187,ST LOUIS PARK W-1 P-01,Margaret Rog,skipped,skipped
ST LOUIS PARK W-1 P-01,155188,ST LOUIS PARK W-1 P-01,Margaret Rog,skipped,skipped
ST LOUIS PARK W-1 P-01,155189,ST LOUIS PARK W-1 P-01,Margaret Rog,skipped,skipped
ST LOUIS PARK W-1 P-01,155190,ST LOUIS PARK W-1 P-01,Margaret Rog,Margaret Rog,Margaret Rog
ST LOUIS PARK W-1 P-01,155191,ST LOUIS PARK W-1 P-01,Margaret Rog,Margaret Rog,Margaret Rog
ST LOUIS PARK W-1 P-01,155192,ST LOUIS PARK W-1 P-01,Margaret Rog,Margaret Rog,Margaret Rog
ST LOUIS PARK W-1 P-01,155193,ST LOUIS PARK W-1 P-01,Margaret Rog,Margaret Rog,Margaret Rog
ST LOUIS PARK W-1 P-01,155194,ST LOUIS PARK W-1 P-01,Margaret Rog,skipped,skipped
ST LOUIS PARK W-1 P-01,155195,ST LOUIS PARK W-1 P-01,Margaret Rog,skipped,skipped
ST LOUIS PARK W-1 P-01,155196,ST LOUIS PARK W-1 P-01,Margaret Rog,skipped,skipped
ST LOUIS PARK W-1 P-01,155197,ST LOUIS PARK W-1 P-01,Margaret Rog,skipped,skipped
ST LOUIS PARK W-1 P-01,155198,ST LOUIS PARK W-1 P-01,Margaret Rog,skipped,skipped
ST LOUIS PARK W-1 P-01,155199,ST LOUIS PARK W-1 P-01,Margaret Rog,Margaret Rog,Margaret Rog
ST LOUIS PARK W-1 P-01,155200,ST LOUIS PARK W-1 P-01,Margaret Rog,writein,writein
ST LOUIS PARK W-1 P-01,155201,ST LOUIS PARK W-1 P-01,Margaret Rog,skipped,skipped
ST LOUIS PARK W-1 P-01,155202,ST LOUIS PARK W-1 P-01,Margaret Rog,Margaret Rog,Margaret Rog
ST LOUIS PARK W-1 P-01,155203,ST LOUIS PARK W-1 P-01,Margaret Rog,skipped,skipped
ST LOUIS PARK W-1 P-01,155204,ST LOUIS PARK W-1 P-01,Margaret Rog,Margaret Rog,Margaret Rog
ST LOUIS PARK W-1 P-01,155205,ST LOUIS PARK W-1 P-01,writein,skipped,skipped
ST LOUIS PARK W-1 P-01,155206,ST LOUIS PARK W-1 P-01,Margaret Rog,skipped,skipped
ST LOUIS PARK W-1 P-01,155207,ST LOUIS PARK W-1 P-01,Margaret Rog,Margaret Rog,Margaret Rog
ST LOUIS PARK W-1 P-01,155208,ST LOUIS PARK W-1 P-01,Margaret Rog,skipped,skipped
ST LOUIS PARK W-1 P-01,155209,ST LOUIS PARK W-1 P-01,Margaret Rog,Margaret Rog,Margaret Rog
ST LOUIS PARK W-1 P-01,155210,ST LOUIS PARK W-1 P-01,Margaret Rog,Margaret Rog,Margaret Rog
ST LOUIS PARK W-1 P-01,155211,ST LOUIS PARK W-1 P-01,Margaret Rog,skipped,skipped
ST LOUIS PARK W-1 P-01,155212,ST LOUIS PARK W-1 P-01,Margaret Rog,skipped,skipped
ST LOUIS PARK W-1 P-01,155213,ST LOUIS PARK W-1 P-01,Margaret Rog,Margaret Rog,skipped
ST LOUIS PARK W-1 P-01,155214,ST LOUIS PARK W-1 P-01,Margaret Rog,skipped,skipped
ST LOUIS PARK W-1 P-01,155215,ST LOUIS PARK W-1 P-01,Margaret Rog,skipped,skipped
ST LOUIS PARK W-1 P-01,155216,ST LOUIS PARK W-1 P-01,Margaret Rog,skipped,skipped
ST LOUIS PARK W-1 P-01,155217,ST LOUIS PARK W-1 P-01,writein,Margaret Rog,Margaret Rog
ST LOUIS PARK W-1 P-01,155218,ST LOUIS PARK W-1 P-01,Margaret Rog,Margaret Rog,Margaret Rog
ST LOUIS PARK W-1 P-01,155219,ST LOUIS PARK W-1 P-01,Margaret Rog,Margaret Rog,Margaret Rog
ST LOUIS PARK W-1 P-01,155220,ST LOUIS PARK W-1 P-01,Margaret Rog,skipped,skipped
ST LOUIS PARK W-1 P-01,155221,ST LOUIS PARK W-1 P-01,Margaret Rog,Margaret Rog,Margaret Rog
ST LOUIS PARK W-1 P-01,155222,ST LOUIS PARK W-1 P-01,Margaret Rog,skipped,skipped
ST LOUIS PARK W-1 P-01,155223,ST LOUIS PARK W-1 P-01,Margaret Rog,skipped,Margaret Rog
ST LOUIS PARK W-1 P-01,155224,ST LOUIS PARK W-1 P-01,Margaret Rog,Margaret Rog,Margaret Rog
ST LOUIS PARK W-1 P-01,155225,ST LOUIS PARK W-1 P-01,Margaret Rog,Margaret Rog,Margaret Rog
ST LOUIS PARK W-1 P-01,155226,ST LOUIS PARK W-1 P-01,Margaret Rog,Margaret Rog,Margaret Rog
ST LOUIS PARK W-1 P-01,155227,ST LOUIS PARK W-1 P-01,Margaret Rog,skipped,skipped
ST LOUIS PARK W-1 P-01,155228,ST LOUIS PARK W-1 P-01,Margaret Rog,skipped,skipped
ST LOUIS PARK W-1 P-01,155229,ST LOUIS PARK W-1 P-01,Margaret Rog,skipped,skipped
ST LOUIS PARK W-1 P-01,155230,ST LOUIS PARK W-1 P-01,Margaret Rog,Margaret Rog,Margaret Rog
ST LOUIS PARK W-1 P-01,155231,ST LOUIS PARK W-1 P-01,Margaret Rog,skipped,skipped
ST LOUIS PARK W-1 P-01,155232,ST LOUIS PARK W-1 P-01,skipped,Margaret Rog,skipped
ST LOUIS PARK W-1 P-01,155233,ST LOUIS PARK W-1 P-01,Margaret Rog,Margaret Rog,Margaret Rog
ST LOUIS PARK W-1 P-01,155234,ST LOUIS PARK W-1 P-01,skipped,skipped,skipped
ST LOUIS PARK W-1 P-01,155235,ST LOUIS PARK W-1 P-01,Margaret Rog,skipped,skipped
ST LOUIS PARK W-1 P-01,155236,ST LOUIS PARK W-1 P-01,Margaret Rog,skipped,skipped
ST LOUIS PARK W-1 P-01,155237,ST LOUIS PARK W-1 P-01,Margaret Rog,skipped,skipped
ST LOUIS PARK W-1 P-01,155238,ST LOUIS PARK W-1 P-01,Margaret Rog,skipped,skipped
ST LOUIS PARK W-1 P-01,155239,ST LOUIS PARK W-1 P-01,Margaret Rog,skipped,skipped
ST LOUIS PARK W-1 P-01,155240,ST LOUIS PARK W-1 P-01,Margaret Rog,Margaret Rog,Margaret Rog
ST LOUIS PARK W-1 P-01,155241,ST LOUIS PARK W-1 P-01,Margaret Rog,Margaret Rog,Margaret Rog
ST LOUIS PARK W-1 P-01,155242,ST LOUIS PARK W-1 P-01,writein,writein,writein
ST LOUIS PARK W-1 P-01,155243,ST LOUIS PARK W-1 P-01,Margaret Rog,Margaret Rog,Margaret Rog
ST LOUIS PARK W-1 P-01,155244,ST LOUIS PARK W-1 P-01,Margaret Rog,Margaret Rog,Margaret Rog
ST LOUIS PARK W-1 P-01,155245,ST LOUIS PARK W-1 P-01,Margaret Rog,Margaret Rog,Margaret Rog
ST LOUIS PARK W-1 P-01,155246,ST LOUIS PARK W-1 P-01,writein,writein,skipped
ST LOUIS PARK W-1 P-01,155247,ST LOUIS PARK W-1 P-01,skipped,skipped,skipped
ST LOUIS PARK W-1 P-01,155248,ST LOUIS PARK W-1 P-01,Margaret Rog,skipped,skipped
ST LOUIS PARK W-1 P-01,155249,ST LOUIS PARK W-1 P-01,Margaret Rog,Margaret Rog,Margaret Rog
ST LOUIS PARK W-1 P-01,155250,ST LOUIS PARK W-1 P-01,Margaret Rog,skipped,skipped
ST LOUIS PARK W-1 P-01,155251,ST LOUIS PARK W-1 P-01,Margaret Rog,skipped,skipped
ST LOUIS PARK W-1 P-01,155252,ST LOUIS PARK W-1 P-01,Margaret Rog,Margaret Rog,Margaret Rog
ST LOUIS PARK W-1 P-01,155253,ST LOUIS PARK W-1 P-01,Margaret Rog,skipped,skipped
ST LOUIS PARK W-1 P-01,155254,ST LOUIS PARK W-1 P-01,Margaret Rog,Margaret Rog,Margaret Rog
ST LOUIS PARK W-1 P-01,155255,ST LOUIS PARK W-1 P-01,skipped,skipped,skipped
ST LOUIS PARK W-1 P-01,155256,ST LOUIS PARK W-1 P-01,Margaret Rog,Margaret Rog,Margaret Rog
ST LOUIS PARK W-1 P-01,155257,ST LOUIS PARK W-1 P-01,Margaret Rog,skipped,skipped
ST LOUIS PARK W-1 P-01,155258,ST LOUIS PARK W-1 P-01,Margaret Rog,skipped,skipped
ST LOUIS PARK W-1 P-01,155259,ST LOUIS PARK W-1 P-01,Margaret Rog,skipped,skipped
ST LOUIS PARK W-1 P-01,155260,ST LOUIS PARK W-1 P-01,Margaret Rog,skipped,skipped
ST LOUIS PARK W-1 P-01,155261,ST LOUIS PARK W-1 P-01,Margaret Rog,skipped,skipped
ST LOUIS PARK W-1 P-01,155262,ST LOUIS PARK W-1 P-01,Margaret Rog,Margaret Rog,Margaret Rog
ST LOUIS PARK W-1 P-01,155263,ST LOUIS PARK W-1 P-01,Margaret Rog,Margaret Rog,Margaret Rog
ST LOUIS PARK W-1 P-01,155264,ST LOUIS PARK W-1 P-01,Margaret Rog,Margaret Rog,Margaret Rog
ST LOUIS PARK W-1 P-01,155265,ST LOUIS PARK W-1 P-01,Margaret Rog,Margaret Rog,Margaret Rog
ST LOUIS PARK W-1 P-01,155266,ST LOUIS PARK W-1 P-01,Margaret Rog,skipped,skipped
ST LOUIS PARK W-1 P-01,155267,ST LOUIS PARK W-1 P-01,writein,skipped,skipped
ST LOUIS PARK W-1 P-01,155268,ST LOUIS PARK W-1 P-01,Margaret Rog,skipped,skipped
ST LOUIS PARK W-1 P-01,155269,ST LOUIS PARK W-1 P-01,Margaret Rog,Margaret Rog,Margaret Rog
ST LOUIS PARK W-1 P-01,155270,ST LOUIS PARK W-1 P-01,Margaret Rog,skipped,skipped
ST LOUIS PARK W-1 P-01,155271,ST LOUIS PARK W-1 P-01,writein,skipped,skipped
ST LOUIS PARK W-1 P-01,155272,ST LOUIS PARK W-1 P-01,skipped,skipped,skipped
ST LOUIS PARK W-1 P-01,155273,ST LOUIS PARK W-1 P-01,Margaret Rog,Margaret Rog,Margaret Rog
ST LOUIS PARK W-1 P-01,155274,ST LOUIS PARK W-1 P-01,writein,writein,writein
ST LOUIS PARK W-1 P-01,155275,ST LOUIS PARK W-1 P-01,Margaret Rog,skipped,skipped
ST LOUIS PARK W-1 P-01,155276,ST LOUIS PARK W-1 P-01,Margaret Rog,Margaret Rog,Margaret Rog
ST LOUIS PARK W-1 P-01,155277,ST LOUIS PARK W-1 P-01,Margaret Rog,skipped,skipped
ST LOUIS PARK W-1 P-01,155278,ST LOUIS PARK W-1 P-01,skipped,skipped,Margaret Rog
ST LOUIS PARK W-1 P-01,155279,ST LOUIS PARK W-1 P-01,skipped,Margaret Rog,skipped
ST LOUIS PARK W-1 P-01,155280,ST LOUIS PARK W-1 P-01,writein,writein,writein
ST LOUIS PARK W-1 P-01,155281,ST LOUIS PARK W-1 P-01,Margaret Rog,skipped,skipped
ST LOUIS PARK W-1 P-01,155282,ST LOUIS PARK W-1 P-01,writein,writein,writein
ST LOUIS PARK W-1 P-01,155283,ST LOUIS PARK W-1 P-01,skipped,skipped,skipped
ST LOUIS PARK W-1 P-01,155284,ST LOUIS PARK W-1 P-01,Margaret Rog,skipped,skipped
ST LOUIS PARK W-1 P-01,155285,ST LOUIS PARK W-1 P-01,Margaret Rog,Margaret Rog,Margaret Rog
ST LOUIS PARK W-1 P-01,155286,ST LOUIS PARK W-1 P-01,Margaret Rog,skipped,skipped
ST LOUIS PARK W-1 P-01,155287,ST LOUIS PARK W-1 P-01,Margaret Rog,skipped,skipped
ST LOUIS PARK W-1 P-01,155288,ST LOUIS PARK W-1 P-01,writein,writein,writein
ST LOUIS PARK W-1 P-01,155289,ST LOUIS PARK W-1 P-01,skipped,skipped,skipped
ST LOUIS PARK W-1 P-01,155290,ST LOUIS PARK W-1 P-01,Margaret Rog,skipped,skipped
ST LOUIS PARK W-1 P-01,155291,ST LOUIS PARK W-1 P-01,Margaret Rog,skipped,skipped
ST LOUIS PARK W-1 P-01,155292,ST LOUIS PARK W-1 P-01,skipped,skipped,skipped
ST LOUIS PARK W-1 P-01,155293,ST LOUIS PARK W-1 P-01,Margaret Rog,Margaret Rog,Margaret Rog
ST LOUIS PARK W-1 P-01,155294,ST LOUIS PARK W-1 P-01,Margaret Rog,skipped,skipped
ST LOUIS PARK W-1 P-01,155295,ST LOUIS PARK W-1 P-01,Margaret Rog,skipped,skipped
ST LOUIS PARK W-1 P-01,155296,ST LOUIS PARK W-1 P-01,Margaret Rog,Margaret Rog,Margaret Rog
ST LOUIS PARK W-1 P-01,155297,ST LOUIS PARK W-1 P-01,Margaret Rog,skipped,skipped
ST LOUIS PARK W-1 P-01,155298,ST LOUIS PARK W-1 P-01,writein,writein,writein
ST LOUIS PARK W-1 P-01,155299,ST LOUIS PARK W-1 P-01,Margaret Rog,skipped,skipped
ST LOUIS PARK W-1 P-01,155300,ST LOUIS PARK W-1 P-01,Margaret Rog,Margaret Rog,Margaret Rog
ST LOUIS PARK W-1 P-01,155301,ST LOUIS PARK W-1 P-01,Margaret Rog,Margaret Rog,Margaret Rog
ST LOUIS PARK W-1 P-01,155302,ST LOUIS PARK W-1 P-01,Margaret Rog,Margaret Rog,Margaret Rog
ST LOUIS PARK W-1 P-01,155303,ST LOUIS PARK W-1 P-01,Margaret Rog,skipped,skipped
ST LOUIS PARK W-1 P-01,155304,ST LOUIS PARK W-1 P-01,writein,skipped,skipped
ST LOUIS PARK W-1 P-01,155305,ST LOUIS PARK W-1 P-01,Margaret Rog,skipped,skipped
ST LOUIS PARK W-1 P-01,155306,ST LOUIS PARK W-1 P-01,Margaret Rog,Margaret Rog,Margaret Rog
ST LOUIS PARK W-1 P-01,155307,ST LOUIS PARK W-1 P-01,Margaret Rog,skipped,skipped
ST LOUIS PARK W-1 P-01,155308,ST LOUIS PARK W-1 P-01,skipped,skipped,skipped
ST LOUIS PARK W-1 P-01,155309,ST LOUIS PARK W-1 P-01,Margaret Rog,skipped,skipped
ST LOUIS PARK W-1 P-01,155310,ST LOUIS PARK W-1 P-01,Margaret Rog,skipped,skipped
ST LOUIS PARK W-1 P-01,155311,ST LOUIS PARK W-1 P-01,Margaret Rog,Margaret Rog,Margaret Rog
ST LOUIS PARK W-1 P-01,155312,ST LOUIS PARK W-1 P-01,Margaret Rog,Margaret Rog,Margaret Rog
ST LOUIS PARK W-1 P-01,155313,ST LOUIS PARK W-1 P-01,Margaret Rog,skipped,skipped
ST LOUIS PARK W-1 P-01,155314,ST LOUIS PARK W-1 P-01,Margaret Rog,skipped,skipped
ST LOUIS PARK W-1 P-01,155315,ST LOUIS PARK W-1 P-01,Margaret Rog,Margaret Rog,Margaret Rog
ST LOUIS PARK W-1 P-01,155316,ST LOUIS PARK W-1 P-01,Margaret Rog,skipped,skipped
ST LOUIS PARK W-1 P-01,155317,ST LOUIS PARK W-1 P-01,Margaret Rog,Margaret Rog,Margaret Rog
ST LOUIS PARK W-1 P-01,155318,ST LOUIS PARK W-1 P-01,Margaret Rog,skipped,skipped
ST LOUIS PARK W-1 P-01,155319,ST LOUIS PARK W-1 P-01,Margaret Rog,skipped,skipped
ST LOUIS PARK W-1 P-01,155320,ST LOUIS PARK W-1 P-01,Margaret Rog,Margaret Rog,Margaret Rog
ST LOUIS PARK W-1 P-01,155321,ST LOUIS PARK W-1 P-01,Margaret Rog,Margaret Rog,Margaret Rog
ST LOUIS PARK W-1 P-01,155322,ST LOUIS PARK W-1 P-01,Margaret Rog,Margaret Rog,Margaret Rog
ST LOUIS PARK W-1 P-01,155323,ST LOUIS PARK W-1 P-01,skipped,skipped,skipped
ST LOUIS PARK W-1 P-01,155324,ST LOUIS PARK W-1 P-01,Margaret Rog,skipped,skipped
ST LOUIS PARK W-1 P-01,155325,ST LOUIS PARK W-1 P-01,Margaret Rog,skipped,skipped
ST LOUIS PARK W-1 P-01,155326,ST LOUIS PARK W-1 P-01,Margaret Rog,Margaret Rog,skipped
ST LOUIS PARK W-1 P-01,155327,ST LOUIS PARK W-1 P-01,Margaret Rog,skipped,skipped
ST LOUIS PARK W-1 P-01,155328,ST LOUIS PARK W-1 P-01,Margaret Rog,writein,writein
ST LOUIS PARK W-1 P-01,155329,ST LOUIS PARK W-1 P-01,writein,skipped,skipped
ST LOUIS PARK W-1 P-01,155330,ST LOUIS PARK W-1 P-01,Margaret Rog,Margaret Rog,Margaret Rog
ST LOUIS PARK W-1 P-01,155331,ST LOUIS PARK W-1 P-01,Margaret Rog,Margaret Rog,skipped
ST LOUIS PARK W-1 P-01,155332,ST LOUIS PARK W-1 P-01,Margaret Rog,Margaret Rog,Margaret Rog
ST LOUIS PARK W-1 P-01,155333,ST LOUIS PARK W-1 P-01,Margaret Rog,Margaret Rog,Margaret Rog
ST LOUIS PARK W-1 P-01,155334,ST LOUIS PARK W-1 P-01,Margaret Rog,skipped,skipped
ST LOUIS PARK W-1 P-01,155335,ST LOUIS PARK W-1 P-01,Margaret Rog,Margaret Rog,Margaret Rog
ST LOUIS PARK W-1 P-01,155336,ST LOUIS PARK W-1 P-01,Margaret Rog,skipped,skipped
ST LOUIS PARK W-1 P-01,155337,ST LOUIS PARK W-1 P-01,Margaret Rog,skipped,skipped
ST LOUIS PARK W-1 P-01,155338,ST LOUIS PARK W-1 P-01,Margaret Rog,Margaret Rog,Margaret Rog
ST LOUIS PARK W-1 P-01,155339,ST LOUIS PARK W-1 P-01,writein,skipped,skipped
ST LOUIS PARK W-1 P-01,155340,ST LOUIS PARK W-1 P-01,Margaret Rog,skipped,skipped
ST LOUIS PARK W-1 P-01,155341,ST LOUIS PARK W-1 P-01,Margaret Rog,Margaret Rog,Margaret Rog
ST LOUIS PARK W-1 P-01,155342,ST LOUIS PARK W-1 P-01,writein,writein,writein
ST LOUIS PARK W-1 P-01,155343,ST LOUIS PARK W-1 P-01,Margaret Rog,Margaret Rog,Margaret Rog
ST LOUIS PARK W-1 P-01,155344,ST LOUIS PARK W-1 P-01,Margaret Rog,Margaret Rog,Margaret Rog
ST LOUIS PARK W-1 P-01,155345,ST LOUIS PARK W-1 P-01,Margaret Rog,Margaret Rog,Margaret Rog
ST LOUIS PARK W-1 P-01,155346,ST LOUIS PARK W-1 P-01,Margaret Rog,Margaret Rog,Margaret Rog
ST LOUIS PARK W-1 P-01,155347,ST LOUIS PARK W-1 P-01,Margaret Rog,Margaret Rog,Margaret Rog
ST LOUIS PARK W-1 P-01,155348,ST LOUIS PARK W-1 P-01,Margaret Rog,Margaret Rog,Margaret Rog
ST LOUIS PARK W-1 P-01,155349,ST LOUIS PARK W-1 P-01,writein,writein,writein
ST LOUIS PARK W-1 P-01,155350,ST LOUIS PARK W-1 P-01,Margaret Rog,Margaret Rog,Margaret Rog
ST LOUIS PARK W-1 P-01,155351,ST LOUIS PARK W-1 P-01,Margaret Rog,skipped,skipped
ST LOUIS PARK W-1 P-01,155352,ST LOUIS PARK W-1 P-01,Margaret Rog,skipped,skipped
ST LOUIS PARK W-1 P-01,155353,ST LOUIS PARK W-1 P-01,Margaret Rog,skipped,skipped
ST LOUIS PARK W-1 P-01,155354,ST LOUIS PARK W-1 P-01,Margaret Rog,skipped,skipped
ST LOUIS PARK W-1 P-01,155355,ST LOUIS PARK W-1 P-01,Margaret Rog,Margaret Rog,Margaret Rog
ST LOUIS PARK W-1 P-01,155356,ST LOUIS PARK W-1 P-01,Margaret Rog,Margaret Rog,Margaret Rog
ST LOUIS PARK W-1 P-01,155357,ST LOUIS PARK W-1 P-01,Margaret Rog,Margaret Rog,Margaret Rog
ST LOUIS PARK W-1 P-01,155358,ST LOUIS PARK W-1 P-01,Margaret Rog,writein,skipped
ST LOUIS PARK W-1 P-01,155359,ST LOUIS PARK W-1 P-01,Margaret Rog,Margaret Rog,Margaret Rog
ST LOUIS PARK W-1 P-01,155360,ST LOUIS PARK W-1 P-01,writein,skipped,skipped
ST LOUIS PARK W-1 P-01,155361,ST LOUIS PARK W-1 P-01,Margaret Rog,skipped,skipped
ST LOUIS PARK W-1 P-01,155362,ST LOUIS PARK W-1 P-01,writein,skipped,skipped
ST LOUIS PARK W-1 P-01,155363,ST LOUIS PARK W-1 P-01,Margaret Rog,Margaret Rog,skipped
ST LOUIS PARK W-1 P-01,155364,ST LOUIS PARK W-1 P-01,Margaret Rog,Margaret Rog,Margaret Rog
ST LOUIS PARK W-1 P-01,155365,ST LOUIS PARK W-1 P-01,Margaret Rog,Margaret Rog,Margaret Rog
ST LOUIS PARK W-1 P-01,155366,ST LOUIS PARK W-1 P-01,Margaret Rog,skipped,skipped
ST LOUIS PARK W-1 P-01,155367,ST LOUIS PARK W-1 P-01,Margaret Rog,Margaret Rog,Margaret Rog
ST LOUIS PARK W-1 P-01,155368,ST LOUIS PARK W-1 P-01,Margaret Rog,Margaret Rog,Margaret Rog
ST LOUIS PARK W-1 P-01,155369,ST LOUIS PARK W-1 P-01,Margaret Rog,Margaret Rog,Margaret Rog
ST LOUIS PARK W-1 P-01,155370,ST LOUIS PARK W-1 P-01,Margaret Rog,Margaret Rog,Margaret Rog
ST LOUIS PARK W-1 P-01,155371,ST LOUIS PARK W-1 P-01,Margaret Rog,skipped,skipped
ST LOUIS PARK W-1 P-01,155372,ST LOUIS PARK W-1 P-01,Margaret Rog,skipped,skipped
ST LOUIS PARK W-1 P-01,155373,ST LOUIS PARK W-1 P-01,writein,writein,skipped
ST LOUIS PARK W-1 P-01,155374,ST LOUIS PARK W-1 P-01,Margaret Rog,writein,skipped
ST LOUIS PARK W-1 P-01,155375,ST LOUIS PARK W-1 P-01,Margaret Rog,skipped,skipped
ST LOUIS PARK W-1 P-01,155376,ST LOUIS PARK W-1 P-01,Margaret Rog,skipped,skipped
ST LOUIS PARK W-1 P-01,155377,ST LOUIS PARK W-1 P-01,Margaret Rog,skipped,skipped
ST LOUIS PARK W-1 P-01,155378,ST LOUIS PARK W-1 P-01,skipped,Margaret Rog,skipped
ST LOUIS PARK W-1 P-01,155379,ST LOUIS PARK W-1 P-01,Margaret Rog,Margaret Rog,Margaret Rog
ST LOUIS PARK W-1 P-01,155380,ST LOUIS PARK W-1 P-01,Margaret Rog,Margaret Rog,Margaret Rog
ST LOUIS PARK W-1 P-01,155381,ST LOUIS PARK W-1 P-01,Margaret Rog,skipped,skipped
ST LOUIS PARK W-1 P-01,155382,ST LOUIS PARK W-1 P-01,Margaret Rog,skipped,skipped
ST LOUIS PARK W-1 P-01,155383,ST LOUIS PARK W-1 P-01,Margaret Rog,skipped,skipped
ST LOUIS PARK W-1 P-01,155384,ST LOUIS PARK W-1 P-01,Margaret Rog,Margaret Rog,Margaret Rog
ST LOUIS PARK W-1 P-01,155385,ST LOUIS PARK W-1 P-01,writein,writein,writein
ST LOUIS PARK W-1 P-01,155386,ST LOUIS PARK W-1 P-01,Margaret Rog,Margaret Rog,Margaret Rog
ST LOUIS PARK W-1 P-01,155387,ST LOUIS PARK W-1 P-01,Margaret Rog,skipped,skipped
ST LOUIS PARK W-1 P-01,155388,ST LOUIS PARK W-1 P-01,Margaret Rog,skipped,skipped
ST LOUIS PARK W-1 P-01,155389,ST LOUIS PARK W-1 P-01,Margaret Rog,skipped,skipped
ST LOUIS PARK W-1 P-01,155390,ST LOUIS PARK W-1 P-01,Margaret Rog,skipped,skipped
ST LOUIS PARK W-1 P-01,155391,ST LOUIS PARK W-1 P-01,Margaret Rog,Margaret Rog,Margaret Rog
ST LOUIS PARK W-1 P-01,155392,ST LOUIS PARK W-1 P-01,Margaret Rog,Margaret Rog,Margaret Rog
ST LOUIS PARK W-1 P-01,155393,ST LOUIS PARK W-1 P-01,skipped,skipped,skipped
ST LOUIS PARK W-1 P-01,155394,ST LOUIS PARK W-1 P-01,Margaret Rog,Margaret Rog,Margaret Rog
ST LOUIS PARK W-1 P-01,155395,ST LOUIS PARK W-1 P-01,Margaret Rog,Margaret Rog,Margaret Rog
ST LOUIS PARK W-1 P-01,155396,ST LOUIS PARK W-1 P-01,writein,skipped,skipped
ST LOUIS PARK W-1 P-01,155397,ST LOUIS PARK W-1 P-01,Margaret Rog,Margaret Rog,Margaret Rog
ST LOUIS PARK W-1 P-01,155398,ST LOUIS PARK W-1 P-01,Margaret Rog,Margaret Rog,Margaret Rog
ST LOUIS PARK W-1 P-01,155399,ST LOUIS PARK W-1 P-01,Margaret Rog,Margaret Rog,Margaret Rog
ST LOUIS PARK W-1 P-01,155400,ST LOUIS PARK W-1 P-01,Margaret Rog,Margaret Rog,Margaret Rog
ST LOUIS PARK W-1 P-01,155401,ST LOUIS PARK W-1 P-01,writein,skipped,skipped
ST LOUIS PARK W-1 P-01,155402,ST LOUIS PARK W-1 P-01,skipped,skipped,skipped
ST LOUIS PARK W-1 P-01,155403,ST LOUIS PARK W-1 P-01,Margaret Rog,skipped,skipped
ST LOUIS PARK W-1 P-01,155404,ST LOUIS PARK W-1 P-01,Margaret Rog,Margaret Rog,Margaret Rog
ST LOUIS PARK W-1 P-01,155405,ST LOUIS PARK W-1 P-01,Margaret Rog,skipped,skipped
ST LOUIS PARK W-1 P-01,155406,ST LOUIS PARK W-1 P-01,Margaret Rog,Margaret Rog,Margaret Rog
ST LOUIS PARK W-1 P-01,155407,ST LOUIS PARK W-1 P-01,writein,skipped,skipped
ST LOUIS PARK W-1 P-01,155408,ST LOUIS PARK W-1 P-01,skipped,skipped,skipped
ST LOUIS PARK W-1 P-01,155409,ST LOUIS PARK W-1 P-01,Margaret Rog,skipped,skipped
ST LOUIS PARK W-1 P-01,155410,ST LOUIS PARK W-1 P-01,Margaret Rog,Margaret Rog,Margaret Rog
ST LOUIS PARK W-1 P-01,155411,ST LOUIS PARK W-1 P-01,Margaret Rog,Margaret Rog,skipped
ST LOUIS PARK W-1 P-02,155415,ST LOUIS PARK W-1 P-02,Margaret Rog,skipped,skipped
ST LOUIS PARK W-1 P-04,155416,ST LOUIS PARK W-1 P-04,Margaret Rog,skipped,skipped
ST LOUIS PARK W-1 P-03,155418,ST LOUIS PARK W-1 P-03,Margaret Rog,skipped,skipped
ST LOUIS PARK W-1 P-02,155422,ST LOUIS PARK W-1 P-02,Margaret Rog,writein,writein
ST LOUIS PARK W-1 P-01,155424,ST LOUIS PARK W-1 P-01,Margaret Rog,skipped,skipped
ST LOUIS PARK W-1 P-01,155426,ST LOUIS PARK W-1 P-01,Margaret Rog,skipped,skipped
ST LOUIS PARK W-1 P-01,155428,ST LOUIS PARK W-1 P-01,Margaret Rog,skipped,skipped
ST LOUIS PARK W-1 P-02,155429,ST LOUIS PARK W-1 P-02,Margaret Rog,skipped,skipped
ST LOUIS PARK W-1 P-02,155431,ST LOUIS PARK W-1 P-02,Margaret Rog,Margaret Rog,Margaret Rog
ST LOUIS PARK W-1 P-02,155432,ST LOUIS PARK W-1 P-02,Margaret Rog,Margaret Rog,Margaret Rog
ST LOUIS PARK W-1 P-02,155433,ST LOUIS PARK W-1 P-02,Margaret Rog,skipped,skipped
ST LOUIS PARK W-1 P-02,155434,ST LOUIS PARK W-1 P-02,Margaret Rog,skipped,skipped
ST LOUIS PARK W-1 P-02,155445,ST LOUIS PARK W-1 P-02,Margaret Rog,Margaret Rog,Margaret Rog
ST LOUIS PARK W-1 P-02,155450,ST LOUIS PARK W-1 P-02,Margaret Rog,Margaret Rog,Margaret Rog
ST LOUIS PARK W-1 P-02,155451,ST LOUIS PARK W-1 P-02,Margaret Rog,Margaret Rog,Margaret Rog
ST LOUIS PARK W-1 P-04,155452,ST LOUIS PARK W-1 P-04,Margaret Rog,skipped,skipped
ST LOUIS PARK W-1 P-02,155460,ST LOUIS PARK W-1 P-02,Margaret Rog,skipped,skipped
ST LOUIS PARK W-1 P-01,155463,ST LOUIS PARK W-1 P-01,Margaret Rog,skipped,skipped
ST LOUIS PARK W-1 P-01,155465,ST LOUIS PARK W-1 P-01,Margaret Rog,skipped,skipped
ST LOUIS PARK W-1 P-01,155467,ST LOUIS PARK W-1 P-01,Margaret Rog,skipped,skipped
ST LOUIS PARK W-1 P-01,155473,ST LOUIS PARK W-1 P-01,Margaret Rog,skipped,skipped
ST LOUIS PARK W-1 P-02,155475,ST LOUIS PARK W-1 P-02,Margaret Rog,skipped,skipped
ST LOUIS PARK W-1 P-01,155481,ST LOUIS PARK W-1 P-01,Margaret Rog,skipped,skipped
ST LOUIS PARK W-1 P-01,155487,ST LOUIS PARK W-1 P-01,Margaret Rog,Margaret Rog,Margaret Rog
ST LOUIS PARK W-1 P-02,155495,ST LOUIS PARK W-1 P-02,Margaret Rog,Margaret Rog,Margaret Rog
ST LOUIS PARK W-1 P-02,155496,ST LOUIS PARK W-1 P-02,Margaret Rog,Margaret Rog,Margaret Rog
ST LOUIS PARK W-1 P-01,155516,ST LOUIS PARK W-1 P-01,Margaret Rog,Margaret Rog,Margaret Rog
ST LOUIS PARK W-1 P-02,155518,ST LOUIS PARK W-1 P-02,Margaret Rog,Margaret Rog,Margaret Rog
ST LOUIS PARK W-1 P-01,155520,ST LOUIS PARK W-1 P-01,Margaret Rog,Margaret Rog,Margaret Rog
ST LOUIS PARK W-1 P-03,155525,ST LOUIS PARK W-1 P-03,Margaret Rog,Margaret Rog,Margaret Rog
ST LOUIS PARK W-1 P-03,155526,ST LOUIS PARK W-1 P-03,Margaret Rog,Margaret Rog,Margaret Rog
ST LOUIS PARK W-1 P-01,155530,ST LOUIS PARK W-1 P-01,Margaret Rog,Margaret Rog,Margaret Rog
ST LOUIS PARK W-1 P-03,155543,ST LOUIS PARK W-1 P-03,Margaret Rog,Margaret Rog,Margaret Rog
ST LOUIS PARK W-1 P-02,155546,ST LOUIS PARK W-1 P-02,Margaret Rog,Margaret Rog,Margaret Rog
ST LOUIS PARK W-1 P-02,155548,ST LOUIS PARK W-1 P-02,Margaret Rog,Margaret Rog,Margaret Rog
ST LOUIS PARK W-1 P-02,155551,ST LOUIS PARK W-1 P-02,Margaret Rog,skipped,skipped
ST LOUIS PARK W-1 P-01,155552,ST LOUIS PARK W-1 P-01,Margaret Rog,skipped,skipped
ST LOUIS PARK W-1 P-04,155553,ST LOUIS PARK W-1 P-04,Margaret Rog,skipped,skipped
ST LOUIS PARK W-1 P-01,155564,ST LOUIS PARK W-1 P-01,Margaret Rog,Margaret Rog,Margaret Rog
ST LOUIS PARK W-1 P-01,155565,ST LOUIS PARK W-1 P-01,Margaret Rog,skipped,skipped
ST LOUIS PARK W-1 P-01,155567,ST LOUIS PARK W-1 P-01,Margaret Rog,Margaret Rog,writein
ST LOUIS PARK W-1 P-01,155572,ST LOUIS PARK W-1 P-01,Margaret Rog,skipped,skipped
ST LOUIS PARK W-1 P-01,155573,ST LOUIS PARK W-1 P-01,Margaret Rog,skipped,skipped
ST LOUIS PARK W-1 P-03,155591,ST LOUIS PARK W-1 P-03,Margaret Rog,Margaret Rog,Margaret Rog
ST LOUIS PARK W-1 P-03,155595,ST LOUIS PARK W-1 P-03,skipped,skipped,skipped
ST LOUIS PARK W-1 P-01,155597,ST LOUIS PARK W-1 P-01,Margaret Rog,skipped,skipped
ST LOUIS PARK W-1 P-01,155598,ST LOUIS PARK W-1 P-01,Margaret Rog,Margaret Rog,Margaret Rog
ST LOUIS PARK W-1 P-01,155601,ST LOUIS PARK W-1 P-01,skipped,skipped,skipped
ST LOUIS PARK W-1 P-02,155605,ST LOUIS PARK W-1 P-02,writein,writein,writein
ST LOUIS PARK W-1 P-01,155607,ST LOUIS PARK W-1 P-01,writein,skipped,skipped
ST LOUIS PARK W-1 P-04,155608,ST LOUIS PARK W-1 P-04,Margaret Rog,Margaret Rog,Margaret Rog
ST LOUIS PARK W-1 P-03,155610,ST LOUIS PARK W-1 P-03,Margaret Rog,skipped,skipped
ST LOUIS PARK W-1 P-02,155611,ST LOUIS PARK W-1 P-02,Margaret Rog,Margaret Rog,Margaret Rog
ST LOUIS PARK W-1 P-02,155615,ST LOUIS PARK W-1 P-02,Margaret Rog,Margaret Rog,Margaret Rog
ST LOUIS PARK W-1 P-01,155625,ST LOUIS PARK W-1 P-01,Margaret Rog,Margaret Rog,Margaret Rog
ST LOUIS PARK W-1 P-01,155628,ST LOUIS PARK W-1 P-01,Margaret Rog,Margaret Rog,Margaret Rog
ST LOUIS PARK W-1 P-02,155632,ST LOUIS PARK W-1 P-02,Margaret Rog,Margaret Rog,skipped
ST LOUIS PARK W-1 P-03,155634,ST LOUIS PARK W-1 P-03,Margaret Rog,Margaret Rog,Margaret Rog
ST LOUIS PARK W-1 P-02,155636,ST LOUIS PARK W-1 P-02,Margaret Rog,Margaret Rog,Margaret Rog
ST LOUIS PARK W-1 P-01,155637,ST LOUIS PARK W-1 P-01,Margaret Rog,skipped,skipped
ST LOUIS PARK W-1 P-03,155640,ST LOUIS PARK W-1 P-03,Margaret Rog,Margaret Rog,Margaret Rog
ST LOUIS PARK W-1 P-02,155649,ST LOUIS PARK W-1 P-02,Margaret Rog,Margaret Rog,Margaret Rog
ST LOUIS PARK W-1 P-01,155651,ST LOUIS PARK W-1 P-01,Margaret Rog,Margaret Rog,Margaret Rog
ST LOUIS PARK W-1 P-02,155653,ST LOUIS PARK W-1 P-02,Margaret Rog,skipped,skipped
ST LOUIS PARK W-1 P-02,155655,ST LOUIS PARK W-1 P-02,Margaret Rog,Margaret Rog,Margaret Rog
ST LOUIS PARK W-1 P-04,155661,ST LOUIS PARK W-1 P-04,Margaret Rog,Margaret Rog,Margaret Rog
ST LOUIS PARK W-1 P-02,155663,ST LOUIS PARK W-1 P-02,Margaret Rog,skipped,skipped
ST LOUIS PARK W-1 P-04,155666,ST LOUIS PARK W-1 P-04,Margaret Rog,Margaret Rog,Margaret Rog
ST LOUIS PARK W-1 P-01,155678,ST LOUIS PARK W-1 P-01,Margaret Rog,Margaret Rog,Margaret Rog
ST LOUIS PARK W-1 P-01,155687,ST LOUIS PARK W-1 P-01,Margaret Rog,Margaret Rog,Margaret Rog
ST LOUIS PARK W-1 P-02,155689,ST LOUIS PARK W-1 P-02,Margaret Rog,skipped,skipped
ST LOUIS PARK W-1 P-01,155691,ST LOUIS PARK W-1 P-01,Margaret Rog,Margaret Rog,Margaret Rog
ST LOUIS PARK W-1 P-01,155695,ST LOUIS PARK W-1 P-01,Margaret Rog,skipped,skipped
ST LOUIS PARK W-1 P-02,155696,ST LOUIS PARK W-1 P-02,Margaret Rog,skipped,skipped
ST LOUIS PARK W-1 P-01,155697,ST LOUIS PARK W-1 P-01,Margaret Rog,skipped,skipped
ST LOUIS PARK W-1 P-01,155699,ST LOUIS PARK W-1 P-01,Margaret Rog,skipped,skipped
ST LOUIS PARK W-1 P-01,155707,ST LOUIS PARK W-1 P-01,Margaret Rog,skipped,skipped
ST LOUIS PARK W-1 P-02,155708,ST LOUIS PARK W-1 P-02,Margaret Rog,skipped,skipped
ST LOUIS PARK W-1 P-01,155728,ST LOUIS PARK W-1 P-01,Margaret Rog,skipped,skipped
ST LOUIS PARK W-1 P-03,155737,ST LOUIS PARK W-1 P-03,Margaret Rog,Margaret Rog,Margaret Rog
ST LOUIS PARK W-1 P-01,155738,ST LOUIS PARK W-1 P-01,Margaret Rog,Margaret Rog,Margaret Rog
ST LOUIS PARK W-1 P-01,155743,ST LOUIS PARK W-1 P-01,Margaret Rog,skipped,skipped
ST LOUIS PARK W-1 P-01,155749,ST LOUIS PARK W-1 P-01,Margaret Rog,Margaret Rog,Margaret Rog
ST LOUIS PARK W-1 P-01,155751,ST LOUIS PARK W-1 P-01,Margaret Rog,Margaret Rog,Margaret Rog
ST LOUIS PARK W-1 P-02,155754,ST LOUIS PARK W-1 P-02,Margaret Rog,skipped,skipped
ST LOUIS PARK W-1 P-01,155759,ST LOUIS PARK W-1 P-01,Margaret Rog,skipped,skipped
ST LOUIS PARK W-1 P-03,155763,ST LOUIS PARK W-1 P-03,Margaret Rog,Margaret Rog,Margaret Rog
ST LOUIS PARK W-1 P-01,155766,ST LOUIS PARK W-1 P-01,Margaret Rog,skipped,skipped
ST LOUIS PARK W-1 P-01,155771,ST LOUIS PARK W-1 P-01,writein,skipped,skipped
ST LOUIS PARK W-1 P-02,155772,ST LOUIS PARK W-1 P-02,Margaret Rog,skipped,skipped
ST LOUIS PARK W-1 P-02,155773,ST LOUIS PARK W-1 P-02,Margaret Rog,Margaret Rog,skipped
ST LOUIS PARK W-1 P-03,155775,ST LOUIS PARK W-1 P-03,Margaret Rog,skipped,skipped
ST LOUIS PARK W-1 P-03,155778,ST LOUIS PARK W-1 P-03,Margaret Rog,Margaret Rog,Margaret Rog
ST LOUIS PARK W-1 P-03,155780,ST LOUIS PARK W-1 P-03,Margaret Rog,skipped,skipped
ST LOUIS PARK W-1 P-01,155781,ST LOUIS PARK W-1 P-01,Margaret Rog,skipped,skipped
ST LOUIS PARK W-1 P-01,155783,ST LOUIS PARK W-1 P-01,Margaret Rog,skipped,skipped
ST LOUIS PARK W-1 P-02,155784,ST LOUIS PARK W-1 P-02,Margaret Rog,Margaret Rog,Margaret Rog
ST LOUIS PARK W-1 P-02,155791,ST LOUIS PARK W-1 P-02,Margaret Rog,skipped,skipped
ST LOUIS PARK W-1 P-04,155794,ST LOUIS PARK W-1 P-04,Margaret Rog,skipped,skipped
ST LOUIS PARK W-1 P-02,155797,ST LOUIS PARK W-1 P-02,Margaret Rog,Margaret Rog,Margaret Rog
ST LOUIS PARK W-1 P-01,155802,ST LOUIS PARK W-1 P-01,skipped,skipped,skipped
ST LOUIS PARK W-1 P-03,155803,ST LOUIS PARK W-1 P-03,Margaret Rog,Margaret Rog,Margaret Rog
ST LOUIS PARK W-1 P-01,155807,ST LOUIS PARK W-1 P-01,Margaret Rog,Margaret Rog,Margaret Rog
ST LOUIS PARK W-1 P-02,155812,ST LOUIS PARK W-1 P-02,Margaret Rog,skipped,skipped
ST LOUIS PARK W-1 P-03,155816,ST LOUIS PARK W-1 P-03,Margaret Rog,Margaret Rog,Margaret Rog
ST LOUIS PARK W-1 P-02,155817,ST LOUIS PARK W-1 P-02,Margaret Rog,Margaret Rog,Margaret Rog
ST LOUIS PARK W-1 P-01,155819,ST LOUIS PARK W-1 P-01,Margaret Rog,skipped,skipped
ST LOUIS PARK W-1 P-02,155822,ST LOUIS PARK W-1 P-02,skipped,skipped,Margaret Rog
ST LOUIS PARK W-1 P-03,155832,ST LOUIS PARK W-1 P-03,skipped,skipped,skipped
ST LOUIS PARK W-1 P-01,155837,ST LOUIS PARK W-1 P-01,Margaret Rog,Margaret Rog,Margaret Rog
ST LOUIS PARK W-1 P-03,155840,ST LOUIS PARK W-1 P-03,writein,writein,Margaret Rog
ST LOUIS PARK W-1 P-01,155841,ST LOUIS PARK W-1 P-01,Margaret Rog,skipped,skipped
ST LOUIS PARK W-1 P-04,155845,ST LOUIS PARK W-1 P-04,Margaret Rog,Margaret Rog,Margaret Rog
ST LOUIS PARK W-1 P-01,155846,ST LOUIS PARK W-1 P-01,Margaret Rog,skipped,skipped
ST LOUIS PARK W-1 P-01,155855,ST LOUIS PARK W-1 P-01,Margaret Rog,Margaret Rog,Margaret Rog
ST LOUIS PARK W-1 P-04,155856,ST LOUIS PARK W-1 P-04,Margaret Rog,Margaret Rog,Margaret Rog
ST LOUIS PARK W-1 P-03,155857,ST LOUIS PARK W-1 P-03,Margaret Rog,Margaret Rog,Margaret Rog
ST LOUIS PARK W-1 P-03,155861,ST LOUIS PARK W-1 P-03,Margaret Rog,Margaret Rog,Margaret Rog
