ballotID,ward,rank1,rank2
3,200,Cindy Dyballa,skipped
6,200,Cindy Dyballa,skipped
11,200,Cindy Dyballa,skipped
12,200,Cindy Dyballa,skipped
15,200,Cindy Dyballa,skipped
16,200,Cindy Dyballa,skipped
20,200,Cindy Dyballa,skipped
35,200,Cindy Dyballa,skipped
36,200,Cindy Dyballa,skipped
44,200,Cindy Dyballa,WRITE-IN2
50,200,Cindy Dyballa,skipped
73,200,Cindy Dyballa,skipped
75,200,Cindy Dyballa,skipped
76,200,Cindy Dyballa,skipped
77,200,Cindy Dyballa,skipped
79,200,Cindy Dyballa,skipped
85,200,Cindy Dyballa,skipped
86,200,Cindy Dyballa,skipped
98,200,Cindy Dyballa,skipped
99,200,Cindy Dyballa,skipped
112,200,Cindy Dyballa,skipped
120,200,Cindy Dyballa,skipped
124,200,Cindy Dyballa,skipped
128,200,Cindy Dyballa,skipped
130,200,Cindy Dyballa,skipped
131,200,Cindy Dyballa,skipped
133,200,Cindy Dyballa,skipped
135,200,Cindy Dyballa,skipped
139,200,Cindy Dyballa,skipped
145,200,Cindy Dyballa,skipped
153,200,Cindy Dyballa,skipped
165,200,Cindy Dyballa,skipped
173,200,Cindy Dyballa,skipped
180,200,Cindy Dyballa,skipped
181,200,Cindy Dyballa,skipped
182,200,Cindy Dyballa,skipped
212,200,Cindy Dyballa,skipped
213,200,Cindy Dyballa,skipped
217,200,Cindy Dyballa,skipped
227,200,Cindy Dyballa,skipped
230,200,Cindy Dyballa,skipped
237,200,Cindy Dyballa,skipped
242,200,Cindy Dyballa,skipped
244,200,Cindy Dyballa,skipped
250,200,Cindy Dyballa,skipped
253,200,Cindy Dyballa,skipped
254,200,Cindy Dyballa,skipped
266,200,Cindy Dyballa,skipped
267,200,Cindy Dyballa,skipped
268,200,Cindy Dyballa,skipped
269,200,Cindy Dyballa,skipped
272,200,Cindy Dyballa,skipped
274,200,Cindy Dyballa,skipped
277,200,WRITE-IN14,Cindy Dyballa
278,200,Cindy Dyballa,skipped
293,200,Cindy Dyballa,skipped
299,200,Cindy Dyballa,skipped
300,200,Cindy Dyballa,skipped
301,200,Cindy Dyballa,skipped
316,200,Cindy Dyballa,skipped
318,200,Cindy Dyballa,skipped
328,200,Cindy Dyballa,skipped
329,200,Cindy Dyballa,skipped
334,200,Cindy Dyballa,skipped
338,200,Cindy Dyballa,skipped
343,200,Cindy Dyballa,skipped
344,200,Cindy Dyballa,skipped
346,200,Cindy Dyballa,skipped
349,200,Cindy Dyballa,skipped
357,200,Cindy Dyballa,skipped
372,200,Cindy Dyballa,skipped
373,200,WRITE-IN25,skipped
378,200,Cindy Dyballa,skipped
382,200,Cindy Dyballa,skipped
385,200,Cindy Dyballa,skipped
386,200,Cindy Dyballa,skipped
387,200,Cindy Dyballa,skipped
389,200,WRITE-IN29,skipped
391,200,Cindy Dyballa,skipped
394,200,Cindy Dyballa,skipped
396,200,Cindy Dyballa,skipped
402,200,Cindy Dyballa,skipped
405,200,Cindy Dyballa,skipped
406,200,Cindy Dyballa,skipped
411,200,Cindy Dyballa,skipped
416,200,Cindy Dyballa,skipped
418,200,Cindy Dyballa,skipped
421,200,Cindy Dyballa,skipped
425,200,Cindy Dyballa,skipped
429,200,Cindy Dyballa,WRITE-IN36
430,200,Cindy Dyballa,skipped
436,200,Cindy Dyballa,skipped
441,200,Cindy Dyballa,skipped
447,200,Cindy Dyballa,skipped
458,200,Cindy Dyballa,skipped
462,200,Cindy Dyballa,skipped
468,200,Cindy Dyballa,skipped
481,200,Cindy Dyballa,Cindy Dyballa
494,200,Cindy Dyballa,skipped
497,200,Cindy Dyballa,skipped
504,200,Cindy Dyballa,skipped
526,200,Cindy Dyballa,skipped
527,200,Cindy Dyballa,skipped
532,200,Cindy Dyballa,skipped
534,200,Cindy Dyballa,skipped
541,200,Cindy Dyballa,skipped
545,200,Cindy Dyballa,skipped
546,200,Cindy Dyballa,Cindy Dyballa
548,200,Cindy Dyballa,skipped
559,200,Cindy Dyballa,skipped
568,200,Cindy Dyballa,skipped
573,200,Cindy Dyballa,skipped
574,200,Cindy Dyballa,skipped
577,200,Cindy Dyballa,skipped
578,200,Cindy Dyballa,skipped
590,200,Cindy Dyballa,skipped
595,200,Cindy Dyballa,skipped
601,200,Cindy Dyballa,skipped
604,200,Cindy Dyballa,skipped
619,200,Cindy Dyballa,skipped
622,200,Cindy Dyballa,skipped
629,200,Cindy Dyballa,skipped
630,200,Cindy Dyballa,skipped
632,200,Cindy Dyballa,skipped
634,200,Cindy Dyballa,skipped
638,200,Cindy Dyballa,skipped
647,200,Cindy Dyballa,skipped
651,200,Cindy Dyballa,skipped
658,200,Cindy Dyballa,skipped
659,200,Cindy Dyballa,skipped
660,200,Cindy Dyballa,skipped
667,200,Cindy Dyballa,skipped
668,200,Cindy Dyballa,WRITE-IN59
683,200,Cindy Dyballa,skipped
685,200,Cindy Dyballa,skipped
686,200,Cindy Dyballa,skipped
688,200,Cindy Dyballa,skipped
700,200,Cindy Dyballa,skipped
701,200,Cindy Dyballa,skipped
704,200,Cindy Dyballa,skipped
705,200,WRITE-IN60,skipped
706,200,WRITE-IN61,skipped
707,200,WRITE-IN62,skipped
710,200,WRITE-IN63,skipped
711,200,Cindy Dyballa,WRITE-IN64
723,200,Cindy Dyballa,skipped
724,200,Cindy Dyballa,skipped
726,200,Cindy Dyballa,skipped
730,200,Cindy Dyballa,skipped
731,200,WRITE-IN66,skipped
734,200,Cindy Dyballa,skipped
735,200,Cindy Dyballa,skipped
739,200,Cindy Dyballa,skipped
740,200,Cindy Dyballa,skipped
744,200,Cindy Dyballa,WRITE-IN68
745,200,Cindy Dyballa,skipped
750,200,WRITE-IN69,skipped
751,200,WRITE-IN70,skipped
753,200,Cindy Dyballa,skipped
754,200,Cindy Dyballa,skipped
759,200,Cindy Dyballa,skipped
775,200,Cindy Dyballa,skipped
776,200,Cindy Dyballa,skipped
777,200,Cindy Dyballa,skipped
779,200,Cindy Dyballa,skipped
780,200,Cindy Dyballa,skipped
785,200,Cindy Dyballa,skipped
786,200,WRITE-IN73,skipped
801,200,Cindy Dyballa,skipped
802,200,Cindy Dyballa,skipped
824,200,Cindy Dyballa,skipped
827,200,Cindy Dyballa,skipped
831,200,Cindy Dyballa,skipped
835,200,Cindy Dyballa,skipped
852,200,Cindy Dyballa,skipped
854,200,Cindy Dyballa,skipped
855,200,Cindy Dyballa,skipped
857,200,Cindy Dyballa,skipped
858,200,WRITE-IN77,skipped
863,200,Cindy Dyballa,skipped
868,200,Cindy Dyballa,skipped
873,200,Cindy Dyballa,WRITE-IN81
880,200,Cindy Dyballa,skipped
886,200,Cindy Dyballa,skipped
887,200,Cindy Dyballa,skipped
895,200,Cindy Dyballa,skipped
903,200,Cindy Dyballa,skipped
908,200,Cindy Dyballa,skipped
912,200,Cindy Dyballa,skipped
915,200,Cindy Dyballa,skipped
925,200,Cindy Dyballa,skipped
927,200,Cindy Dyballa,skipped
936,200,Cindy Dyballa,skipped
937,200,Cindy Dyballa,skipped
938,200,Cindy Dyballa,skipped
939,200,Cindy Dyballa,skipped
942,200,Cindy Dyballa,skipped
949,200,Cindy Dyballa,skipped
951,200,Cindy Dyballa,skipped
952,200,Cindy Dyballa,skipped
953,200,Cindy Dyballa,skipped
959,200,Cindy Dyballa,skipped
963,200,Cindy Dyballa,skipped
965,200,Cindy Dyballa,skipped
984,200,Cindy Dyballa,skipped
996,200,Cindy Dyballa,Cindy Dyballa
1002,200,Cindy Dyballa,skipped
1005,200,Cindy Dyballa,skipped
1006,200,Cindy Dyballa,skipped
1023,200,Cindy Dyballa,skipped
1028,200,Cindy Dyballa,skipped
1029,200,Cindy Dyballa,skipped
1034,200,Cindy Dyballa,skipped
1046,200,Cindy Dyballa,skipped
1047,200,Cindy Dyballa,skipped
1062,200,Cindy Dyballa,skipped
1063,200,Cindy Dyballa,skipped
1065,200,Cindy Dyballa,skipped
1070,200,Cindy Dyballa,skipped
1073,200,Cindy Dyballa,skipped
1074,200,Cindy Dyballa,WRITE-IN93
1075,200,WRITE-IN94,skipped
1079,200,Cindy Dyballa,skipped
1082,200,Cindy Dyballa,skipped
1084,200,Cindy Dyballa,skipped
1087,200,Cindy Dyballa,skipped
1088,200,Cindy Dyballa,skipped
1090,200,Cindy Dyballa,skipped
1097,200,Cindy Dyballa,skipped
1106,200,WRITE-IN99,skipped
1137,200,Cindy Dyballa,skipped
1148,200,Cindy Dyballa,skipped
1150,200,Cindy Dyballa,skipped
1156,200,Cindy Dyballa,skipped
1157,200,Cindy Dyballa,skipped
1158,200,Cindy Dyballa,skipped
1165,200,Cindy Dyballa,skipped
1166,200,WRITE-IN103,Cindy Dyballa
1178,200,Cindy Dyballa,skipped
1179,200,Cindy Dyballa,skipped
1198,200,Cindy Dyballa,skipped
1199,200,Cindy Dyballa,skipped
1203,200,Cindy Dyballa,skipped
1209,200,Cindy Dyballa,skipped
1210,200,Cindy Dyballa,skipped
1211,200,Cindy Dyballa,skipped
1215,200,Cindy Dyballa,skipped
1222,200,Cindy Dyballa,skipped
1233,200,Cindy Dyballa,skipped
1249,200,Cindy Dyballa,skipped
1265,200,Cindy Dyballa,skipped
1267,200,Cindy Dyballa,skipped
1268,200,Cindy Dyballa,skipped
1308,200,Cindy Dyballa,skipped
1319,200,WRITE-IN110,Cindy Dyballa
1321,200,Cindy Dyballa,skipped
1340,200,Cindy Dyballa,skipped
1341,200,Cindy Dyballa,skipped
1342,200,Cindy Dyballa,skipped
1348,200,Cindy Dyballa,skipped
1349,200,Cindy Dyballa,skipped
1361,200,Cindy Dyballa,skipped
1362,200,Cindy Dyballa,skipped
1372,200,Cindy Dyballa,skipped
1385,200,Cindy Dyballa,skipped
1386,200,Cindy Dyballa,skipped
1387,200,Cindy Dyballa,skipped
1389,200,Cindy Dyballa,skipped
1394,200,Cindy Dyballa,skipped
1396,200,Cindy Dyballa,skipped
1403,200,Cindy Dyballa,skipped
1411,200,Cindy Dyballa,skipped
1414,200,Cindy Dyballa,skipped
1415,200,Cindy Dyballa,skipped
1423,200,Cindy Dyballa,skipped
1424,200,Cindy Dyballa,skipped
1428,200,Cindy Dyballa,WRITE-IN120
1434,200,Cindy Dyballa,skipped
1437,200,Cindy Dyballa,skipped
1439,200,Cindy Dyballa,skipped
1442,200,Cindy Dyballa,skipped
1451,200,Cindy Dyballa,skipped
1455,200,Cindy Dyballa,skipped
1466,200,Cindy Dyballa,skipped
1475,200,Cindy Dyballa,Cindy Dyballa
1483,200,Cindy Dyballa,skipped
1489,200,Cindy Dyballa,skipped
1496,200,Cindy Dyballa,skipped
1503,200,Cindy Dyballa,Cindy Dyballa
1505,200,Cindy Dyballa,skipped
1508,200,Cindy Dyballa,skipped
1514,200,Cindy Dyballa,skipped
1517,200,WRITE-IN122,skipped
1529,200,Cindy Dyballa,skipped
1531,200,Cindy Dyballa,skipped
1537,200,Cindy Dyballa,skipped
1539,200,WRITE-IN123,skipped
1543,200,WRITE-IN124,skipped
1548,200,Cindy Dyballa,skipped
1552,200,Cindy Dyballa,skipped
1553,200,Cindy Dyballa,skipped
1556,200,Cindy Dyballa,skipped
1562,200,Cindy Dyballa,WRITE-IN126
1569,200,Cindy Dyballa,skipped
1577,200,Cindy Dyballa,skipped
1592,200,Cindy Dyballa,skipped
1595,200,Cindy Dyballa,skipped
1596,200,Cindy Dyballa,skipped
1598,200,Cindy Dyballa,skipped
1602,200,Cindy Dyballa,skipped
1605,200,Cindy Dyballa,skipped
1608,200,Cindy Dyballa,skipped
1609,200,Cindy Dyballa,skipped
1622,200,Cindy Dyballa,skipped
1624,200,Cindy Dyballa,skipped
1625,200,Cindy Dyballa,skipped
1626,200,Cindy Dyballa,skipped
1627,200,Cindy Dyballa,skipped
1635,200,Cindy Dyballa,skipped
1636,200,Cindy Dyballa,skipped
1638,200,Cindy Dyballa,skipped
1648,200,Cindy Dyballa,skipped
1665,200,Cindy Dyballa,skipped
1667,200,Cindy Dyballa,skipped
1676,200,Cindy Dyballa,skipped
1682,200,Cindy Dyballa,skipped
1683,200,Cindy Dyballa,skipped
1686,200,Cindy Dyballa,skipped
1687,200,Cindy Dyballa,skipped
1691,200,Cindy Dyballa,skipped
1698,200,Cindy Dyballa,skipped
1699,200,Cindy Dyballa,skipped
1700,200,Cindy Dyballa,Cindy Dyballa
1702,200,Cindy Dyballa,skipped
1709,200,Cindy Dyballa,skipped
1718,200,Cindy Dyballa,skipped
1722,200,Cindy Dyballa,skipped
1741,200,Cindy Dyballa,skipped
1742,200,Cindy Dyballa,skipped
1743,200,Cindy Dyballa,skipped
1755,200,Cindy Dyballa,skipped
1756,200,Cindy Dyballa,skipped
1757,200,Cindy Dyballa,skipped
1778,200,Cindy Dyballa,skipped
1786,200,Cindy Dyballa,skipped
1788,200,Cindy Dyballa,skipped
1789,200,Cindy Dyballa,skipped
1790,200,Cindy Dyballa,skipped
1806,200,Cindy Dyballa,skipped
1809,200,Cindy Dyballa,skipped
1814,200,Cindy Dyballa,skipped
1817,200,Cindy Dyballa,skipped
1820,200,Cindy Dyballa,skipped
1821,200,Cindy Dyballa,skipped
1823,200,Cindy Dyballa,skipped
1827,200,Cindy Dyballa,skipped
1830,200,Cindy Dyballa,skipped
1831,200,Cindy Dyballa,skipped
1834,200,Cindy Dyballa,skipped
1838,200,Cindy Dyballa,skipped
1840,200,Cindy Dyballa,skipped
1841,200,Cindy Dyballa,skipped
1861,200,Cindy Dyballa,skipped
1870,200,Cindy Dyballa,skipped
1871,200,Cindy Dyballa,skipped
1872,200,Cindy Dyballa,skipped
1878,200,WRITE-IN137,skipped
1883,200,Cindy Dyballa,skipped
1884,200,Cindy Dyballa,skipped
1897,200,Cindy Dyballa,skipped
1898,200,Cindy Dyballa,skipped
1902,200,Cindy Dyballa,skipped
1903,200,Cindy Dyballa,skipped
1931,200,Cindy Dyballa,skipped
1932,200,Cindy Dyballa,skipped
1933,200,WRITE-IN139,Cindy Dyballa
1960,200,Cindy Dyballa,skipped
1961,200,Cindy Dyballa,skipped
1977,200,Cindy Dyballa,skipped
1978,200,Cindy Dyballa,skipped
1983,200,Cindy Dyballa,skipped
2000,200,Cindy Dyballa,skipped
2001,200,Cindy Dyballa,skipped
2006,200,Cindy Dyballa,skipped
2026,200,Cindy Dyballa,Cindy Dyballa
2034,200,Cindy Dyballa,skipped
2043,200,Cindy Dyballa,skipped
2059,200,Cindy Dyballa,skipped
2061,200,Cindy Dyballa,skipped
2064,200,Cindy Dyballa,skipped
2066,200,Cindy Dyballa,skipped
2096,200,Cindy Dyballa,skipped
2098,200,Cindy Dyballa,skipped
2107,200,Cindy Dyballa,skipped
2115,200,Cindy Dyballa,skipped
2116,200,WRITE-IN152,skipped
2117,200,Cindy Dyballa,skipped
2118,200,Cindy Dyballa,skipped
2119,200,Cindy Dyballa,skipped
2120,200,Cindy Dyballa,skipped
2121,200,Cindy Dyballa,skipped
2122,200,Cindy Dyballa,skipped
2123,200,Cindy Dyballa,skipped
2132,200,Cindy Dyballa,skipped
2133,200,Cindy Dyballa,skipped
2140,200,Cindy Dyballa,skipped
2142,200,Cindy Dyballa,skipped
2144,200,Cindy Dyballa,skipped
2153,200,Cindy Dyballa,skipped
2158,200,Cindy Dyballa,skipped
2177,200,Cindy Dyballa,skipped
2180,200,WRITE-IN154,skipped
2192,200,WRITE-IN156,skipped
2195,200,Cindy Dyballa,skipped
2201,200,Cindy Dyballa,skipped
2202,200,Cindy Dyballa,skipped
2203,200,Cindy Dyballa,skipped
2208,200,Cindy Dyballa,skipped
2212,200,WRITE-IN159,Cindy Dyballa
2215,200,Cindy Dyballa,skipped
2217,200,Cindy Dyballa,skipped
2223,200,Cindy Dyballa,skipped
2227,200,Cindy Dyballa,skipped
2233,200,Cindy Dyballa,skipped
2241,200,Cindy Dyballa,skipped
2255,200,Cindy Dyballa,skipped
2257,200,Cindy Dyballa,skipped
2259,200,Cindy Dyballa,skipped
2262,200,Cindy Dyballa,skipped
2265,200,Cindy Dyballa,skipped
2266,200,Cindy Dyballa,skipped
2274,200,Cindy Dyballa,skipped
2275,200,Cindy Dyballa,skipped
2276,200,Cindy Dyballa,skipped
2278,200,Cindy Dyballa,skipped
2279,200,Cindy Dyballa,skipped
2300,200,Cindy Dyballa,skipped
2301,200,Cindy Dyballa,skipped
2337,200,Cindy Dyballa,skipped
2344,200,Cindy Dyballa,skipped
2348,200,Cindy Dyballa,skipped
2349,200,Cindy Dyballa,skipped
2350,200,Cindy Dyballa,WRITE-IN168
2353,200,Cindy Dyballa,skipped
2361,200,Cindy Dyballa,skipped
2365,200,Cindy Dyballa,skipped
2367,200,Cindy Dyballa,skipped
2369,200,WRITE-IN169,skipped
2371,200,WRITE-IN170,skipped
2373,200,Cindy Dyballa,skipped
2379,200,Cindy Dyballa,skipped
2380,200,Cindy Dyballa,skipped
2381,200,Cindy Dyballa,skipped
2395,200,Cindy Dyballa,skipped
2399,200,Cindy Dyballa,skipped
2405,200,Cindy Dyballa,skipped
2407,200,Cindy Dyballa,skipped
2423,200,Cindy Dyballa,skipped
2425,200,Cindy Dyballa,skipped
2436,200,Cindy Dyballa,skipped
2445,200,WRITE-IN172,skipped
2468,200,Cindy Dyballa,skipped
2470,200,Cindy Dyballa,skipped
2476,200,Cindy Dyballa,skipped
2478,200,Cindy Dyballa,skipped
2494,200,Cindy Dyballa,skipped
2500,200,Cindy Dyballa,skipped
2509,200,Cindy Dyballa,skipped
2511,200,Cindy Dyballa,skipped
2517,200,Cindy Dyballa,skipped
2524,200,Cindy Dyballa,skipped
2528,200,Cindy Dyballa,skipped
2534,200,Cindy Dyballa,skipped
2538,200,Cindy Dyballa,skipped
2552,200,Cindy Dyballa,skipped
2560,200,Cindy Dyballa,skipped
2564,200,Cindy Dyballa,skipped
2568,200,Cindy Dyballa,skipped
2572,200,Cindy Dyballa,skipped
2574,200,Cindy Dyballa,skipped
2582,200,Cindy Dyballa,skipped
2594,200,Cindy Dyballa,skipped
2616,200,Cindy Dyballa,skipped
2631,200,Cindy Dyballa,skipped
2633,200,WRITE-IN177,Cindy Dyballa
2675,200,Cindy Dyballa,skipped
2678,200,Cindy Dyballa,skipped
2696,200,WRITE-IN182,skipped
2708,200,Cindy Dyballa,skipped
2725,200,Cindy Dyballa,skipped
2764,200,Cindy Dyballa,skipped
2766,200,Cindy Dyballa,skipped
2773,200,Cindy Dyballa,skipped
2787,200,Cindy Dyballa,skipped
2795,200,Cindy Dyballa,skipped
2809,200,Cindy Dyballa,skipped
2837,200,Cindy Dyballa,skipped
2877,200,Cindy Dyballa,skipped
2898,200,Cindy Dyballa,skipped
2905,200,Cindy Dyballa,skipped
2918,200,Cindy Dyballa,skipped
2942,200,Cindy Dyballa,WRITE-IN194
2947,200,Cindy Dyballa,skipped
2949,200,Cindy Dyballa,skipped
2968,200,Cindy Dyballa,skipped
2970,200,Cindy Dyballa,skipped
2976,200,Cindy Dyballa,skipped
2978,200,Cindy Dyballa,skipped
2982,200,Cindy Dyballa,skipped
3011,200,Cindy Dyballa,Cindy Dyballa
3013,200,Cindy Dyballa,skipped
3022,200,Cindy Dyballa,skipped
3045,200,Cindy Dyballa,skipped
3051,200,Cindy Dyballa,skipped
3067,200,Cindy Dyballa,skipped
3116,200,Cindy Dyballa,skipped
3142,200,Cindy Dyballa,skipped
3144,200,Cindy Dyballa,skipped
3154,200,Cindy Dyballa,skipped
3166,200,Cindy Dyballa,skipped
3190,200,Cindy Dyballa,skipped
3208,200,WRITE-IN197,skipped
3212,200,Cindy Dyballa,skipped
3246,200,Cindy Dyballa,skipped
3252,200,WRITE-IN198,skipped
3256,200,Cindy Dyballa,skipped
3279,200,Cindy Dyballa,skipped
3290,200,Cindy Dyballa,skipped
3305,200,WRITE-IN202,skipped
3307,200,Cindy Dyballa,skipped
3329,200,WRITE-IN203,skipped
3369,200,Cindy Dyballa,skipped
3371,200,Cindy Dyballa,skipped
3373,200,Cindy Dyballa,skipped
3375,200,Cindy Dyballa,skipped
3381,200,Cindy Dyballa,WRITE-IN205
3383,200,Cindy Dyballa,skipped
3399,200,Cindy Dyballa,skipped
3403,200,Cindy Dyballa,skipped
3411,200,Cindy Dyballa,skipped
3430,200,Cindy Dyballa,Cindy Dyballa
3475,200,Cindy Dyballa,skipped
3495,200,Cindy Dyballa,skipped
3517,200,Cindy Dyballa,skipped
3526,200,Cindy Dyballa,skipped
3530,200,Cindy Dyballa,skipped
3558,200,Cindy Dyballa,skipped
3562,200,Cindy Dyballa,skipped
3580,200,Cindy Dyballa,skipped
3584,200,Cindy Dyballa,skipped
3619,200,Cindy Dyballa,skipped
3631,200,Cindy Dyballa,skipped
3645,200,Cindy Dyballa,skipped
3647,200,Cindy Dyballa,WRITE-IN215
3661,200,Cindy Dyballa,skipped
3667,200,Cindy Dyballa,skipped
3671,200,Cindy Dyballa,skipped
3679,200,Cindy Dyballa,skipped
3687,200,Cindy Dyballa,Cindy Dyballa
3693,200,Cindy Dyballa,skipped
3708,200,Cindy Dyballa,skipped
3712,200,Cindy Dyballa,skipped
3721,200,Cindy Dyballa,Cindy Dyballa
3727,200,Cindy Dyballa,skipped
3745,200,Cindy Dyballa,skipped
3758,200,Cindy Dyballa,skipped
3759,200,Cindy Dyballa,skipped
3760,200,Cindy Dyballa,skipped
3785,200,Cindy Dyballa,skipped
3786,200,Cindy Dyballa,skipped
3787,200,Cindy Dyballa,skipped
3788,200,Cindy Dyballa,skipped
3791,200,Cindy Dyballa,skipped
3794,200,Cindy Dyballa,skipped
3801,200,Cindy Dyballa,skipped
3806,200,Cindy Dyballa,skipped
3809,200,Cindy Dyballa,skipped
3812,200,WRITE-IN222,skipped
3813,200,Cindy Dyballa,skipped
3815,200,Cindy Dyballa,skipped
3822,200,Cindy Dyballa,skipped
3824,200,Cindy Dyballa,skipped
3840,200,Cindy Dyballa,skipped
3845,200,Cindy Dyballa,skipped
3854,200,Cindy Dyballa,skipped
3856,200,Cindy Dyballa,skipped
3882,200,Cindy Dyballa,skipped
3883,200,Cindy Dyballa,skipped
3887,200,Cindy Dyballa,skipped
3888,200,Cindy Dyballa,skipped
3900,200,Cindy Dyballa,skipped
3910,200,Cindy Dyballa,skipped
3913,200,Cindy Dyballa,skipped
3918,200,Cindy Dyballa,skipped
3922,200,Cindy Dyballa,skipped
3923,200,Cindy Dyballa,skipped
3924,200,Cindy Dyballa,skipped
3927,200,WRITE-IN225,Cindy Dyballa
3928,200,Cindy Dyballa,skipped
3937,200,Cindy Dyballa,skipped
3939,200,Cindy Dyballa,skipped
3943,200,Cindy Dyballa,skipped
3948,200,Cindy Dyballa,skipped
3951,200,Cindy Dyballa,skipped
3952,200,Cindy Dyballa,skipped
3962,200,Cindy Dyballa,skipped
3964,200,Cindy Dyballa,skipped
3969,200,Cindy Dyballa,skipped
3983,200,Cindy Dyballa,WRITE-IN229
4015,200,Cindy Dyballa,skipped
4018,200,Cindy Dyballa,skipped
4019,200,Cindy Dyballa,skipped
4022,200,Cindy Dyballa,skipped
4024,200,Cindy Dyballa,skipped
4025,200,Cindy Dyballa,skipped
4028,200,Cindy Dyballa,skipped
4035,200,Cindy Dyballa,skipped
4041,200,Cindy Dyballa,skipped
4045,200,Cindy Dyballa,skipped
4066,200,Cindy Dyballa,skipped
4067,200,Cindy Dyballa,skipped
4070,200,Cindy Dyballa,skipped
4073,200,WRITE-IN232,skipped
4075,200,Cindy Dyballa,skipped
4076,200,Cindy Dyballa,skipped
4083,200,Cindy Dyballa,WRITE-IN236
4084,200,Cindy Dyballa,skipped
4085,200,Cindy Dyballa,skipped
4086,200,Cindy Dyballa,skipped
4091,200,Cindy Dyballa,skipped
4094,200,Cindy Dyballa,skipped
4096,200,Cindy Dyballa,skipped
4097,200,Cindy Dyballa,skipped
4098,200,Cindy Dyballa,Cindy Dyballa
4102,200,Cindy Dyballa,skipped
4105,200,Cindy Dyballa,skipped
4107,200,Cindy Dyballa,skipped
4113,200,Cindy Dyballa,skipped
4114,200,Cindy Dyballa,skipped
4124,200,Cindy Dyballa,skipped
4125,200,Cindy Dyballa,skipped
4126,200,Cindy Dyballa,WRITE-IN239
4130,200,Cindy Dyballa,skipped
4131,200,Cindy Dyballa,skipped
4142,200,Cindy Dyballa,skipped
4144,200,Cindy Dyballa,skipped
4150,200,Cindy Dyballa,skipped
4153,200,Cindy Dyballa,skipped
4158,200,Cindy Dyballa,skipped
4159,200,Cindy Dyballa,skipped
4162,200,Cindy Dyballa,skipped
4165,200,Cindy Dyballa,skipped
4173,200,Cindy Dyballa,skipped
4177,200,Cindy Dyballa,skipped
4188,200,Cindy Dyballa,skipped
4190,200,Cindy Dyballa,skipped
4205,200,Cindy Dyballa,skipped
4210,200,Cindy Dyballa,skipped
4214,200,Cindy Dyballa,skipped
4236,200,Cindy Dyballa,skipped
4255,200,Cindy Dyballa,skipped
4258,200,Cindy Dyballa,skipped
4264,200,Cindy Dyballa,skipped
4274,200,Cindy Dyballa,skipped
4281,200,Cindy Dyballa,skipped
4285,200,Cindy Dyballa,WRITE-IN248
4300,200,Cindy Dyballa,skipped
4301,200,Cindy Dyballa,skipped
4302,200,Cindy Dyballa,skipped
4304,200,Cindy Dyballa,skipped
4307,200,Cindy Dyballa,skipped
4308,200,Cindy Dyballa,skipped
4312,200,Cindy Dyballa,skipped
4323,200,Cindy Dyballa,skipped
4324,200,Cindy Dyballa,skipped
4325,200,Cindy Dyballa,skipped
4327,200,Cindy Dyballa,skipped
4338,200,WRITE-IN249,skipped
4339,200,Cindy Dyballa,Cindy Dyballa
4340,200,Cindy Dyballa,skipped
4341,200,Cindy Dyballa,skipped
4343,200,WRITE-IN252,Cindy Dyballa
4349,200,Cindy Dyballa,skipped
4350,200,Cindy Dyballa,skipped
4351,200,Cindy Dyballa,skipped
4353,200,Cindy Dyballa,skipped
4358,200,Cindy Dyballa,skipped
4367,200,Cindy Dyballa,skipped
4369,200,Cindy Dyballa,skipped
4375,200,WRITE-IN256,skipped
4376,200,Cindy Dyballa,skipped
4384,200,Cindy Dyballa,skipped
4395,200,Cindy Dyballa,skipped
4397,200,Cindy Dyballa,skipped
4400,200,Cindy Dyballa,skipped
4401,200,Cindy Dyballa,skipped
4403,200,Cindy Dyballa,skipped
4404,200,Cindy Dyballa,skipped
4405,200,Cindy Dyballa,skipped
4406,200,Cindy Dyballa,skipped
4407,200,Cindy Dyballa,skipped
4408,200,Cindy Dyballa,skipped
4410,200,Cindy Dyballa,WRITE-IN258
4411,200,Cindy Dyballa,skipped
4412,200,Cindy Dyballa,skipped
4417,200,Cindy Dyballa,skipped
4421,200,Cindy Dyballa,skipped
4423,200,Cindy Dyballa,skipped
4424,200,Cindy Dyballa,skipped
4427,200,Cindy Dyballa,skipped
4430,200,Cindy Dyballa,skipped
4441,200,Cindy Dyballa,skipped
4442,200,Cindy Dyballa,skipped
4445,200,Cindy Dyballa,skipped
4446,200,WRITE-IN262,Cindy Dyballa
4453,200,Cindy Dyballa,skipped
4460,200,WRITE-IN263,Cindy Dyballa
4461,200,Cindy Dyballa,skipped
4462,200,Cindy Dyballa,skipped
4465,200,Cindy Dyballa,skipped
4471,200,Cindy Dyballa,skipped
4476,200,Cindy Dyballa,skipped
4479,200,Cindy Dyballa,skipped
4480,200,Cindy Dyballa,skipped
4490,200,Cindy Dyballa,skipped
4491,200,Cindy Dyballa,skipped
4495,200,Cindy Dyballa,skipped
4496,200,Cindy Dyballa,skipped
4506,200,Cindy Dyballa,skipped
4524,200,Cindy Dyballa,skipped
4552,200,Cindy Dyballa,skipped
4559,200,Cindy Dyballa,skipped
4566,200,Cindy Dyballa,skipped
4587,200,WRITE-IN272,Cindy Dyballa
4588,200,Cindy Dyballa,skipped
4589,200,Cindy Dyballa,skipped
4598,200,Cindy Dyballa,skipped
4599,200,Cindy Dyballa,skipped
4600,200,Cindy Dyballa,skipped
4601,200,Cindy Dyballa,skipped
4606,200,Cindy Dyballa,skipped
4608,200,Cindy Dyballa,skipped
4611,200,Cindy Dyballa,skipped
4612,200,Cindy Dyballa,skipped
4614,200,Cindy Dyballa,skipped
4618,200,Cindy Dyballa,skipped
4625,200,Cindy Dyballa,skipped
4626,200,Cindy Dyballa,skipped
4638,200,Cindy Dyballa,skipped
4644,200,Cindy Dyballa,skipped
4650,200,Cindy Dyballa,skipped
4651,200,Cindy Dyballa,skipped
4652,200,Cindy Dyballa,skipped
4665,200,Cindy Dyballa,WRITE-IN279
4666,200,WRITE-IN280,Cindy Dyballa
4667,200,Cindy Dyballa,skipped
4672,200,Cindy Dyballa,skipped
4676,200,Cindy Dyballa,skipped
4678,200,Cindy Dyballa,skipped
4682,200,Cindy Dyballa,skipped
4690,200,Cindy Dyballa,skipped
4696,200,Cindy Dyballa,skipped
4699,200,Cindy Dyballa,skipped
4703,200,Cindy Dyballa,skipped
4704,200,Cindy Dyballa,skipped
4705,200,Cindy Dyballa,skipped
4706,200,Cindy Dyballa,skipped
4707,200,Cindy Dyballa,skipped
4710,200,Cindy Dyballa,skipped
4718,200,Cindy Dyballa,skipped
4719,200,Cindy Dyballa,skipped
4722,200,Cindy Dyballa,skipped
4728,200,Cindy Dyballa,skipped
4729,200,Cindy Dyballa,skipped
4733,200,Cindy Dyballa,skipped
4734,200,Cindy Dyballa,skipped
4735,200,Cindy Dyballa,skipped
4743,200,Cindy Dyballa,skipped
4752,200,Cindy Dyballa,skipped
4768,200,Cindy Dyballa,skipped
4772,200,Cindy Dyballa,skipped
4781,200,Cindy Dyballa,skipped
4786,200,Cindy Dyballa,skipped
4787,200,Cindy Dyballa,skipped
4789,200,Cindy Dyballa,skipped
4791,200,Cindy Dyballa,skipped
4795,200,Cindy Dyballa,skipped
4796,200,Cindy Dyballa,skipped
4804,200,Cindy Dyballa,skipped
4805,200,Cindy Dyballa,skipped
4806,200,Cindy Dyballa,skipped
4807,200,Cindy Dyballa,skipped
4812,200,Cindy Dyballa,skipped
4817,200,Cindy Dyballa,skipped
4822,200,Cindy Dyballa,skipped
4828,200,Cindy Dyballa,skipped
4829,200,Cindy Dyballa,skipped
4835,200,Cindy Dyballa,skipped
4838,200,Cindy Dyballa,skipped
4839,200,Cindy Dyballa,skipped
4844,200,Cindy Dyballa,skipped
4852,200,Cindy Dyballa,skipped
4860,200,Cindy Dyballa,skipped
4872,200,Cindy Dyballa,skipped
4877,200,Cindy Dyballa,skipped
4878,200,Cindy Dyballa,skipped
4894,200,Cindy Dyballa,skipped
4900,200,Cindy Dyballa,skipped
4901,200,Cindy Dyballa,WRITE-IN302
4903,200,Cindy Dyballa,WRITE-IN303
4904,200,Cindy Dyballa,skipped
4907,200,WRITE-IN304,skipped
4916,200,Cindy Dyballa,skipped
4928,200,Cindy Dyballa,skipped
4932,200,Cindy Dyballa,skipped
4933,200,WRITE-IN308,Cindy Dyballa
4934,200,Cindy Dyballa,skipped
4939,200,Cindy Dyballa,skipped
4942,200,Cindy Dyballa,skipped
4956,200,Cindy Dyballa,skipped
4962,200,Cindy Dyballa,skipped
4963,200,Cindy Dyballa,skipped
4975,200,WRITE-IN309,skipped
4989,200,Cindy Dyballa,skipped
4998,200,Cindy Dyballa,skipped
5001,200,WRITE-IN313,Cindy Dyballa
5011,200,Cindy Dyballa,skipped
5024,200,Cindy Dyballa,skipped
5025,200,Cindy Dyballa,skipped
5029,200,Cindy Dyballa,skipped
5036,200,Cindy Dyballa,skipped
5037,200,Cindy Dyballa,skipped
5038,200,Cindy Dyballa,skipped
5058,200,Cindy Dyballa,skipped
5064,200,Cindy Dyballa,skipped
5066,200,Cindy Dyballa,skipped
5067,200,Cindy Dyballa,skipped
5076,200,Cindy Dyballa,skipped
5078,200,Cindy Dyballa,skipped
5080,200,Cindy Dyballa,skipped
5093,200,WRITE-IN325,skipped
5098,200,Cindy Dyballa,skipped
5103,200,Cindy Dyballa,skipped
5108,200,Cindy Dyballa,skipped
5110,200,Cindy Dyballa,skipped
5113,200,Cindy Dyballa,skipped
5114,200,Cindy Dyballa,skipped
5130,200,Cindy Dyballa,skipped
5131,200,WRITE-IN326,skipped
5132,200,Cindy Dyballa,skipped
5133,200,Cindy Dyballa,skipped
5146,200,Cindy Dyballa,skipped
5179,200,Cindy Dyballa,skipped
5182,200,Cindy Dyballa,skipped
5184,200,WRITE-IN328,skipped
5185,200,Cindy Dyballa,skipped
5193,200,Cindy Dyballa,skipped
5203,200,WRITE-IN330,skipped
5204,200,Cindy Dyballa,skipped
5217,200,Cindy Dyballa,skipped
5220,200,Cindy Dyballa,skipped
5221,200,Cindy Dyballa,skipped
5223,200,Cindy Dyballa,skipped
5224,200,Cindy Dyballa,Cindy Dyballa
5226,200,Cindy Dyballa,skipped
5227,200,Cindy Dyballa,skipped
5228,200,Cindy Dyballa,skipped
5234,200,Cindy Dyballa,skipped
5240,200,Cindy Dyballa,skipped
5245,200,Cindy Dyballa,skipped
5247,200,Cindy Dyballa,skipped
5252,200,Cindy Dyballa,skipped
5259,200,Cindy Dyballa,skipped
5260,200,Cindy Dyballa,skipped
5269,200,Cindy Dyballa,skipped
5270,200,Cindy Dyballa,skipped
5271,200,Cindy Dyballa,skipped
5273,200,Cindy Dyballa,skipped
5282,200,Cindy Dyballa,skipped
5288,200,Cindy Dyballa,skipped
5297,200,Cindy Dyballa,skipped
5302,200,Cindy Dyballa,skipped
5314,200,Cindy Dyballa,skipped
5315,200,Cindy Dyballa,skipped
5325,200,Cindy Dyballa,skipped
5348,200,Cindy Dyballa,skipped
5350,200,Cindy Dyballa,skipped
5353,200,Cindy Dyballa,skipped
5355,200,Cindy Dyballa,skipped
5382,200,Cindy Dyballa,skipped
5383,200,Cindy Dyballa,skipped
5405,200,Cindy Dyballa,skipped
5406,200,Cindy Dyballa,skipped
5409,200,Cindy Dyballa,skipped
5415,200,Cindy Dyballa,skipped
5416,200,Cindy Dyballa,skipped
5421,200,Cindy Dyballa,skipped
5433,200,Cindy Dyballa,skipped
5435,200,Cindy Dyballa,skipped
5443,200,Cindy Dyballa,skipped
5446,200,Cindy Dyballa,skipped
5451,200,Cindy Dyballa,skipped
5452,200,Cindy Dyballa,skipped
5456,200,Cindy Dyballa,skipped
5457,200,Cindy Dyballa,skipped
5458,200,Cindy Dyballa,WRITE-IN347
5460,200,Cindy Dyballa,skipped
5464,200,Cindy Dyballa,skipped
5468,200,Cindy Dyballa,skipped
5483,200,Cindy Dyballa,WRITE-IN348
5490,200,Cindy Dyballa,skipped
5493,200,Cindy Dyballa,skipped
5506,200,Cindy Dyballa,skipped
5507,200,Cindy Dyballa,skipped
5541,200,Cindy Dyballa,skipped
5545,200,Cindy Dyballa,skipped
5559,200,Cindy Dyballa,skipped
5582,200,Cindy Dyballa,skipped
5583,200,Cindy Dyballa,skipped
5586,200,Cindy Dyballa,skipped
5588,200,Cindy Dyballa,skipped
5599,200,Cindy Dyballa,skipped
5600,200,Cindy Dyballa,skipped
5601,200,Cindy Dyballa,skipped
5617,200,Cindy Dyballa,skipped
5623,200,Cindy Dyballa,skipped
5628,200,Cindy Dyballa,skipped
5634,200,Cindy Dyballa,skipped
5644,200,Cindy Dyballa,skipped
5649,200,Cindy Dyballa,skipped
5657,200,Cindy Dyballa,WRITE-IN367
5662,200,Cindy Dyballa,skipped
5669,200,Cindy Dyballa,skipped
5670,200,Cindy Dyballa,skipped
5676,200,Cindy Dyballa,skipped
5679,200,Cindy Dyballa,skipped
5687,200,Cindy Dyballa,skipped
5695,200,Cindy Dyballa,skipped
5696,200,Cindy Dyballa,skipped
5704,200,Cindy Dyballa,skipped
5708,200,Cindy Dyballa,skipped
5715,200,Cindy Dyballa,skipped
5716,200,Cindy Dyballa,skipped
5717,200,WRITE-IN371,skipped
5718,200,WRITE-IN373,skipped
5719,200,WRITE-IN375,skipped
5731,200,Cindy Dyballa,skipped
5752,200,Cindy Dyballa,skipped
5756,200,Cindy Dyballa,skipped
5782,200,Cindy Dyballa,skipped
5784,200,Cindy Dyballa,skipped
5794,200,Cindy Dyballa,skipped
5796,200,Cindy Dyballa,skipped
5800,200,Cindy Dyballa,skipped
5803,200,Cindy Dyballa,skipped
5807,200,Cindy Dyballa,skipped
5808,200,Cindy Dyballa,skipped
5809,200,Cindy Dyballa,skipped
5814,200,Cindy Dyballa,skipped
5817,200,Cindy Dyballa,skipped
5820,200,Cindy Dyballa,skipped
5822,200,Cindy Dyballa,skipped
5832,200,Cindy Dyballa,skipped
5838,200,Cindy Dyballa,skipped
5842,200,Cindy Dyballa,skipped
5848,200,Cindy Dyballa,skipped
5852,200,Cindy Dyballa,skipped
5868,200,Cindy Dyballa,skipped
5877,200,Cindy Dyballa,skipped
5879,200,Cindy Dyballa,WRITE-IN381
5881,200,Cindy Dyballa,skipped
5885,200,Cindy Dyballa,skipped
5887,200,Cindy Dyballa,skipped
5889,200,WRITE-IN382,Cindy Dyballa
5897,200,Cindy Dyballa,skipped
5898,200,Cindy Dyballa,skipped
5899,200,Cindy Dyballa,skipped
5900,200,Cindy Dyballa,skipped
5908,200,Cindy Dyballa,skipped
5913,200,Cindy Dyballa,skipped
5923,200,Cindy Dyballa,skipped
5937,200,Cindy Dyballa,skipped
5945,200,Cindy Dyballa,WRITE-IN387
5950,200,Cindy Dyballa,skipped
5955,200,Cindy Dyballa,WRITE-IN389
5956,200,Cindy Dyballa,skipped
5961,200,WRITE-IN390,skipped
5963,200,Cindy Dyballa,skipped
5965,200,Cindy Dyballa,skipped
5967,200,Cindy Dyballa,skipped
5970,200,Cindy Dyballa,skipped
5971,200,Cindy Dyballa,skipped
5977,200,Cindy Dyballa,skipped
5978,200,Cindy Dyballa,skipped
5980,200,Cindy Dyballa,skipped
5981,200,Cindy Dyballa,skipped
5993,200,Cindy Dyballa,skipped
6000,200,Cindy Dyballa,skipped
6004,200,Cindy Dyballa,skipped
6010,200,WRITE-IN395,Cindy Dyballa
6011,200,Cindy Dyballa,skipped
6028,200,Cindy Dyballa,skipped
6030,200,Cindy Dyballa,skipped
6041,200,Cindy Dyballa,skipped
6046,200,Cindy Dyballa,skipped
6054,200,Cindy Dyballa,skipped
6057,200,Cindy Dyballa,skipped
6058,200,Cindy Dyballa,skipped
6069,200,Cindy Dyballa,skipped
6070,200,Cindy Dyballa,skipped
6072,200,Cindy Dyballa,skipped
6077,200,Cindy Dyballa,skipped
6084,200,Cindy Dyballa,skipped
6117,200,Cindy Dyballa,skipped
6118,200,Cindy Dyballa,skipped
6140,200,Cindy Dyballa,skipped
6141,200,Cindy Dyballa,skipped
6142,200,Cindy Dyballa,WRITE-IN403
6143,200,Cindy Dyballa,skipped
6148,200,Cindy Dyballa,skipped
6150,200,Cindy Dyballa,skipped
6151,200,Cindy Dyballa,skipped
6154,200,WRITE-IN404,skipped
6156,200,Cindy Dyballa,skipped
6171,200,Cindy Dyballa,skipped
6172,200,Cindy Dyballa,skipped
6180,200,Cindy Dyballa,skipped
6181,200,Cindy Dyballa,skipped
6183,200,Cindy Dyballa,skipped
6185,200,Cindy Dyballa,skipped
6186,200,Cindy Dyballa,skipped
6191,200,Cindy Dyballa,skipped
6199,200,Cindy Dyballa,skipped
6200,200,Cindy Dyballa,skipped
6202,200,Cindy Dyballa,skipped
6213,200,Cindy Dyballa,skipped
6214,200,Cindy Dyballa,skipped
6225,200,Cindy Dyballa,skipped
6228,200,Cindy Dyballa,skipped
6229,200,Cindy Dyballa,skipped
6251,200,Cindy Dyballa,skipped
6252,200,Cindy Dyballa,skipped
6253,200,Cindy Dyballa,skipped
6254,200,Cindy Dyballa,skipped
6275,200,Cindy Dyballa,skipped
6280,200,Cindy Dyballa,skipped
6281,200,Cindy Dyballa,skipped
6282,200,Cindy Dyballa,skipped
6289,200,Cindy Dyballa,skipped
6294,200,Cindy Dyballa,skipped
6298,200,WRITE-IN408,Cindy Dyballa
6304,200,Cindy Dyballa,skipped
6309,200,Cindy Dyballa,skipped
6318,200,Cindy Dyballa,skipped
6324,200,Cindy Dyballa,skipped
6325,200,Cindy Dyballa,skipped
6331,200,Cindy Dyballa,skipped
6341,200,Cindy Dyballa,skipped
6346,200,Cindy Dyballa,skipped
6350,200,WRITE-IN410,skipped
6352,200,WRITE-IN411,skipped
6359,200,Cindy Dyballa,skipped
6361,200,Cindy Dyballa,skipped
6376,200,Cindy Dyballa,skipped
6380,200,Cindy Dyballa,skipped
6394,200,Cindy Dyballa,skipped
6395,200,Cindy Dyballa,skipped
6396,200,Cindy Dyballa,skipped
6397,200,Cindy Dyballa,skipped
6402,200,Cindy Dyballa,skipped
6417,200,Cindy Dyballa,skipped
6428,200,Cindy Dyballa,skipped
