Index,rank1,rank2,rank3
WH01,BENJAMIN J HILLYARD,skipped,skipped
WH02,BENJAMIN J HILLYARD,BRENT WINDER,MIKE LAURITZEN
WH03,MIKE LAURITZEN,skipped,skipped
WH04,MIKE LAURITZEN,MIKE LAURITZEN,MIKE LAURITZEN
WH05,BRENT WINDER,BENJAMIN J HILLYARD,MIKE LAURITZEN
WH06,BRENT WINDER,skipped,skipped
WH07,BENJAMIN J HILLYARD,skipped,skipped
WH08,BENJAMIN J HILLYARD,BRENT WINDER,MIKE LAURITZEN
WH09,BRENT WINDER,BENJAMIN J HILLYARD,MIKE LAURITZEN
WH10,MIKE LAURITZEN,skipped,skipped
WH11,BENJAMIN J HILLYARD,BRENT WINDER,skipped
WH12,BRENT WINDER,BENJAMIN J HILLYARD,skipped
WH13,BENJAMIN J HILLYARD,BRENT WINDER,skipped
WH14,BRENT WINDER,BENJAMIN J HILLYARD,skipped
WH15,BENJAMIN J HILLYARD,BRENT WINDER,MIKE LAURITZEN
WH16,BRENT WINDER,BENJAMIN J HILLYARD,skipped
WH17,MIKE LAURITZEN,BENJAMIN J HILLYARD,BRENT WINDER
WH18,BRENT WINDER,BENJAMIN J HILLYARD,skipped
WH19,BRENT WINDER,BENJAMIN J HILLYARD,skipped
WH20,BENJAMIN J HILLYARD,skipped,skipped
WH21,BRENT WINDER,BENJAMIN J HILLYARD,MIKE LAURITZEN
WH22,MIKE LAURITZEN,BRENT WINDER,BENJAMIN J HILLYARD
WH23,BRENT WINDER,BENJAMIN J HILLYARD,MIKE LAURITZEN
WH24,MIKE LAURITZEN,skipped,skipped
WH25,MIKE LAURITZEN,BRENT WINDER,skipped
WH26,MIKE LAURITZEN,BRENT WINDER,BENJAMIN J HILLYARD
WH27,BRENT WINDER,BENJAMIN J HILLYARD,MIKE LAURITZEN
WH28,BRENT WINDER,skipped,skipped
WH29,BENJAMIN J HILLYARD,BRENT WINDER,MIKE LAURITZEN
WH30,MIKE LAURITZEN,BRENT WINDER,BENJAMIN J HILLYARD
WH31,BENJAMIN J HILLYARD,BRENT WINDER,MIKE LAURITZEN
WH32,BRENT WINDER,BENJAMIN J HILLYARD,MIKE LAURITZEN
WH33,BRENT WINDER,BENJAMIN J HILLYARD,MIKE LAURITZEN
WH34,MIKE LAURITZEN,BENJAMIN J HILLYARD,BRENT WINDER
WH35,MIKE LAURITZEN,BRENT WINDER,BENJAMIN J HILLYARD
WH36,BRENT WINDER,BENJAMIN J HILLYARD,MIKE LAURITZEN
WH37,BENJAMIN J HILLYARD,BRENT WINDER,MIKE LAURITZEN
WH38,BRENT WINDER,BENJAMIN J HILLYARD,MIKE LAURITZEN
WH39,BRENT WINDER,BENJAMIN J HILLYARD,MIKE LAURITZEN
WH40,BRENT WINDER,BENJAMIN J HILLYARD,MIKE LAURITZEN
WH41,BRENT WINDER,BENJAMIN J HILLYARD,MIKE LAURITZEN
WH42,MIKE LAURITZEN,BRENT WINDER,BENJAMIN J HILLYARD
WH43,MIKE LAURITZEN,BENJAMIN J HILLYARD,BRENT WINDER
WH44,BRENT WINDER,BENJAMIN J HILLYARD,skipped
WH45,BRENT WINDER,BENJAMIN J HILLYARD,MIKE LAURITZEN
WH46,BENJAMIN J HILLYARD,BRENT WINDER,skipped
WH47,BENJAMIN J HILLYARD,BRENT WINDER,skipped
WH48,MIKE LAURITZEN,BRENT WINDER,BENJAMIN J HILLYARD
WH49,BENJAMIN J HILLYARD,BRENT WINDER,skipped
WH50,BENJAMIN J HILLYARD,BRENT WINDER,skipped
WH51,BRENT WINDER,BENJAMIN J HILLYARD,MIKE LAURITZEN
WH52,MIKE LAURITZEN,BRENT WINDER,BENJAMIN J HILLYARD
WH53,BRENT WINDER,BENJAMIN J HILLYARD,MIKE LAURITZEN
WH54,BRENT WINDER,BENJAMIN J HILLYARD,skipped
WH55,BENJAMIN J HILLYARD,skipped,skipped
WH56,MIKE LAURITZEN,BENJAMIN J HILLYARD,BRENT WINDER
WH57,BENJAMIN J HILLYARD,skipped,skipped
WH58,MIKE LAURITZEN,BENJAMIN J HILLYARD,BRENT WINDER
WH59,BRENT WINDER,BENJAMIN J HILLYARD,MIKE LAURITZEN
WH60,BENJAMIN J HILLYARD,BRENT WINDER,MIKE LAURITZEN
WH61,BENJAMIN J HILLYARD,BRENT WINDER,MIKE LAURITZEN
WH62,BENJAMIN J HILLYARD,BENJAMIN J HILLYARD,BENJAMIN J HILLYARD
WH63,BRENT WINDER,MIKE LAURITZEN,BENJAMIN J HILLYARD
WH64,BRENT WINDER,BENJAMIN J HILLYARD,skipped
WH65,BRENT WINDER,BENJAMIN J HILLYARD,MIKE LAURITZEN
WH66,MIKE LAURITZEN,BRENT WINDER,BENJAMIN J HILLYARD
WH67,MIKE LAURITZEN,BRENT WINDER,skipped
WH68,BRENT WINDER,BENJAMIN J HILLYARD,MIKE LAURITZEN
WH69,BENJAMIN J HILLYARD,MIKE LAURITZEN,BRENT WINDER
WH70,BENJAMIN J HILLYARD,BRENT WINDER,MIKE LAURITZEN
WH71,BENJAMIN J HILLYARD,BRENT WINDER,MIKE LAURITZEN
WH72,BENJAMIN J HILLYARD,BRENT WINDER,MIKE LAURITZEN
WH73,BENJAMIN J HILLYARD,BRENT WINDER,skipped
WH74,MIKE LAURITZEN,BENJAMIN J HILLYARD,BRENT WINDER
WH75,BENJAMIN J HILLYARD,BRENT WINDER,skipped
WH76,BENJAMIN J HILLYARD,BRENT WINDER,MIKE LAURITZEN
WH77,BENJAMIN J HILLYARD,skipped,skipped
WH78,MIKE LAURITZEN,BRENT WINDER,skipped
WH79,BENJAMIN J HILLYARD,BRENT WINDER,MIKE LAURITZEN
WH80,MIKE LAURITZEN,skipped,skipped
WH81,BENJAMIN J HILLYARD,BRENT WINDER,MIKE LAURITZEN
WH82,BENJAMIN J HILLYARD,MIKE LAURITZEN,BRENT WINDER
WH83,BENJAMIN J HILLYARD,BRENT WINDER,skipped
WH84,BRENT WINDER,BENJAMIN J HILLYARD,skipped
WH85,BENJAMIN J HILLYARD,BRENT WINDER,skipped
WH86,BRENT WINDER,BENJAMIN J HILLYARD,MIKE LAURITZEN
WH87,BRENT WINDER,BENJAMIN J HILLYARD,MIKE LAURITZEN
WH88,BRENT WINDER,BENJAMIN J HILLYARD,MIKE LAURITZEN
WH89,BRENT WINDER,BENJAMIN J HILLYARD,MIKE LAURITZEN
WH90,MIKE LAURITZEN,BENJAMIN J HILLYARD,BRENT WINDER
WH91,BRENT WINDER,BENJAMIN J HILLYARD,MIKE LAURITZEN
WH92,BENJAMIN J HILLYARD,MIKE LAURITZEN,BRENT WINDER
WH93,MIKE LAURITZEN,skipped,skipped
WH94,BENJAMIN J HILLYARD,MIKE LAURITZEN,BRENT WINDER
WH95,BENJAMIN J HILLYARD,BRENT WINDER,MIKE LAURITZEN
WH96,BENJAMIN J HILLYARD,MIKE LAURITZEN,BRENT WINDER
WH97,MIKE LAURITZEN,BRENT WINDER,BENJAMIN J HILLYARD
WH98,BRENT WINDER,BENJAMIN J HILLYARD,MIKE LAURITZEN
WH99,BRENT WINDER,BENJAMIN J HILLYARD,MIKE LAURITZEN
WH100,MIKE LAURITZEN,MIKE LAURITZEN,MIKE LAURITZEN
WH101,BENJAMIN J HILLYARD,BRENT WINDER,MIKE LAURITZEN
WH102,BENJAMIN J HILLYARD,MIKE LAURITZEN,BRENT WINDER
WH103,BENJAMIN J HILLYARD,BRENT WINDER,MIKE LAURITZEN
WH104,BRENT WINDER,BRENT WINDER,BRENT WINDER
WH105,MIKE LAURITZEN,skipped,skipped
WH106,BENJAMIN J HILLYARD,MIKE LAURITZEN,BRENT WINDER
WH107,MIKE LAURITZEN,skipped,skipped
WH108,BRENT WINDER,BENJAMIN J HILLYARD,MIKE LAURITZEN
WH109,BENJAMIN J HILLYARD,BRENT WINDER,MIKE LAURITZEN
WH110,BRENT WINDER,BENJAMIN J HILLYARD,MIKE LAURITZEN
WH111,BENJAMIN J HILLYARD,BRENT WINDER,MIKE LAURITZEN
WH112,MIKE LAURITZEN,BENJAMIN J HILLYARD,BRENT WINDER
WH113,skipped,skipped,skipped
WH114,BRENT WINDER,BENJAMIN J HILLYARD,skipped
WH115,BRENT WINDER,BENJAMIN J HILLYARD,MIKE LAURITZEN
WH116,BRENT WINDER,BENJAMIN J HILLYARD,MIKE LAURITZEN
WH117,BRENT WINDER,BENJAMIN J HILLYARD,MIKE LAURITZEN
WH118,BENJAMIN J HILLYARD,MIKE LAURITZEN,BRENT WINDER
WH119,BENJAMIN J HILLYARD,MIKE LAURITZEN,BRENT WINDER
WH120,BRENT WINDER,MIKE LAURITZEN,BENJAMIN J HILLYARD
WH121,BENJAMIN J HILLYARD,BRENT WINDER,MIKE LAURITZEN
WH122,MIKE LAURITZEN,BENJAMIN J HILLYARD,BRENT WINDER
WH123,BENJAMIN J HILLYARD,BRENT WINDER,skipped
WH124,MIKE LAURITZEN,BENJAMIN J HILLYARD,skipped
WH125,BRENT WINDER,BENJAMIN J HILLYARD,MIKE LAURITZEN
WH126,BRENT WINDER,skipped,skipped
WH127,BRENT WINDER,BENJAMIN J HILLYARD,skipped
WH128,MIKE LAURITZEN,skipped,BENJAMIN J HILLYARD
WH129,MIKE LAURITZEN,BRENT WINDER,skipped
WH130,BRENT WINDER,BENJAMIN J HILLYARD,MIKE LAURITZEN
WH131,BRENT WINDER,BENJAMIN J HILLYARD,MIKE LAURITZEN
WH132,BRENT WINDER,BENJAMIN J HILLYARD,MIKE LAURITZEN
WH133,BRENT WINDER,BENJAMIN J HILLYARD,MIKE LAURITZEN
WH134,BENJAMIN J HILLYARD,MIKE LAURITZEN,BRENT WINDER
WH135,BENJAMIN J HILLYARD,MIKE LAURITZEN,BRENT WINDER
WH136,BRENT WINDER,BENJAMIN J HILLYARD,MIKE LAURITZEN
WH137,BENJAMIN J HILLYARD,BRENT WINDER,skipped
WH138,BENJAMIN J HILLYARD,MIKE LAURITZEN,BRENT WINDER
WH139,MIKE LAURITZEN,BENJAMIN J HILLYARD,BRENT WINDER
WH140,MIKE LAURITZEN,skipped,skipped
WH141,MIKE LAURITZEN,BRENT WINDER,BENJAMIN J HILLYARD
WH142,BRENT WINDER,BENJAMIN J HILLYARD,MIKE LAURITZEN
WH143,BENJAMIN J HILLYARD,MIKE LAURITZEN,skipped
WH144,BRENT WINDER,skipped,skipped
WH145,BRENT WINDER,MIKE LAURITZEN,BENJAMIN J HILLYARD
WH146,MIKE LAURITZEN,BENJAMIN J HILLYARD,BRENT WINDER
WH147,BENJAMIN J HILLYARD,BRENT WINDER,skipped
WH148,BRENT WINDER,BENJAMIN J HILLYARD,MIKE LAURITZEN
WH149,BENJAMIN J HILLYARD,MIKE LAURITZEN,BRENT WINDER
WH150,BENJAMIN J HILLYARD,skipped,skipped
WH151,MIKE LAURITZEN,BENJAMIN J HILLYARD,BRENT WINDER
WH152,BRENT WINDER,MIKE LAURITZEN,BENJAMIN J HILLYARD
WH153,BENJAMIN J HILLYARD,BRENT WINDER,MIKE LAURITZEN
WH154,BENJAMIN J HILLYARD,BRENT WINDER,MIKE LAURITZEN
WH155,BENJAMIN J HILLYARD,MIKE LAURITZEN,BRENT WINDER
WH156,BRENT WINDER,BENJAMIN J HILLYARD,MIKE LAURITZEN
WH157,BRENT WINDER,skipped,skipped
WH158,MIKE LAURITZEN,skipped,skipped
WH159,BRENT WINDER,MIKE LAURITZEN,BENJAMIN J HILLYARD
WH160,BRENT WINDER,BENJAMIN J HILLYARD,skipped
WH161,BRENT WINDER,MIKE LAURITZEN,skipped
WH162,MIKE LAURITZEN,skipped,skipped
WH163,MIKE LAURITZEN,BRENT WINDER,BENJAMIN J HILLYARD
WH164,BRENT WINDER,BENJAMIN J HILLYARD,MIKE LAURITZEN
WH165,BRENT WINDER,BENJAMIN J HILLYARD,MIKE LAURITZEN
WH166,BRENT WINDER,BENJAMIN J HILLYARD,skipped
WH167,BENJAMIN J HILLYARD,BRENT WINDER,MIKE LAURITZEN
WH168,BRENT WINDER,BENJAMIN J HILLYARD,skipped
WH169,BENJAMIN J HILLYARD,BRENT WINDER,skipped
WH170,BENJAMIN J HILLYARD,BRENT WINDER,skipped
WH171,MIKE LAURITZEN,BRENT WINDER,BENJAMIN J HILLYARD
WH172,MIKE LAURITZEN,BRENT WINDER,BENJAMIN J HILLYARD
WH173,BENJAMIN J HILLYARD,BRENT WINDER,skipped
WH174,BENJAMIN J HILLYARD,MIKE LAURITZEN,BRENT WINDER
WH175,BENJAMIN J HILLYARD,BRENT WINDER,skipped
WH176,BENJAMIN J HILLYARD,BRENT WINDER,MIKE LAURITZEN
WH177,BENJAMIN J HILLYARD,BRENT WINDER,MIKE LAURITZEN
WH178,BRENT WINDER,BENJAMIN J HILLYARD,MIKE LAURITZEN
WH179,BENJAMIN J HILLYARD,MIKE LAURITZEN,BRENT WINDER
WH180,BRENT WINDER,BENJAMIN J HILLYARD,MIKE LAURITZEN
WH181,BRENT WINDER,MIKE LAURITZEN,skipped
WH182,MIKE LAURITZEN,MIKE LAURITZEN,MIKE LAURITZEN
WH183,BRENT WINDER,MIKE LAURITZEN,BENJAMIN J HILLYARD
WH184,BRENT WINDER,BENJAMIN J HILLYARD,MIKE LAURITZEN
WH185,MIKE LAURITZEN,BENJAMIN J HILLYARD,skipped
WH186,BENJAMIN J HILLYARD,MIKE LAURITZEN,BRENT WINDER
WH187,MIKE LAURITZEN,BRENT WINDER,skipped
WH188,BENJAMIN J HILLYARD,MIKE LAURITZEN,BRENT WINDER
WH189,MIKE LAURITZEN,skipped,skipped
WH190,MIKE LAURITZEN,skipped,skipped
WH191,BENJAMIN J HILLYARD,MIKE LAURITZEN,BRENT WINDER
WH192,BRENT WINDER,BENJAMIN J HILLYARD,skipped
WH193,BENJAMIN J HILLYARD,BRENT WINDER,MIKE LAURITZEN
WH194,BENJAMIN J HILLYARD,BRENT WINDER,MIKE LAURITZEN
WH195,BRENT WINDER,BENJAMIN J HILLYARD,MIKE LAURITZEN
WH196,BENJAMIN J HILLYARD,skipped,skipped
WH197,BENJAMIN J HILLYARD,BRENT WINDER,MIKE LAURITZEN
WH198,BENJAMIN J HILLYARD,BRENT WINDER,MIKE LAURITZEN
WH199,BENJAMIN J HILLYARD,MIKE LAURITZEN,BRENT WINDER
WH200,BENJAMIN J HILLYARD,BRENT WINDER,MIKE LAURITZEN
WH201,BRENT WINDER,skipped,skipped
WH202,BENJAMIN J HILLYARD,BRENT WINDER,MIKE LAURITZEN
WH203,MIKE LAURITZEN,BRENT WINDER,skipped
WH204,BRENT WINDER,BENJAMIN J HILLYARD,skipped
WH205,MIKE LAURITZEN,MIKE LAURITZEN,MIKE LAURITZEN
WH206,MIKE LAURITZEN,BRENT WINDER,skipped
WH207,BENJAMIN J HILLYARD,skipped,skipped
WH208,BENJAMIN J HILLYARD,BRENT WINDER,skipped
WH209,BRENT WINDER,BENJAMIN J HILLYARD,MIKE LAURITZEN
WH210,BRENT WINDER,BENJAMIN J HILLYARD,MIKE LAURITZEN
WH211,skipped,skipped,skipped
WH212,MIKE LAURITZEN,skipped,skipped
WH213,skipped,skipped,skipped
WH214,BENJAMIN J HILLYARD,BRENT WINDER,MIKE LAURITZEN
WH215,BRENT WINDER,BENJAMIN J HILLYARD,MIKE LAURITZEN
WH216,BRENT WINDER,MIKE LAURITZEN,BENJAMIN J HILLYARD
WH217,BRENT WINDER,BENJAMIN J HILLYARD,MIKE LAURITZEN
WH218,BRENT WINDER,BENJAMIN J HILLYARD,MIKE LAURITZEN
WH219,BRENT WINDER,MIKE LAURITZEN,skipped
WH220,BENJAMIN J HILLYARD,MIKE LAURITZEN,BRENT WINDER
WH221,BRENT WINDER,BENJAMIN J HILLYARD,MIKE LAURITZEN
WH222,BENJAMIN J HILLYARD,MIKE LAURITZEN,BRENT WINDER
WH223,BRENT WINDER,BENJAMIN J HILLYARD,MIKE LAURITZEN
WH224,BRENT WINDER,skipped,skipped
WH225,BRENT WINDER,MIKE LAURITZEN,BENJAMIN J HILLYARD
WH226,MIKE LAURITZEN,skipped,skipped
WH227,BENJAMIN J HILLYARD,BRENT WINDER,MIKE LAURITZEN
WH228,BENJAMIN J HILLYARD,MIKE LAURITZEN,BRENT WINDER
WH229,BENJAMIN J HILLYARD,BRENT WINDER,MIKE LAURITZEN
WH230,BENJAMIN J HILLYARD,BRENT WINDER,MIKE LAURITZEN
WH231,BENJAMIN J HILLYARD,skipped,skipped
WH232,BRENT WINDER,MIKE LAURITZEN,BENJAMIN J HILLYARD
WH233,BRENT WINDER,BENJAMIN J HILLYARD,MIKE LAURITZEN
WH234,BENJAMIN J HILLYARD,MIKE LAURITZEN,BRENT WINDER
WH235,BRENT WINDER,BENJAMIN J HILLYARD,skipped
WH236,BRENT WINDER,BENJAMIN J HILLYARD,MIKE LAURITZEN
WH237,BENJAMIN J HILLYARD,MIKE LAURITZEN,BRENT WINDER
WH238,BRENT WINDER,MIKE LAURITZEN,BENJAMIN J HILLYARD
WH239,BENJAMIN J HILLYARD,BRENT WINDER,MIKE LAURITZEN
WH240,BENJAMIN J HILLYARD,BRENT WINDER,skipped
WH241,BRENT WINDER,MIKE LAURITZEN,BENJAMIN J HILLYARD
WH242,MIKE LAURITZEN,BENJAMIN J HILLYARD,skipped
WH243,BENJAMIN J HILLYARD,BRENT WINDER,skipped
WH244,MIKE LAURITZEN,skipped,skipped
WH245,BRENT WINDER,BENJAMIN J HILLYARD,MIKE LAURITZEN
WH246,MIKE LAURITZEN,BRENT WINDER,BENJAMIN J HILLYARD
WH247,BENJAMIN J HILLYARD,BRENT WINDER,MIKE LAURITZEN
WH248,BENJAMIN J HILLYARD,BRENT WINDER,MIKE LAURITZEN
WH249,BRENT WINDER,BENJAMIN J HILLYARD,MIKE LAURITZEN
WH250,BRENT WINDER,skipped,skipped
WH251,BENJAMIN J HILLYARD,BENJAMIN J HILLYARD,skipped
WH252,BENJAMIN J HILLYARD,MIKE LAURITZEN,BRENT WINDER
WH253,BRENT WINDER,BENJAMIN J HILLYARD,MIKE LAURITZEN
WH254,BENJAMIN J HILLYARD,BRENT WINDER,MIKE LAURITZEN
WH255,BRENT WINDER,skipped,skipped
WH256,BRENT WINDER,BENJAMIN J HILLYARD,MIKE LAURITZEN
WH257,BRENT WINDER,BENJAMIN J HILLYARD,MIKE LAURITZEN
WH258,BENJAMIN J HILLYARD,BRENT WINDER,MIKE LAURITZEN
WH259,BRENT WINDER,MIKE LAURITZEN,BENJAMIN J HILLYARD
WH260,MIKE LAURITZEN,BRENT WINDER,BENJAMIN J HILLYARD
WH261,BENJAMIN J HILLYARD,BRENT WINDER,MIKE LAURITZEN
WH262,BRENT WINDER,BENJAMIN J HILLYARD,skipped
WH263,BRENT WINDER,BENJAMIN J HILLYARD,MIKE LAURITZEN
WH264,BENJAMIN J HILLYARD,BRENT WINDER,MIKE LAURITZEN
WH265,MIKE LAURITZEN,skipped,skipped
WH266,BRENT WINDER,skipped,skipped
WH267,MIKE LAURITZEN,skipped,skipped
WH268,MIKE LAURITZEN,BENJAMIN J HILLYARD,BRENT WINDER
WH269,BRENT WINDER,skipped,skipped
WH270,MIKE LAURITZEN,BENJAMIN J HILLYARD,BENJAMIN J HILLYARD
WH271,BENJAMIN J HILLYARD,BRENT WINDER,skipped
WH272,BRENT WINDER,skipped,skipped
WH273,MIKE LAURITZEN,BRENT WINDER,BENJAMIN J HILLYARD
WH274,BRENT WINDER,MIKE LAURITZEN,BENJAMIN J HILLYARD
WH275,BRENT WINDER,BENJAMIN J HILLYARD,skipped
WH276,MIKE LAURITZEN,BRENT WINDER,BENJAMIN J HILLYARD
WH277,BENJAMIN J HILLYARD,skipped,skipped
WH278,MIKE LAURITZEN,BRENT WINDER,BENJAMIN J HILLYARD
WH279,BENJAMIN J HILLYARD,BRENT WINDER,MIKE LAURITZEN
WH280,BRENT WINDER,skipped,skipped
WH281,BRENT WINDER,BENJAMIN J HILLYARD,MIKE LAURITZEN
WH282,BENJAMIN J HILLYARD,BRENT WINDER,skipped
WH283,MIKE LAURITZEN,skipped,skipped
WH284,BRENT WINDER,MIKE LAURITZEN,BENJAMIN J HILLYARD
WH285,BENJAMIN J HILLYARD,skipped,skipped
WH286,BRENT WINDER,BENJAMIN J HILLYARD,MIKE LAURITZEN
WH287,BRENT WINDER,skipped,skipped
WH288,BRENT WINDER,MIKE LAURITZEN,skipped
WH289,BENJAMIN J HILLYARD,BRENT WINDER,skipped
WH290,MIKE LAURITZEN,BRENT WINDER,BENJAMIN J HILLYARD
WH291,BRENT WINDER,skipped,skipped
WH292,BENJAMIN J HILLYARD,skipped,skipped
WH293,MIKE LAURITZEN,BRENT WINDER,skipped
WH294,BRENT WINDER,BENJAMIN J HILLYARD,MIKE LAURITZEN
WH295,MIKE LAURITZEN,BRENT WINDER,skipped
WH296,BRENT WINDER,BENJAMIN J HILLYARD,MIKE LAURITZEN
WH297,BENJAMIN J HILLYARD,BRENT WINDER,MIKE LAURITZEN
WH298,BRENT WINDER,BENJAMIN J HILLYARD,MIKE LAURITZEN
WH299,BRENT WINDER,skipped,skipped
WH300,BRENT WINDER,skipped,skipped
WH301,BRENT WINDER,MIKE LAURITZEN,skipped
WH302,MIKE LAURITZEN,BRENT WINDER,BENJAMIN J HILLYARD
WH303,MIKE LAURITZEN,skipped,skipped
WH304,BRENT WINDER,BENJAMIN J HILLYARD,MIKE LAURITZEN
WH305,MIKE LAURITZEN,BRENT WINDER,BENJAMIN J HILLYARD
WH306,MIKE LAURITZEN,BENJAMIN J HILLYARD,BRENT WINDER
WH307,BRENT WINDER,skipped,skipped
WH308,BENJAMIN J HILLYARD,BRENT WINDER,MIKE LAURITZEN
WH309,MIKE LAURITZEN,overvote,skipped
WH310,BRENT WINDER,BENJAMIN J HILLYARD,MIKE LAURITZEN
WH311,BRENT WINDER,BENJAMIN J HILLYARD,MIKE LAURITZEN
WH312,BRENT WINDER,BENJAMIN J HILLYARD,MIKE LAURITZEN
WH313,BRENT WINDER,skipped,skipped
WH314,BRENT WINDER,MIKE LAURITZEN,BENJAMIN J HILLYARD
WH315,MIKE LAURITZEN,BENJAMIN J HILLYARD,BRENT WINDER
WH316,BRENT WINDER,BENJAMIN J HILLYARD,skipped
WH317,MIKE LAURITZEN,BENJAMIN J HILLYARD,skipped
WH318,BENJAMIN J HILLYARD,skipped,skipped
WH319,MIKE LAURITZEN,skipped,skipped
WH320,BRENT WINDER,BENJAMIN J HILLYARD,MIKE LAURITZEN
WH321,MIKE LAURITZEN,skipped,skipped
WH322,MIKE LAURITZEN,BENJAMIN J HILLYARD,BRENT WINDER
WH323,BRENT WINDER,BENJAMIN J HILLYARD,MIKE LAURITZEN
WH324,BRENT WINDER,BENJAMIN J HILLYARD,MIKE LAURITZEN
WH325,BRENT WINDER,BENJAMIN J HILLYARD,MIKE LAURITZEN
WH326,BENJAMIN J HILLYARD,BRENT WINDER,MIKE LAURITZEN
WH327,BENJAMIN J HILLYARD,BRENT WINDER,skipped
WH328,BRENT WINDER,BENJAMIN J HILLYARD,MIKE LAURITZEN
WH329,BENJAMIN J HILLYARD,MIKE LAURITZEN,BRENT WINDER
WH330,BRENT WINDER,BENJAMIN J HILLYARD,MIKE LAURITZEN
WH331,BRENT WINDER,MIKE LAURITZEN,BENJAMIN J HILLYARD
WH332,BENJAMIN J HILLYARD,skipped,skipped
WH333,BENJAMIN J HILLYARD,MIKE LAURITZEN,BRENT WINDER
WH334,MIKE LAURITZEN,BRENT WINDER,BENJAMIN J HILLYARD
WH335,MIKE LAURITZEN,BRENT WINDER,BENJAMIN J HILLYARD
WH336,MIKE LAURITZEN,BENJAMIN J HILLYARD,BRENT WINDER
WH337,BENJAMIN J HILLYARD,MIKE LAURITZEN,BRENT WINDER
WH338,BRENT WINDER,MIKE LAURITZEN,BENJAMIN J HILLYARD
WH339,BENJAMIN J HILLYARD,MIKE LAURITZEN,BRENT WINDER
WH340,MIKE LAURITZEN,BENJAMIN J HILLYARD,BRENT WINDER
WH341,BENJAMIN J HILLYARD,MIKE LAURITZEN,BRENT WINDER
WH342,MIKE LAURITZEN,BENJAMIN J HILLYARD,BRENT WINDER
WH343,MIKE LAURITZEN,skipped,skipped
WH344,BENJAMIN J HILLYARD,MIKE LAURITZEN,BRENT WINDER
WH345,BRENT WINDER,BENJAMIN J HILLYARD,skipped
WH346,MIKE LAURITZEN,BENJAMIN J HILLYARD,BRENT WINDER
WH347,BENJAMIN J HILLYARD,skipped,skipped
WH348,BRENT WINDER,MIKE LAURITZEN,skipped
WH349,BENJAMIN J HILLYARD,MIKE LAURITZEN,BRENT WINDER
WH350,BRENT WINDER,MIKE LAURITZEN,BENJAMIN J HILLYARD
WH351,BRENT WINDER,BENJAMIN J HILLYARD,MIKE LAURITZEN
WH352,MIKE LAURITZEN,skipped,skipped
WH353,BRENT WINDER,skipped,skipped
WH354,MIKE LAURITZEN,BENJAMIN J HILLYARD,BRENT WINDER
WH355,BRENT WINDER,skipped,skipped
WH356,BRENT WINDER,skipped,BENJAMIN J HILLYARD
WH357,BRENT WINDER,BENJAMIN J HILLYARD,skipped
WH358,MIKE LAURITZEN,BENJAMIN J HILLYARD,skipped
WH359,BENJAMIN J HILLYARD,BRENT WINDER,MIKE LAURITZEN
WH360,BRENT WINDER,skipped,skipped
WH361,BRENT WINDER,skipped,skipped
WH362,MIKE LAURITZEN,skipped,skipped
WH363,MIKE LAURITZEN,BENJAMIN J HILLYARD,BRENT WINDER
WH364,MIKE LAURITZEN,skipped,skipped
WH365,BRENT WINDER,MIKE LAURITZEN,BENJAMIN J HILLYARD
WH366,BRENT WINDER,skipped,skipped
WH367,MIKE LAURITZEN,skipped,skipped
WH368,BRENT WINDER,skipped,skipped
WH369,MIKE LAURITZEN,BENJAMIN J HILLYARD,BRENT WINDER
WH370,BRENT WINDER,skipped,skipped
WH371,MIKE LAURITZEN,skipped,skipped
WH372,BRENT WINDER,skipped,skipped
WH373,BRENT WINDER,BENJAMIN J HILLYARD,MIKE LAURITZEN
WH374,BRENT WINDER,BENJAMIN J HILLYARD,skipped
WH375,BENJAMIN J HILLYARD,BRENT WINDER,MIKE LAURITZEN
WH376,MIKE LAURITZEN,skipped,skipped
WH377,BENJAMIN J HILLYARD,BRENT WINDER,MIKE LAURITZEN
WH378,BRENT WINDER,BENJAMIN J HILLYARD,MIKE LAURITZEN
WH379,BENJAMIN J HILLYARD,BRENT WINDER,MIKE LAURITZEN
WH380,MIKE LAURITZEN,BRENT WINDER,BENJAMIN J HILLYARD
WH381,MIKE LAURITZEN,BRENT WINDER,BENJAMIN J HILLYARD
WH382,BRENT WINDER,BENJAMIN J HILLYARD,MIKE LAURITZEN
WH383,BRENT WINDER,MIKE LAURITZEN,BENJAMIN J HILLYARD
WH384,BENJAMIN J HILLYARD,skipped,skipped
WH385,BRENT WINDER,MIKE LAURITZEN,skipped
WH386,BENJAMIN J HILLYARD,BRENT WINDER,MIKE LAURITZEN
WH387,BENJAMIN J HILLYARD,MIKE LAURITZEN,BRENT WINDER
WH388,BENJAMIN J HILLYARD,BRENT WINDER,skipped
WH389,MIKE LAURITZEN,BENJAMIN J HILLYARD,BRENT WINDER
WH390,BRENT WINDER,BENJAMIN J HILLYARD,MIKE LAURITZEN
WH391,MIKE LAURITZEN,BRENT WINDER,BENJAMIN J HILLYARD
WH392,BENJAMIN J HILLYARD,MIKE LAURITZEN,BRENT WINDER
WH393,BRENT WINDER,BENJAMIN J HILLYARD,skipped
WH394,MIKE LAURITZEN,BENJAMIN J HILLYARD,skipped
WH395,BRENT WINDER,MIKE LAURITZEN,BENJAMIN J HILLYARD
WH396,BRENT WINDER,BENJAMIN J HILLYARD,MIKE LAURITZEN
WH397,MIKE LAURITZEN,skipped,skipped
WH398,BRENT WINDER,BENJAMIN J HILLYARD,MIKE LAURITZEN
WH399,BRENT WINDER,BENJAMIN J HILLYARD,MIKE LAURITZEN
WH400,BRENT WINDER,BENJAMIN J HILLYARD,skipped
WH401,BRENT WINDER,BENJAMIN J HILLYARD,skipped
WH402,MIKE LAURITZEN,skipped,skipped
WH403,MIKE LAURITZEN,BENJAMIN J HILLYARD,BRENT WINDER
WH404,BENJAMIN J HILLYARD,MIKE LAURITZEN,BRENT WINDER
WH405,MIKE LAURITZEN,BRENT WINDER,BENJAMIN J HILLYARD
WH406,MIKE LAURITZEN,skipped,skipped
WH407,BRENT WINDER,BENJAMIN J HILLYARD,skipped
WH408,BRENT WINDER,BENJAMIN J HILLYARD,MIKE LAURITZEN
WH409,MIKE LAURITZEN,BRENT WINDER,BENJAMIN J HILLYARD
WH410,BENJAMIN J HILLYARD,BRENT WINDER,skipped
WH411,BRENT WINDER,BENJAMIN J HILLYARD,MIKE LAURITZEN
WH412,MIKE LAURITZEN,BRENT WINDER,BENJAMIN J HILLYARD
WH413,MIKE LAURITZEN,BRENT WINDER,BENJAMIN J HILLYARD
WH414,BRENT WINDER,BENJAMIN J HILLYARD,MIKE LAURITZEN
WH415,MIKE LAURITZEN,BRENT WINDER,BENJAMIN J HILLYARD
WH416,BENJAMIN J HILLYARD,BRENT WINDER,skipped
WH417,BRENT WINDER,BENJAMIN J HILLYARD,MIKE LAURITZEN
WH418,BRENT WINDER,BENJAMIN J HILLYARD,MIKE LAURITZEN
WH419,BRENT WINDER,BENJAMIN J HILLYARD,MIKE LAURITZEN
WH420,MIKE LAURITZEN,skipped,skipped
WH421,BENJAMIN J HILLYARD,BRENT WINDER,MIKE LAURITZEN
WH422,BENJAMIN J HILLYARD,BRENT WINDER,MIKE LAURITZEN
WH423,BRENT WINDER,BENJAMIN J HILLYARD,MIKE LAURITZEN
WH424,MIKE LAURITZEN,BRENT WINDER,BENJAMIN J HILLYARD
WH425,BENJAMIN J HILLYARD,MIKE LAURITZEN,BRENT WINDER
WH426,MIKE LAURITZEN,BRENT WINDER,BENJAMIN J HILLYARD
WH427,BENJAMIN J HILLYARD,MIKE LAURITZEN,BRENT WINDER
WH428,BENJAMIN J HILLYARD,MIKE LAURITZEN,BRENT WINDER
WH429,BRENT WINDER,MIKE LAURITZEN,BENJAMIN J HILLYARD
WH430,MIKE LAURITZEN,BENJAMIN J HILLYARD,BRENT WINDER
WH431,MIKE LAURITZEN,BENJAMIN J HILLYARD,BRENT WINDER
WH432,MIKE LAURITZEN,BENJAMIN J HILLYARD,BRENT WINDER
WH433,BRENT WINDER,BENJAMIN J HILLYARD,MIKE LAURITZEN
WH434,BENJAMIN J HILLYARD,BRENT WINDER,MIKE LAURITZEN
WH435,MIKE LAURITZEN,BENJAMIN J HILLYARD,BRENT WINDER
WH436,BRENT WINDER,MIKE LAURITZEN,BENJAMIN J HILLYARD
WH437,BRENT WINDER,BENJAMIN J HILLYARD,MIKE LAURITZEN
WH438,MIKE LAURITZEN,BENJAMIN J HILLYARD,BRENT WINDER
WH439,BRENT WINDER,MIKE LAURITZEN,BENJAMIN J HILLYARD
WH440,BENJAMIN J HILLYARD,BRENT WINDER,MIKE LAURITZEN
WH441,MIKE LAURITZEN,BENJAMIN J HILLYARD,BRENT WINDER
WH442,BENJAMIN J HILLYARD,BRENT WINDER,MIKE LAURITZEN
WH443,BRENT WINDER,BENJAMIN J HILLYARD,MIKE LAURITZEN
WH444,MIKE LAURITZEN,BRENT WINDER,BENJAMIN J HILLYARD
WH445,MIKE LAURITZEN,BRENT WINDER,BENJAMIN J HILLYARD
WH446,BENJAMIN J HILLYARD,BRENT WINDER,MIKE LAURITZEN
WH447,BRENT WINDER,skipped,skipped
WH448,MIKE LAURITZEN,BRENT WINDER,BENJAMIN J HILLYARD
WH449,BENJAMIN J HILLYARD,BRENT WINDER,skipped
WH450,BRENT WINDER,skipped,skipped
WH451,BRENT WINDER,skipped,skipped
WH452,MIKE LAURITZEN,BENJAMIN J HILLYARD,BRENT WINDER
WH453,BRENT WINDER,BENJAMIN J HILLYARD,MIKE LAURITZEN
WH454,BRENT WINDER,skipped,skipped
WH455,MIKE LAURITZEN,BRENT WINDER,BENJAMIN J HILLYARD
WH456,BRENT WINDER,MIKE LAURITZEN,BENJAMIN J HILLYARD
WH457,MIKE LAURITZEN,BRENT WINDER,BENJAMIN J HILLYARD
WH458,BENJAMIN J HILLYARD,BRENT WINDER,skipped
WH459,MIKE LAURITZEN,BENJAMIN J HILLYARD,BRENT WINDER
WH460,BENJAMIN J HILLYARD,BRENT WINDER,MIKE LAURITZEN
WH461,BENJAMIN J HILLYARD,BRENT WINDER,skipped
WH462,BRENT WINDER,BENJAMIN J HILLYARD,MIKE LAURITZEN
WH463,MIKE LAURITZEN,skipped,skipped
WH464,BRENT WINDER,BENJAMIN J HILLYARD,skipped
WH465,MIKE LAURITZEN,BENJAMIN J HILLYARD,BRENT WINDER
WH466,BENJAMIN J HILLYARD,BRENT WINDER,skipped
WH467,BENJAMIN J HILLYARD,MIKE LAURITZEN,BRENT WINDER
WH468,MIKE LAURITZEN,skipped,skipped
WH469,MIKE LAURITZEN,BENJAMIN J HILLYARD,BRENT WINDER
WH470,MIKE LAURITZEN,BENJAMIN J HILLYARD,BRENT WINDER
WH471,MIKE LAURITZEN,BENJAMIN J HILLYARD,skipped
WH472,MIKE LAURITZEN,BENJAMIN J HILLYARD,BRENT WINDER
WH473,MIKE LAURITZEN,BENJAMIN J HILLYARD,BRENT WINDER
WH474,BRENT WINDER,MIKE LAURITZEN,BENJAMIN J HILLYARD
WH475,BRENT WINDER,BENJAMIN J HILLYARD,MIKE LAURITZEN
WH476,BENJAMIN J HILLYARD,BRENT WINDER,skipped
WH477,MIKE LAURITZEN,skipped,skipped
WH478,MIKE LAURITZEN,BENJAMIN J HILLYARD,BRENT WINDER
WH479,MIKE LAURITZEN,BENJAMIN J HILLYARD,skipped
WH480,MIKE LAURITZEN,BRENT WINDER,BENJAMIN J HILLYARD
WH481,BRENT WINDER,BENJAMIN J HILLYARD,MIKE LAURITZEN
WH482,BRENT WINDER,skipped,skipped
WH483,MIKE LAURITZEN,BRENT WINDER,BENJAMIN J HILLYARD
WH484,BRENT WINDER,MIKE LAURITZEN,BENJAMIN J HILLYARD
WH485,MIKE LAURITZEN,BENJAMIN J HILLYARD,BRENT WINDER
WH486,MIKE LAURITZEN,skipped,skipped
WH487,MIKE LAURITZEN,BENJAMIN J HILLYARD,BRENT WINDER
WH488,MIKE LAURITZEN,BENJAMIN J HILLYARD,BRENT WINDER
WH489,MIKE LAURITZEN,skipped,skipped
WH490,BRENT WINDER,BENJAMIN J HILLYARD,MIKE LAURITZEN
WH491,BRENT WINDER,BENJAMIN J HILLYARD,skipped
WH492,BRENT WINDER,BENJAMIN J HILLYARD,skipped
WH493,BRENT WINDER,skipped,skipped
WH494,BRENT WINDER,BENJAMIN J HILLYARD,skipped
WH495,MIKE LAURITZEN,BRENT WINDER,BENJAMIN J HILLYARD
WH496,MIKE LAURITZEN,skipped,skipped
WH497,MIKE LAURITZEN,skipped,skipped
WH498,MIKE LAURITZEN,BENJAMIN J HILLYARD,BRENT WINDER
WH499,MIKE LAURITZEN,BRENT WINDER,BENJAMIN J HILLYARD
WH500,MIKE LAURITZEN,skipped,skipped
WH501,BRENT WINDER,MIKE LAURITZEN,BENJAMIN J HILLYARD
WH502,BRENT WINDER,BENJAMIN J HILLYARD,skipped
WH503,MIKE LAURITZEN,BENJAMIN J HILLYARD,BRENT WINDER
WH504,BRENT WINDER,MIKE LAURITZEN,BENJAMIN J HILLYARD
WH505,BRENT WINDER,BENJAMIN J HILLYARD,skipped
WH506,MIKE LAURITZEN,BRENT WINDER,BENJAMIN J HILLYARD
WH507,MIKE LAURITZEN,BRENT WINDER,BENJAMIN J HILLYARD
WH508,MIKE LAURITZEN,BENJAMIN J HILLYARD,skipped
WH509,BENJAMIN J HILLYARD,BRENT WINDER,skipped
WH510,BRENT WINDER,skipped,skipped
WH511,BENJAMIN J HILLYARD,BRENT WINDER,skipped
WH512,BRENT WINDER,BENJAMIN J HILLYARD,MIKE LAURITZEN
WH513,BRENT WINDER,skipped,skipped
WH514,BENJAMIN J HILLYARD,BRENT WINDER,skipped
WH515,BENJAMIN J HILLYARD,skipped,skipped
WH516,MIKE LAURITZEN,BRENT WINDER,BENJAMIN J HILLYARD
WH517,BRENT WINDER,BENJAMIN J HILLYARD,MIKE LAURITZEN
WH518,BRENT WINDER,BENJAMIN J HILLYARD,MIKE LAURITZEN
WH519,BENJAMIN J HILLYARD,skipped,skipped
WH520,BENJAMIN J HILLYARD,BRENT WINDER,MIKE LAURITZEN
WH521,MIKE LAURITZEN,BENJAMIN J HILLYARD,BRENT WINDER
WH522,BRENT WINDER,BENJAMIN J HILLYARD,skipped
WH523,MIKE LAURITZEN,skipped,skipped
WH524,BRENT WINDER,BENJAMIN J HILLYARD,MIKE LAURITZEN
WH525,BENJAMIN J HILLYARD,MIKE LAURITZEN,BRENT WINDER
WH526,BENJAMIN J HILLYARD,BRENT WINDER,MIKE LAURITZEN
WH527,BENJAMIN J HILLYARD,BRENT WINDER,MIKE LAURITZEN
WH528,BENJAMIN J HILLYARD,BRENT WINDER,skipped
WH529,MIKE LAURITZEN,BENJAMIN J HILLYARD,BRENT WINDER
WH530,MIKE LAURITZEN,BENJAMIN J HILLYARD,BRENT WINDER
WH531,BENJAMIN J HILLYARD,BRENT WINDER,skipped
WH532,BRENT WINDER,BENJAMIN J HILLYARD,skipped
WH533,MIKE LAURITZEN,BENJAMIN J HILLYARD,BRENT WINDER
WH534,BRENT WINDER,BENJAMIN J HILLYARD,skipped
WH535,BRENT WINDER,skipped,skipped
WH536,MIKE LAURITZEN,skipped,skipped
WH537,BRENT WINDER,BENJAMIN J HILLYARD,skipped
WH538,BENJAMIN J HILLYARD,MIKE LAURITZEN,BRENT WINDER
WH539,BENJAMIN J HILLYARD,BRENT WINDER,MIKE LAURITZEN
WH540,BRENT WINDER,skipped,skipped
WH541,MIKE LAURITZEN,BENJAMIN J HILLYARD,skipped
WH542,MIKE LAURITZEN,skipped,skipped
WH543,BENJAMIN J HILLYARD,BRENT WINDER,skipped
WH544,MIKE LAURITZEN,BENJAMIN J HILLYARD,BRENT WINDER
WH545,BRENT WINDER,BENJAMIN J HILLYARD,MIKE LAURITZEN
WH546,BENJAMIN J HILLYARD,skipped,skipped
WH547,MIKE LAURITZEN,BRENT WINDER,BENJAMIN J HILLYARD
WH548,BRENT WINDER,BENJAMIN J HILLYARD,MIKE LAURITZEN
WH549,BENJAMIN J HILLYARD,BRENT WINDER,MIKE LAURITZEN
WH550,MIKE LAURITZEN,skipped,skipped
WH551,BENJAMIN J HILLYARD,skipped,skipped
WH552,BENJAMIN J HILLYARD,BRENT WINDER,MIKE LAURITZEN
WH553,BRENT WINDER,skipped,skipped
WH554,BRENT WINDER,BENJAMIN J HILLYARD,MIKE LAURITZEN
WH555,BRENT WINDER,MIKE LAURITZEN,BENJAMIN J HILLYARD
WH556,MIKE LAURITZEN,BENJAMIN J HILLYARD,BRENT WINDER
WH557,BENJAMIN J HILLYARD,MIKE LAURITZEN,BRENT WINDER
WH558,BRENT WINDER,MIKE LAURITZEN,BENJAMIN J HILLYARD
WH559,BRENT WINDER,skipped,skipped
WH560,BRENT WINDER,BENJAMIN J HILLYARD,MIKE LAURITZEN
WH561,BRENT WINDER,BENJAMIN J HILLYARD,skipped
WH562,MIKE LAURITZEN,BENJAMIN J HILLYARD,BRENT WINDER
WH563,BRENT WINDER,BENJAMIN J HILLYARD,skipped
WH564,BRENT WINDER,BENJAMIN J HILLYARD,skipped
WH565,BRENT WINDER,BENJAMIN J HILLYARD,skipped
WH566,BENJAMIN J HILLYARD,MIKE LAURITZEN,skipped
WH567,BENJAMIN J HILLYARD,MIKE LAURITZEN,BRENT WINDER
WH568,BRENT WINDER,BENJAMIN J HILLYARD,skipped
WH569,BRENT WINDER,skipped,skipped
WH570,BRENT WINDER,MIKE LAURITZEN,BENJAMIN J HILLYARD
WH571,BENJAMIN J HILLYARD,BRENT WINDER,MIKE LAURITZEN
WH572,BRENT WINDER,BENJAMIN J HILLYARD,skipped
WH573,BRENT WINDER,skipped,skipped
WH574,MIKE LAURITZEN,BENJAMIN J HILLYARD,BRENT WINDER
WH575,MIKE LAURITZEN,skipped,skipped
WH576,MIKE LAURITZEN,BRENT WINDER,BENJAMIN J HILLYARD
WH577,BRENT WINDER,MIKE LAURITZEN,BENJAMIN J HILLYARD
WH578,BENJAMIN J HILLYARD,BRENT WINDER,MIKE LAURITZEN
WH579,BRENT WINDER,BENJAMIN J HILLYARD,skipped
WH580,MIKE LAURITZEN,skipped,skipped
WH581,BRENT WINDER,BENJAMIN J HILLYARD,skipped
WH582,MIKE LAURITZEN,BENJAMIN J HILLYARD,BRENT WINDER
WH583,BRENT WINDER,MIKE LAURITZEN,BENJAMIN J HILLYARD
WH584,BENJAMIN J HILLYARD,BRENT WINDER,MIKE LAURITZEN
WH585,MIKE LAURITZEN,BRENT WINDER,BENJAMIN J HILLYARD
WH586,MIKE LAURITZEN,BRENT WINDER,BENJAMIN J HILLYARD
WH587,BRENT WINDER,BENJAMIN J HILLYARD,MIKE LAURITZEN
WH588,MIKE LAURITZEN,BRENT WINDER,BENJAMIN J HILLYARD
WH589,MIKE LAURITZEN,BENJAMIN J HILLYARD,BRENT WINDER
WH590,MIKE LAURITZEN,skipped,skipped
WH591,BRENT WINDER,BENJAMIN J HILLYARD,MIKE LAURITZEN
WH592,BRENT WINDER,BENJAMIN J HILLYARD,MIKE LAURITZEN
WH593,BRENT WINDER,MIKE LAURITZEN,BENJAMIN J HILLYARD
WH594,BRENT WINDER,skipped,skipped
WH595,BRENT WINDER,skipped,skipped
WH596,BRENT WINDER,MIKE LAURITZEN,skipped
WH597,BRENT WINDER,skipped,skipped
WH598,BRENT WINDER,BENJAMIN J HILLYARD,skipped
WH599,BENJAMIN J HILLYARD,MIKE LAURITZEN,BRENT WINDER
WH600,BENJAMIN J HILLYARD,BRENT WINDER,MIKE LAURITZEN
WH601,BENJAMIN J HILLYARD,BRENT WINDER,skipped
WH602,MIKE LAURITZEN,skipped,skipped
WH603,BENJAMIN J HILLYARD,MIKE LAURITZEN,BRENT WINDER
WH604,BRENT WINDER,MIKE LAURITZEN,BENJAMIN J HILLYARD
WH605,MIKE LAURITZEN,BRENT WINDER,skipped
WH606,BRENT WINDER,BENJAMIN J HILLYARD,skipped
WH607,BENJAMIN J HILLYARD,MIKE LAURITZEN,BRENT WINDER
WH608,MIKE LAURITZEN,skipped,skipped
WH609,BENJAMIN J HILLYARD,BRENT WINDER,skipped
WH610,BENJAMIN J HILLYARD,MIKE LAURITZEN,BRENT WINDER
WH611,MIKE LAURITZEN,BENJAMIN J HILLYARD,BRENT WINDER
WH612,MIKE LAURITZEN,skipped,skipped
WH613,BENJAMIN J HILLYARD,MIKE LAURITZEN,skipped
WH614,BENJAMIN J HILLYARD,BRENT WINDER,skipped
WH615,MIKE LAURITZEN,BENJAMIN J HILLYARD,BRENT WINDER
WH616,MIKE LAURITZEN,BENJAMIN J HILLYARD,BRENT WINDER
WH617,BENJAMIN J HILLYARD,skipped,skipped
WH618,BENJAMIN J HILLYARD,BRENT WINDER,skipped
WH619,MIKE LAURITZEN,skipped,skipped
WH620,MIKE LAURITZEN,BRENT WINDER,BENJAMIN J HILLYARD
WH621,BENJAMIN J HILLYARD,BRENT WINDER,skipped
WH622,BENJAMIN J HILLYARD,BRENT WINDER,MIKE LAURITZEN
WH623,BRENT WINDER,BENJAMIN J HILLYARD,MIKE LAURITZEN
WH624,BRENT WINDER,BENJAMIN J HILLYARD,MIKE LAURITZEN
WH625,BRENT WINDER,BENJAMIN J HILLYARD,MIKE LAURITZEN
WH626,BENJAMIN J HILLYARD,MIKE LAURITZEN,BRENT WINDER
WH627,BRENT WINDER,BENJAMIN J HILLYARD,MIKE LAURITZEN
WH628,BENJAMIN J HILLYARD,MIKE LAURITZEN,BRENT WINDER
WH629,MIKE LAURITZEN,BENJAMIN J HILLYARD,BRENT WINDER
WH630,BRENT WINDER,BENJAMIN J HILLYARD,skipped
WH631,BRENT WINDER,BENJAMIN J HILLYARD,skipped
WH632,BRENT WINDER,BENJAMIN J HILLYARD,MIKE LAURITZEN
WH633,MIKE LAURITZEN,BENJAMIN J HILLYARD,skipped
WH634,BRENT WINDER,BENJAMIN J HILLYARD,skipped
WH635,BRENT WINDER,BENJAMIN J HILLYARD,skipped
WH636,BRENT WINDER,BENJAMIN J HILLYARD,skipped
WH637,BENJAMIN J HILLYARD,BRENT WINDER,MIKE LAURITZEN
WH638,BRENT WINDER,BENJAMIN J HILLYARD,MIKE LAURITZEN
WH639,BRENT WINDER,MIKE LAURITZEN,skipped
WH640,BRENT WINDER,MIKE LAURITZEN,skipped
WH641,BENJAMIN J HILLYARD,BRENT WINDER,skipped
WH642,BRENT WINDER,skipped,skipped
WH643,MIKE LAURITZEN,BENJAMIN J HILLYARD,BRENT WINDER
WH644,BRENT WINDER,BENJAMIN J HILLYARD,MIKE LAURITZEN
WH645,BENJAMIN J HILLYARD,skipped,skipped
WH646,BENJAMIN J HILLYARD,skipped,skipped
WH647,BENJAMIN J HILLYARD,MIKE LAURITZEN,BRENT WINDER
WH648,BENJAMIN J HILLYARD,MIKE LAURITZEN,BRENT WINDER
WH649,BRENT WINDER,BENJAMIN J HILLYARD,MIKE LAURITZEN
WH650,BRENT WINDER,MIKE LAURITZEN,BENJAMIN J HILLYARD
WH651,BRENT WINDER,BENJAMIN J HILLYARD,MIKE LAURITZEN
WH652,BENJAMIN J HILLYARD,BRENT WINDER,skipped
WH653,BRENT WINDER,BENJAMIN J HILLYARD,MIKE LAURITZEN
WH654,BRENT WINDER,BENJAMIN J HILLYARD,MIKE LAURITZEN
WH655,BRENT WINDER,MIKE LAURITZEN,BENJAMIN J HILLYARD
WH656,MIKE LAURITZEN,BRENT WINDER,BENJAMIN J HILLYARD
WH657,BRENT WINDER,BENJAMIN J HILLYARD,MIKE LAURITZEN
WH658,BRENT WINDER,BENJAMIN J HILLYARD,MIKE LAURITZEN
