ballotID,ward,rank1,rank2,rank3,rank4
24,300,Randy Gibson,Alex Hadden,Mimi Diez,skipped
26,300,Mimi Diez,skipped,skipped,skipped
39,300,Randy Gibson,Alex Hadden,Mimi Diez,skipped
47,300,Randy Gibson,Mimi Diez,Alex Hadden,skipped
53,300,Randy Gibson,skipped,skipped,skipped
56,300,Alex Hadden,Mimi Diez,Randy Gibson,skipped
57,300,Alex Hadden,Mimi Diez,Randy Gibson,skipped
60,300,Randy Gibson,Mimi Diez,Alex Hadden,skipped
64,300,Randy Gibson,Mimi Diez,Alex Hadden,skipped
65,300,Randy Gibson,Mimi Diez,Alex Hadden,skipped
67,300,Randy Gibson,Mimi Diez,Alex Hadden,skipped
74,300,Randy Gibson,Mimi Diez,Alex Hadden,skipped
83,300,Mimi Diez,Randy Gibson,skipped,skipped
84,300,Alex Hadden,Randy Gibson,skipped,skipped
87,300,Mimi Diez,Randy Gibson,skipped,skipped
93,300,Randy Gibson,Mimi Diez,skipped,skipped
96,300,Randy Gibson,Alex Hadden,Mimi Diez,skipped
106,300,Alex Hadden,Mimi Diez,Randy Gibson,skipped
107,300,Mimi Diez,Alex Hadden,Randy Gibson,skipped
109,300,Randy Gibson,skipped,skipped,skipped
114,300,Randy Gibson,Randy Gibson,Randy Gibson,Randy Gibson
119,300,Randy Gibson,skipped,skipped,skipped
127,300,Mimi Diez,Randy Gibson,Alex Hadden,skipped
134,300,Randy Gibson,Alex Hadden,skipped,skipped
149,300,Randy Gibson,Mimi Diez,skipped,skipped
154,300,Randy Gibson,Alex Hadden,skipped,skipped
159,300,Mimi Diez,Randy Gibson,Alex Hadden,skipped
161,300,Mimi Diez,Randy Gibson,Alex Hadden,skipped
162,300,Mimi Diez,Randy Gibson,Alex Hadden,skipped
186,300,Alex Hadden,Randy Gibson,Mimi Diez,skipped
188,300,Mimi Diez,skipped,skipped,skipped
189,300,Mimi Diez,skipped,skipped,skipped
192,300,Mimi Diez,Alex Hadden,skipped,skipped
198,300,Randy Gibson,Mimi Diez,skipped,skipped
199,300,Randy Gibson,Alex Hadden,skipped,skipped
208,300,Mimi Diez,Randy Gibson,skipped,skipped
211,300,Randy Gibson,Alex Hadden,skipped,skipped
216,300,Randy Gibson,Mimi Diez,Alex Hadden,skipped
220,300,Mimi Diez,Alex Hadden,skipped,skipped
222,300,Mimi Diez,Randy Gibson,Alex Hadden,skipped
225,300,Randy Gibson,skipped,skipped,skipped
236,300,Mimi Diez,Randy Gibson,skipped,skipped
241,300,Mimi Diez,skipped,skipped,skipped
245,300,Randy Gibson,Alex Hadden,skipped,skipped
246,300,Alex Hadden,Randy Gibson,Mimi Diez,skipped
249,300,Alex Hadden,Mimi Diez,skipped,skipped
255,300,Alex Hadden,Randy Gibson,Mimi Diez,skipped
256,300,Randy Gibson,Alex Hadden,Mimi Diez,skipped
257,300,Randy Gibson,Alex Hadden,skipped,skipped
258,300,Mimi Diez,Alex Hadden,skipped,skipped
259,300,Alex Hadden,Mimi Diez,Randy Gibson,skipped
262,300,Randy Gibson,Mimi Diez,Alex Hadden,skipped
273,300,Randy Gibson,Alex Hadden,Mimi Diez,skipped
282,300,Mimi Diez,Randy Gibson,Alex Hadden,skipped
286,300,Mimi Diez,skipped,skipped,skipped
289,300,Randy Gibson,Mimi Diez,skipped,skipped
295,300,Randy Gibson,Alex Hadden,Mimi Diez,skipped
296,300,Mimi Diez,Randy Gibson,skipped,skipped
298,300,Mimi Diez,Alex Hadden,skipped,skipped
303,300,Mimi Diez,skipped,skipped,skipped
305,300,Randy Gibson,Mimi Diez,Alex Hadden,skipped
312,300,Alex Hadden,Randy Gibson,Mimi Diez,skipped
315,300,Mimi Diez,Alex Hadden,skipped,skipped
319,300,Alex Hadden,Randy Gibson,Mimi Diez,skipped
320,300,Randy Gibson,Mimi Diez,Alex Hadden,skipped
321,300,Randy Gibson,Alex Hadden,skipped,skipped
324,300,Randy Gibson,Alex Hadden,Mimi Diez,skipped
326,300,Randy Gibson,Randy Gibson,Randy Gibson,Randy Gibson
327,300,Alex Hadden,Mimi Diez,Randy Gibson,skipped
336,300,Randy Gibson,Mimi Diez,skipped,skipped
337,300,Randy Gibson,skipped,skipped,skipped
352,300,Alex Hadden,Mimi Diez,skipped,skipped
355,300,Mimi Diez,skipped,skipped,skipped
360,300,Randy Gibson,WRITE-IN22,Mimi Diez]Alex Hadden,Mimi Diez
362,300,Randy Gibson,skipped,skipped,skipped
363,300,Randy Gibson,Mimi Diez,skipped,skipped
369,300,Randy Gibson,WRITE-IN24,skipped,skipped
371,300,Alex Hadden,Randy Gibson,Mimi Diez,skipped
377,300,Randy Gibson,skipped,skipped,skipped
404,300,Randy Gibson,Mimi Diez,Alex Hadden,skipped
413,300,Mimi Diez,skipped,skipped,skipped
414,300,Mimi Diez,skipped,skipped,skipped
415,300,Mimi Diez,skipped,skipped,skipped
432,300,Randy Gibson,skipped,skipped,skipped
439,300,Randy Gibson,Alex Hadden,skipped,skipped
454,300,Randy Gibson,Alex Hadden,Mimi Diez,skipped
455,300,Randy Gibson,skipped,skipped,skipped
460,300,Mimi Diez,skipped,skipped,skipped
463,300,Randy Gibson,Mimi Diez,Alex Hadden,skipped
465,300,Mimi Diez,skipped,skipped,skipped
469,300,Mimi Diez,Randy Gibson,Alex Hadden,skipped
479,300,Mimi Diez,Alex Hadden,skipped,Randy Gibson
484,300,Randy Gibson,skipped,skipped,skipped
498,300,Randy Gibson,Alex Hadden,Mimi Diez,skipped
499,300,Randy Gibson,Mimi Diez,Alex Hadden,skipped
503,300,Alex Hadden,Mimi Diez,Randy Gibson,skipped
507,300,Mimi Diez,skipped,skipped,skipped
513,300,Alex Hadden,Mimi Diez,skipped,skipped
514,300,Mimi Diez,Randy Gibson,Alex Hadden,skipped
517,300,Alex Hadden,Randy Gibson,Mimi Diez,skipped
520,300,Mimi Diez,Alex Hadden,Randy Gibson,skipped
537,300,Mimi Diez,Alex Hadden,WRITE-IN50,skipped
538,300,Mimi Diez,Alex Hadden,skipped,skipped
539,300,Randy Gibson,Mimi Diez,Alex Hadden,skipped
549,300,Randy Gibson,Mimi Diez,Alex Hadden,skipped
551,300,Randy Gibson,Mimi Diez,skipped,skipped
552,300,Randy Gibson,skipped,skipped,skipped
553,300,Randy Gibson,skipped,skipped,skipped
556,300,Randy Gibson,Mimi Diez,Alex Hadden,skipped
557,300,Randy Gibson,Alex Hadden,Mimi Diez,skipped
558,300,Mimi Diez,Randy Gibson,Alex Hadden,skipped
560,300,Alex Hadden,Mimi Diez,skipped,skipped
561,300,Alex Hadden,Randy Gibson,Randy Gibson,skipped
563,300,Mimi Diez,Alex Hadden,Randy Gibson,skipped
569,300,Alex Hadden,WRITE-IN55,skipped,skipped
571,300,Randy Gibson,skipped,skipped,skipped
581,300,Mimi Diez,Alex Hadden,Randy Gibson,skipped
588,300,Randy Gibson,Alex Hadden,Mimi Diez,skipped
591,300,Mimi Diez,Randy Gibson,Alex Hadden,skipped
596,300,Randy Gibson,Mimi Diez,Alex Hadden,skipped
597,300,Randy Gibson,skipped,skipped,skipped
598,300,Randy Gibson,skipped,skipped,skipped
599,300,WRITE-IN57,skipped,skipped,skipped
600,300,Randy Gibson,skipped,skipped,skipped
605,300,Alex Hadden,Randy Gibson,Mimi Diez,skipped
606,300,Alex Hadden,Mimi Diez,Randy Gibson,skipped
611,300,Mimi Diez,Randy Gibson,Alex Hadden,skipped
618,300,Mimi Diez,Randy Gibson,Alex Hadden,skipped
620,300,Alex Hadden,Mimi Diez,skipped,skipped
621,300,Alex Hadden,Randy Gibson,Mimi Diez,skipped
625,300,Randy Gibson,Alex Hadden,Mimi Diez,skipped
626,300,Mimi Diez,Randy Gibson,Alex Hadden,skipped
640,300,Randy Gibson,skipped,skipped,skipped
641,300,Randy Gibson,Alex Hadden,Mimi Diez,skipped
642,300,Alex Hadden,Randy Gibson,Mimi Diez,skipped
643,300,Alex Hadden,Randy Gibson,skipped,skipped
645,300,Randy Gibson,Alex Hadden,Mimi Diez,skipped
646,300,Alex Hadden,Mimi Diez,Randy Gibson,skipped
648,300,Randy Gibson,Alex Hadden,Mimi Diez,skipped
654,300,Randy Gibson,Mimi Diez,Alex Hadden,skipped
656,300,Mimi Diez,Randy Gibson,Alex Hadden,skipped
682,300,Mimi Diez,Randy Gibson,Alex Hadden,skipped
687,300,Alex Hadden,Randy Gibson,Mimi Diez,skipped
693,300,Mimi Diez,Alex Hadden,skipped,skipped
694,300,Alex Hadden,Randy Gibson,Mimi Diez,skipped
695,300,Mimi Diez,Alex Hadden,Randy Gibson,skipped
697,300,Alex Hadden,Randy Gibson,Mimi Diez,skipped
702,300,Randy Gibson,skipped,skipped,skipped
703,300,Randy Gibson,skipped,skipped,skipped
708,300,Randy Gibson,Mimi Diez,Alex Hadden,skipped
709,300,Randy Gibson,Mimi Diez,Alex Hadden,skipped
712,300,Alex Hadden,Mimi Diez,skipped,skipped
714,300,Randy Gibson,skipped,skipped,skipped
717,300,Alex Hadden,Mimi Diez,Randy Gibson,skipped
718,300,Alex Hadden,skipped,skipped,skipped
733,300,Alex Hadden,Mimi Diez,Randy Gibson,skipped
738,300,Mimi Diez,skipped,skipped,skipped
747,300,Randy Gibson,Alex Hadden,skipped,skipped
749,300,Randy Gibson,Alex Hadden,skipped,skipped
756,300,Mimi Diez,Randy Gibson,skipped,skipped
757,300,Mimi Diez,Randy Gibson,Alex Hadden,skipped
762,300,Alex Hadden,Randy Gibson,Mimi Diez,skipped
766,300,Mimi Diez,Randy Gibson,Alex Hadden,skipped
768,300,Randy Gibson,Alex Hadden,skipped,skipped
772,300,Mimi Diez,Randy Gibson,skipped,skipped
781,300,Alex Hadden,Randy Gibson,skipped,skipped
782,300,Randy Gibson,Mimi Diez,Alex Hadden,skipped
783,300,Mimi Diez,skipped,skipped,skipped
784,300,Randy Gibson,Mimi Diez,skipped,skipped
787,300,Randy Gibson,Mimi Diez,skipped,skipped
791,300,Randy Gibson,Mimi Diez,Alex Hadden,skipped
794,300,Mimi Diez,skipped,skipped,skipped
797,300,Mimi Diez,Alex Hadden,Randy Gibson,skipped
804,300,Mimi Diez,Randy Gibson,Alex Hadden,skipped
805,300,Mimi Diez,Alex Hadden,Randy Gibson,skipped
809,300,Randy Gibson,Mimi Diez,Alex Hadden,skipped
816,300,Mimi Diez,skipped,skipped,skipped
817,300,Mimi Diez,Randy Gibson,skipped,skipped
818,300,Mimi Diez,skipped,skipped,skipped
820,300,Mimi Diez,Randy Gibson,skipped,skipped
821,300,Alex Hadden,Randy Gibson,skipped,skipped
822,300,Mimi Diez,Randy Gibson,Alex Hadden,skipped
823,300,Mimi Diez,Randy Gibson,skipped,skipped
830,300,Mimi Diez,skipped,skipped,skipped
832,300,Alex Hadden,Randy Gibson,Mimi Diez,skipped
834,300,Randy Gibson,Mimi Diez,skipped,skipped
837,300,Alex Hadden,Mimi Diez,Randy Gibson,skipped
845,300,Randy Gibson,Mimi Diez,Alex Hadden,skipped
847,300,Randy Gibson,Alex Hadden,skipped,skipped
848,300,Randy Gibson,Mimi Diez,Alex Hadden,skipped
850,300,Randy Gibson,Alex Hadden,skipped,skipped
851,300,Alex Hadden,Mimi Diez,Randy Gibson,skipped
853,300,Alex Hadden,Randy Gibson,Mimi Diez,skipped
856,300,Mimi Diez,Alex Hadden,skipped,skipped
872,300,Mimi Diez,skipped,skipped,skipped
874,300,Randy Gibson,Mimi Diez,Alex Hadden,skipped
877,300,Alex Hadden,skipped,skipped,skipped
882,300,Alex Hadden,Mimi Diez,Randy Gibson,skipped
888,300,Mimi Diez,Alex Hadden,Randy Gibson,skipped
907,300,Mimi Diez,Alex Hadden,Randy Gibson,skipped
910,300,Mimi Diez,skipped,skipped,skipped
914,300,Randy Gibson,skipped,skipped,skipped
920,300,Mimi Diez,Alex Hadden,skipped,skipped
921,300,Mimi Diez,Alex Hadden,skipped,skipped
930,300,Randy Gibson,Alex Hadden,Mimi Diez,skipped
946,300,Randy Gibson,Mimi Diez,Alex Hadden,skipped
954,300,Mimi Diez,skipped,skipped,skipped
956,300,Randy Gibson,Alex Hadden,Mimi Diez,skipped
957,300,Mimi Diez,skipped,skipped,skipped
960,300,Randy Gibson,Mimi Diez,Alex Hadden,skipped
966,300,Mimi Diez,skipped,skipped,skipped
972,300,Mimi Diez,Randy Gibson,Alex Hadden,skipped
976,300,Mimi Diez,skipped,skipped,skipped
977,300,Randy Gibson,skipped,skipped,skipped
988,300,Randy Gibson,skipped,skipped,skipped
990,300,Randy Gibson,Alex Hadden,Mimi Diez,skipped
997,300,Mimi Diez,Alex Hadden,Randy Gibson,skipped
999,300,Randy Gibson,Alex Hadden,skipped,skipped
1009,300,Randy Gibson,Mimi Diez,skipped,skipped
1010,300,Randy Gibson,Alex Hadden,skipped,skipped
1014,300,Mimi Diez,Alex Hadden,skipped,skipped
1015,300,Randy Gibson,Alex Hadden,WRITE-IN87,Mimi Diez
1016,300,Alex Hadden,Randy Gibson,Mimi Diez,skipped
1017,300,Randy Gibson,Alex Hadden,WRITE-IN89,Mimi Diez
1020,300,Randy Gibson,skipped,skipped,skipped
1021,300,Randy Gibson,skipped,skipped,skipped
1031,300,Randy Gibson,Alex Hadden,skipped,skipped
1032,300,Randy Gibson,skipped,skipped,skipped
1037,300,Randy Gibson,skipped,skipped,skipped
1039,300,Randy Gibson,Alex Hadden,skipped,skipped
1040,300,Randy Gibson,Mimi Diez,Alex Hadden,skipped
1041,300,Randy Gibson,Mimi Diez,Alex Hadden,skipped
1042,300,Mimi Diez,skipped,skipped,skipped
1043,300,Randy Gibson,Alex Hadden,skipped,skipped
1050,300,Alex Hadden,Mimi Diez,skipped,skipped
1052,300,Randy Gibson,skipped,skipped,skipped
1064,300,Alex Hadden,Mimi Diez,Randy Gibson,skipped
1067,300,Randy Gibson,Mimi Diez,Alex Hadden,skipped
1069,300,Randy Gibson,Alex Hadden,Mimi Diez,skipped
1072,300,Mimi Diez,Randy Gibson,Alex Hadden,skipped
1077,300,Mimi Diez,Alex Hadden,Randy Gibson,skipped
1080,300,Mimi Diez,Alex Hadden,skipped,skipped
1085,300,Randy Gibson,Mimi Diez,skipped,skipped
1086,300,Alex Hadden,Mimi Diez,skipped,skipped
1089,300,Mimi Diez,Randy Gibson,skipped,skipped
1094,300,Mimi Diez,Randy Gibson,Alex Hadden,skipped
1096,300,Randy Gibson,Mimi Diez,Alex Hadden,skipped
1101,300,Mimi Diez,Randy Gibson,Alex Hadden,skipped
1112,300,Randy Gibson,Alex Hadden,skipped,skipped
1115,300,Mimi Diez,skipped,skipped,skipped
1118,300,Randy Gibson,Mimi Diez,skipped,skipped
1119,300,Randy Gibson,Mimi Diez,skipped,skipped
1122,300,Mimi Diez,Alex Hadden,Randy Gibson,skipped
1124,300,Mimi Diez,skipped,skipped,skipped
1126,300,Mimi Diez,Alex Hadden,skipped,skipped
1129,300,Alex Hadden,Mimi Diez,Randy Gibson,skipped
1145,300,Randy Gibson,skipped,skipped,skipped
1146,300,Mimi Diez,Alex Hadden,skipped,skipped
1147,300,Mimi Diez,Randy Gibson,Alex Hadden,skipped
1149,300,Mimi Diez,Randy Gibson,skipped,skipped
1151,300,Alex Hadden,Randy Gibson,skipped,skipped
1161,300,Randy Gibson,skipped,skipped,skipped
1162,300,Alex Hadden,skipped,skipped,skipped
1170,300,Randy Gibson,Mimi Diez,skipped,skipped
1180,300,Alex Hadden,Mimi Diez,Randy Gibson,skipped
1185,300,Alex Hadden,Randy Gibson,skipped,skipped
1189,300,Randy Gibson,Mimi Diez,Alex Hadden,skipped
1193,300,Randy Gibson,Mimi Diez,Alex Hadden,skipped
1194,300,Randy Gibson,skipped,skipped,skipped
1195,300,Mimi Diez,Randy Gibson,skipped,skipped
1202,300,Mimi Diez,Alex Hadden,skipped,skipped
1206,300,Randy Gibson,Alex Hadden,skipped,skipped
1208,300,Alex Hadden,Mimi Diez,Randy Gibson,skipped
1212,300,Alex Hadden,Randy Gibson,skipped,skipped
1213,300,Mimi Diez,Randy Gibson,Alex Hadden,skipped
1216,300,Randy Gibson,Alex Hadden,Mimi Diez,skipped
1238,300,Randy Gibson,Alex Hadden,skipped,skipped
1250,300,Mimi Diez,skipped,skipped,skipped
1254,300,Mimi Diez,Alex Hadden,Randy Gibson,skipped
1255,300,Mimi Diez,Randy Gibson,skipped,skipped
1257,300,Randy Gibson,Mimi Diez,Alex Hadden,skipped
1258,300,Mimi Diez,Alex Hadden,Randy Gibson,skipped
1262,300,Alex Hadden,Randy Gibson,Mimi Diez,skipped
1275,300,Alex Hadden,Mimi Diez,Randy Gibson,skipped
1279,300,Randy Gibson,Alex Hadden,WRITE-IN107,skipped
1280,300,Randy Gibson,Alex Hadden,Mimi Diez,skipped
1281,300,Randy Gibson,Alex Hadden,skipped,skipped
1284,300,Randy Gibson,Mimi Diez,Alex Hadden,skipped
1285,300,Randy Gibson,Mimi Diez,skipped,skipped
1287,300,Randy Gibson,Alex Hadden,skipped,skipped
1288,300,Alex Hadden,Randy Gibson,Mimi Diez,skipped
1294,300,Randy Gibson,Mimi Diez,Alex Hadden,skipped
1298,300,Mimi Diez,Alex Hadden,Randy Gibson,skipped
1299,300,Randy Gibson,Alex Hadden,Mimi Diez,skipped
1302,300,Randy Gibson,Alex Hadden,Mimi Diez,skipped
1303,300,Mimi Diez,Randy Gibson,Alex Hadden,skipped
1304,300,Randy Gibson,Mimi Diez,skipped,Alex Hadden
1305,300,Alex Hadden,skipped,skipped,skipped
1306,300,Mimi Diez,Alex Hadden,Randy Gibson,skipped
1309,300,Randy Gibson,skipped,skipped,skipped
1311,300,Randy Gibson,skipped,skipped,skipped
1312,300,Alex Hadden,Mimi Diez,Randy Gibson,skipped
1315,300,Randy Gibson,skipped,skipped,skipped
1324,300,Alex Hadden,Mimi Diez,Randy Gibson,skipped
1326,300,Randy Gibson,Mimi Diez,Alex Hadden,skipped
1327,300,Alex Hadden,Mimi Diez,skipped,skipped
1328,300,Alex Hadden,Mimi Diez,skipped,skipped
1329,300,Randy Gibson,skipped,skipped,skipped
1330,300,Randy Gibson,skipped,skipped,skipped
1332,300,Alex Hadden,Randy Gibson,skipped,skipped
1338,300,Alex Hadden,Randy Gibson,Mimi Diez,skipped
1343,300,Mimi Diez,Randy Gibson,Alex Hadden,skipped
1354,300,Mimi Diez,Randy Gibson,Alex Hadden,skipped
1368,300,Alex Hadden,Mimi Diez,skipped,skipped
1369,300,Mimi Diez,skipped,skipped,skipped
1371,300,Mimi Diez,Randy Gibson,Alex Hadden,skipped
1381,300,Mimi Diez,Randy Gibson,Alex Hadden,skipped
1388,300,Mimi Diez,Randy Gibson,Alex Hadden,skipped
1395,300,Randy Gibson,Alex Hadden,Mimi Diez,skipped
1399,300,Alex Hadden,Mimi Diez,Randy Gibson,skipped
1400,300,Mimi Diez,skipped,skipped,skipped
1401,300,Mimi Diez,Randy Gibson,Alex Hadden,skipped
1402,300,Mimi Diez,skipped,skipped,skipped
1405,300,Randy Gibson,skipped,skipped,skipped
1407,300,Randy Gibson,Alex Hadden,skipped,Mimi Diez
1409,300,Randy Gibson,Mimi Diez,Alex Hadden,skipped
1410,300,Randy Gibson,Alex Hadden,Mimi Diez,skipped
1412,300,Randy Gibson,Alex Hadden,skipped,skipped
1413,300,Mimi Diez,Randy Gibson,Alex Hadden,skipped
1418,300,Mimi Diez,Randy Gibson,Alex Hadden,skipped
1419,300,Randy Gibson,Mimi Diez,Alex Hadden,skipped
1420,300,Randy Gibson,Alex Hadden,Mimi Diez,skipped
1429,300,Alex Hadden,Mimi Diez,Randy Gibson,skipped
1432,300,Alex Hadden,Mimi Diez,skipped,skipped
1433,300,Randy Gibson,skipped,skipped,skipped
1438,300,Randy Gibson,Mimi Diez,skipped,skipped
1440,300,Mimi Diez,Alex Hadden,Randy Gibson,skipped
1443,300,Randy Gibson,Alex Hadden,skipped,skipped
1454,300,Randy Gibson,skipped,skipped,skipped
1457,300,Randy Gibson,Mimi Diez,Alex Hadden,skipped
1458,300,Mimi Diez,Randy Gibson,Alex Hadden,skipped
1459,300,Mimi Diez,Randy Gibson,Alex Hadden,skipped
1460,300,Alex Hadden,Mimi Diez,Randy Gibson,skipped
1468,300,Mimi Diez,Alex Hadden,Randy Gibson,skipped
1469,300,Mimi Diez,Alex Hadden,Randy Gibson,skipped
1470,300,Mimi Diez,Alex Hadden,skipped,skipped
1471,300,Mimi Diez,Randy Gibson,Alex Hadden,skipped
1473,300,Randy Gibson,Mimi Diez,skipped,skipped
1478,300,Randy Gibson,skipped,skipped,skipped
1479,300,Alex Hadden,Mimi Diez,skipped,skipped
1480,300,Mimi Diez,skipped,skipped,skipped
1493,300,Randy Gibson,Mimi Diez,Alex Hadden,skipped
1494,300,Mimi Diez,Alex Hadden,Alex Hadden,skipped
1495,300,Mimi Diez,Randy Gibson,Alex Hadden,skipped
1499,300,Alex Hadden,Randy Gibson,Mimi Diez,skipped
1500,300,Alex Hadden,Randy Gibson,Mimi Diez,skipped
1507,300,Randy Gibson,Alex Hadden,Mimi Diez,skipped
1509,300,Mimi Diez,Alex Hadden,Randy Gibson,skipped
1521,300,Randy Gibson,Mimi Diez,Alex Hadden,skipped
1526,300,Mimi Diez,Alex Hadden,skipped,skipped
1527,300,Alex Hadden,skipped,skipped,skipped
1538,300,Mimi Diez,Randy Gibson,skipped,skipped
1541,300,Randy Gibson,skipped,skipped,skipped
1547,300,Alex Hadden,Mimi Diez,Randy Gibson,skipped
1549,300,Mimi Diez,Alex Hadden,Randy Gibson,skipped
1550,300,Mimi Diez,Randy Gibson,Alex Hadden,skipped
1551,300,Randy Gibson,Alex Hadden,Mimi Diez,skipped
1555,300,Randy Gibson,Alex Hadden,Mimi Diez,skipped
1561,300,Alex Hadden,skipped,skipped,skipped
1564,300,Randy Gibson,Mimi Diez,Alex Hadden,skipped
1565,300,Alex Hadden,Mimi Diez,skipped,skipped
1574,300,Randy Gibson,skipped,skipped,skipped
1581,300,Alex Hadden,Mimi Diez,Randy Gibson,skipped
1583,300,Randy Gibson,skipped,skipped,skipped
1590,300,Alex Hadden,skipped,skipped,skipped
1593,300,Randy Gibson,Mimi Diez,Alex Hadden,skipped
1597,300,Mimi Diez,Randy Gibson,skipped,skipped
1612,300,Randy Gibson,Mimi Diez,Alex Hadden,skipped
1628,300,Randy Gibson,Alex Hadden,Mimi Diez,skipped
1630,300,Randy Gibson,Alex Hadden,skipped,skipped
1637,300,Randy Gibson,Mimi Diez,Alex Hadden,skipped
1639,300,Mimi Diez,Alex Hadden,skipped,skipped
1641,300,Randy Gibson,Alex Hadden,Mimi Diez,skipped
1642,300,Mimi Diez,Randy Gibson,Alex Hadden,skipped
1645,300,Randy Gibson,Mimi Diez,Alex Hadden,skipped
1663,300,Randy Gibson,Mimi Diez,Alex Hadden,skipped
1668,300,Randy Gibson,Mimi Diez,Alex Hadden,skipped
1669,300,Randy Gibson,Alex Hadden,skipped,skipped
1670,300,Mimi Diez,Alex Hadden,skipped,Randy Gibson
1675,300,Mimi Diez,Randy Gibson,Alex Hadden,skipped
1679,300,Randy Gibson,skipped,skipped,skipped
1689,300,Mimi Diez,skipped,skipped,skipped
1690,300,Randy Gibson,skipped,skipped,skipped
1693,300,Randy Gibson,Alex Hadden,Mimi Diez,skipped
1694,300,Randy Gibson,Alex Hadden,skipped,skipped
1707,300,Randy Gibson,skipped,skipped,skipped
1711,300,Alex Hadden,Mimi Diez,Randy Gibson,skipped
1717,300,Mimi Diez,Randy Gibson,Alex Hadden,skipped
1720,300,Mimi Diez,Alex Hadden,skipped,skipped
1725,300,Randy Gibson,Alex Hadden,skipped,skipped
1728,300,Mimi Diez,Alex Hadden,skipped,skipped
1730,300,Mimi Diez,Randy Gibson,Alex Hadden,skipped
1731,300,Mimi Diez,Randy Gibson,Alex Hadden,skipped
1732,300,Mimi Diez,Randy Gibson,Alex Hadden,skipped
1737,300,Randy Gibson,Alex Hadden,skipped,skipped
1740,300,Alex Hadden,Randy Gibson,Mimi Diez,skipped
1744,300,Alex Hadden,Mimi Diez,Randy Gibson,skipped
1745,300,Randy Gibson,Mimi Diez,Alex Hadden,skipped
1749,300,Alex Hadden,Randy Gibson,Mimi Diez,skipped
1750,300,Randy Gibson,Alex Hadden,skipped,skipped
1751,300,Randy Gibson,Alex Hadden,skipped,skipped
1753,300,Randy Gibson,skipped,skipped,skipped
1759,300,Randy Gibson,Mimi Diez,Alex Hadden,skipped
1760,300,Randy Gibson,Mimi Diez,Alex Hadden,skipped
1761,300,Randy Gibson,Mimi Diez,skipped,skipped
1762,300,Randy Gibson,skipped,skipped,skipped
1764,300,Randy Gibson,Alex Hadden,Mimi Diez,skipped
1765,300,Randy Gibson,skipped,skipped,skipped
1767,300,Randy Gibson,Alex Hadden,Mimi Diez,skipped
1768,300,Randy Gibson,skipped,skipped,skipped
1774,300,Randy Gibson,Alex Hadden,skipped,skipped
1775,300,Mimi Diez,Alex Hadden,skipped,skipped
1782,300,Randy Gibson,Alex Hadden,Mimi Diez,skipped
1784,300,Randy Gibson,Mimi Diez,skipped,skipped
1787,300,Mimi Diez,Randy Gibson,Alex Hadden,skipped
1813,300,Alex Hadden,Randy Gibson,skipped,skipped
1824,300,Randy Gibson,Mimi Diez,Alex Hadden,skipped
1828,300,Randy Gibson,skipped,skipped,skipped
1832,300,Randy Gibson,Alex Hadden,skipped,skipped
1833,300,Randy Gibson,Alex Hadden,skipped,skipped
1844,300,Randy Gibson,Mimi Diez,Alex Hadden,skipped
1845,300,Mimi Diez,Randy Gibson,Alex Hadden,skipped
1856,300,Randy Gibson,skipped,skipped,skipped
1860,300,Randy Gibson,skipped,skipped,skipped
1881,300,Randy Gibson,skipped,skipped,skipped
1893,300,Randy Gibson,Alex Hadden,skipped,skipped
1896,300,Alex Hadden,Randy Gibson,Mimi Diez,skipped
1899,300,Randy Gibson,Alex Hadden,skipped,skipped
1901,300,Mimi Diez,Alex Hadden,Randy Gibson,skipped
1905,300,Mimi Diez,Alex Hadden,skipped,skipped
1910,300,Randy Gibson,Alex Hadden,Mimi Diez,skipped
1917,300,Alex Hadden,Randy Gibson,Mimi Diez,skipped
1918,300,Randy Gibson,Alex Hadden,skipped,skipped
1929,300,Alex Hadden,skipped,skipped,skipped
1935,300,Mimi Diez,Alex Hadden,skipped,skipped
1936,300,Mimi Diez,Randy Gibson,Alex Hadden,skipped
1937,300,Mimi Diez,Randy Gibson,skipped,skipped
1938,300,Mimi Diez,Randy Gibson,skipped,skipped
1945,300,Randy Gibson,skipped,skipped,skipped
1948,300,Alex Hadden,Mimi Diez,Randy Gibson,skipped
1949,300,Mimi Diez,Randy Gibson,skipped,skipped
1950,300,Alex Hadden,Mimi Diez,skipped,skipped
1958,300,Randy Gibson,Mimi Diez,skipped,skipped
1962,300,Randy Gibson,skipped,skipped,skipped
1965,300,Randy Gibson,Alex Hadden,skipped,skipped
1967,300,Mimi Diez,skipped,skipped,skipped
1968,300,Mimi Diez,skipped,skipped,skipped
1975,300,Mimi Diez,Randy Gibson,skipped,skipped
1981,300,Randy Gibson,skipped,skipped,skipped
1986,300,Mimi Diez,Randy Gibson,Alex Hadden,skipped
1990,300,Mimi Diez,Alex Hadden,Randy Gibson,skipped
1991,300,Alex Hadden,skipped,skipped,skipped
1992,300,Randy Gibson,Mimi Diez,skipped,skipped
1999,300,Mimi Diez,skipped,skipped,skipped
2007,300,Randy Gibson,skipped,skipped,skipped
2008,300,Randy Gibson,Alex Hadden,skipped,skipped
2033,300,Randy Gibson,Mimi Diez,Alex Hadden,skipped
2035,300,Mimi Diez,Alex Hadden,skipped,skipped
2036,300,Mimi Diez,Alex Hadden,Randy Gibson,skipped
2044,300,Randy Gibson,Mimi Diez,skipped,skipped
2045,300,Randy Gibson,skipped,skipped,skipped
2046,300,Randy Gibson,Mimi Diez,Alex Hadden,skipped
2047,300,Mimi Diez,Randy Gibson,Alex Hadden,skipped
2048,300,Randy Gibson,Alex Hadden,skipped,skipped
2049,300,Randy Gibson,Mimi Diez,skipped,skipped
2050,300,Randy Gibson,skipped,skipped,skipped
2051,300,Randy Gibson,Mimi Diez,Alex Hadden,skipped
2053,300,Alex Hadden,Randy Gibson,Mimi Diez,skipped
2056,300,Randy Gibson,Alex Hadden,Mimi Diez,skipped
2058,300,Randy Gibson,Alex Hadden,Mimi Diez,skipped
2067,300,Mimi Diez,skipped,skipped,skipped
2083,300,Alex Hadden,Mimi Diez,Randy Gibson,skipped
2084,300,Alex Hadden,Mimi Diez,Randy Gibson,skipped
2088,300,Mimi Diez,Alex Hadden,Randy Gibson,skipped
2101,300,Randy Gibson,Mimi Diez,Alex Hadden,skipped
2102,300,Mimi Diez,Randy Gibson,Alex Hadden,skipped
2103,300,Mimi Diez,WRITE-IN151,Randy Gibson,Alex Hadden
2104,300,Mimi Diez,Randy Gibson,Alex Hadden,skipped
2105,300,Mimi Diez,Alex Hadden,Randy Gibson,skipped
2111,300,Alex Hadden,Mimi Diez,Randy Gibson,skipped
2126,300,Randy Gibson,Alex Hadden,skipped,skipped
2127,300,Randy Gibson,Alex Hadden,Mimi Diez,skipped
2128,300,Randy Gibson,skipped,skipped,skipped
2129,300,Randy Gibson,Mimi Diez,Alex Hadden,skipped
2134,300,Randy Gibson,skipped,skipped,skipped
2139,300,Randy Gibson,Alex Hadden,skipped,skipped
2145,300,Randy Gibson,Alex Hadden,Mimi Diez,skipped
2147,300,Randy Gibson,Mimi Diez,Alex Hadden,skipped
2148,300,Mimi Diez,Randy Gibson,skipped,skipped
2154,300,Randy Gibson,skipped,skipped,skipped
2155,300,Randy Gibson,Alex Hadden,Mimi Diez,skipped
2161,300,Mimi Diez,Randy Gibson,Alex Hadden,skipped
2162,300,Mimi Diez,Randy Gibson,Alex Hadden,skipped
2167,300,Randy Gibson,Mimi Diez,skipped,skipped
2175,300,Mimi Diez,Alex Hadden,skipped,skipped
2176,300,Randy Gibson,Alex Hadden,Mimi Diez,skipped
2179,300,Randy Gibson,Alex Hadden,skipped,skipped
2183,300,Randy Gibson,Alex Hadden,skipped,skipped
2191,300,Alex Hadden,Mimi Diez,Randy Gibson,skipped
2199,300,Randy Gibson,skipped,skipped,skipped
2200,300,Randy Gibson,Alex Hadden,Mimi Diez,skipped
2206,300,Alex Hadden,Mimi Diez,Randy Gibson,skipped
2211,300,Alex Hadden,skipped,skipped,skipped
2213,300,Alex Hadden,Randy Gibson,Mimi Diez,skipped
2225,300,Alex Hadden,Mimi Diez,Randy Gibson,skipped
2229,300,Mimi Diez,Randy Gibson,Alex Hadden,skipped
2231,300,Randy Gibson,Mimi Diez,skipped,skipped
2237,300,Randy Gibson,skipped,skipped,skipped
2256,300,Randy Gibson,Mimi Diez,Alex Hadden,skipped
2258,300,Randy Gibson,skipped,skipped,skipped
2270,300,Mimi Diez,Alex Hadden,skipped,skipped
2277,300,Randy Gibson,Alex Hadden,Mimi Diez,skipped
2281,300,Randy Gibson,Mimi Diez,Alex Hadden,skipped
2282,300,Randy Gibson,Mimi Diez,Alex Hadden,skipped
2285,300,Randy Gibson,Mimi Diez,Alex Hadden,skipped
2296,300,Randy Gibson,Alex Hadden,skipped,skipped
2302,300,Randy Gibson,Alex Hadden,skipped,skipped
2303,300,Randy Gibson,Alex Hadden,skipped,skipped
2319,300,Alex Hadden,Mimi Diez,skipped,skipped
2322,300,Randy Gibson,WRITE-IN166,Mimi Diez,skipped
2323,300,Alex Hadden,Mimi Diez,Randy Gibson,skipped
2329,300,Mimi Diez,Alex Hadden,Randy Gibson,skipped
2335,300,Mimi Diez,skipped,skipped,skipped
2336,300,Randy Gibson,Mimi Diez,Alex Hadden,skipped
2339,300,Randy Gibson,Mimi Diez,skipped,skipped
2343,300,Mimi Diez,Randy Gibson,Alex Hadden,skipped
2346,300,Randy Gibson,Alex Hadden,Mimi Diez,skipped
2347,300,Randy Gibson,Alex Hadden,skipped,skipped
2351,300,Randy Gibson,Mimi Diez,Alex Hadden,skipped
2352,300,Randy Gibson,Mimi Diez,Alex Hadden,skipped
2355,300,Mimi Diez,Randy Gibson,Alex Hadden,skipped
2356,300,Mimi Diez,Alex Hadden,Randy Gibson,skipped
2363,300,Randy Gibson,skipped,skipped,skipped
2385,300,Randy Gibson,Mimi Diez,Alex Hadden,skipped
2387,300,Randy Gibson,Mimi Diez,Alex Hadden,skipped
2389,300,Mimi Diez,Alex Hadden,Randy Gibson,skipped
2409,300,Randy Gibson,Alex Hadden,Mimi Diez,skipped
2415,300,Alex Hadden,Randy Gibson,Mimi Diez,skipped
2421,300,Randy Gibson,Mimi Diez,skipped,skipped
2432,300,Mimi Diez,skipped,skipped,skipped
2442,300,Mimi Diez,skipped,skipped,skipped
2455,300,Randy Gibson,Mimi Diez,Alex Hadden,skipped
2457,300,Randy Gibson,Mimi Diez,Alex Hadden,skipped
2463,300,Randy Gibson,Mimi Diez,Alex Hadden,skipped
2465,300,Alex Hadden,Mimi Diez,Randy Gibson,skipped
2472,300,Alex Hadden,Randy Gibson,skipped,skipped
2480,300,Mimi Diez,skipped,skipped,skipped
2482,300,Randy Gibson,Mimi Diez,skipped,skipped
2486,300,Randy Gibson,skipped,skipped,skipped
2490,300,Mimi Diez,skipped,skipped,skipped
2502,300,Mimi Diez,Alex Hadden,skipped,skipped
2505,300,Mimi Diez,Alex Hadden,Randy Gibson,skipped
2507,300,Mimi Diez,Alex Hadden,Randy Gibson,skipped
2513,300,Alex Hadden,Mimi Diez,skipped,skipped
2515,300,Alex Hadden,Mimi Diez,Randy Gibson,skipped
2520,300,Mimi Diez,Randy Gibson,Alex Hadden,skipped
2526,300,Randy Gibson,skipped,skipped,skipped
2530,300,Randy Gibson,Mimi Diez,Alex Hadden,skipped
2556,300,Mimi Diez,Alex Hadden,Randy Gibson,skipped
2558,300,Randy Gibson,Mimi Diez,skipped,skipped
2600,300,Mimi Diez,skipped,skipped,skipped
2604,300,Mimi Diez,Alex Hadden,Randy Gibson,skipped
2620,300,Randy Gibson,Mimi Diez,Alex Hadden,skipped
2638,300,Mimi Diez,Randy Gibson,Alex Hadden,skipped
2645,300,Randy Gibson,Mimi Diez,Alex Hadden,skipped
2647,300,Randy Gibson,Mimi Diez,Alex Hadden,skipped
2651,300,Mimi Diez,Randy Gibson,skipped,skipped
2657,300,Randy Gibson,Mimi Diez,Alex Hadden,skipped
2659,300,Randy Gibson,Mimi Diez,Alex Hadden,skipped
2664,300,Randy Gibson,Mimi Diez,Alex Hadden,skipped
2665,300,Randy Gibson,Mimi Diez,Alex Hadden,skipped
2667,300,Randy Gibson,Mimi Diez,Alex Hadden,skipped
2669,300,Randy Gibson,Mimi Diez,Alex Hadden,skipped
2679,300,Randy Gibson,Mimi Diez,skipped,skipped
2680,300,Randy Gibson,Mimi Diez,Alex Hadden,skipped
2695,300,Alex Hadden,Mimi Diez,skipped,skipped
2699,300,Randy Gibson,Alex Hadden,skipped,skipped
2700,300,Mimi Diez,Randy Gibson,Alex Hadden,skipped
2702,300,Mimi Diez,skipped,skipped,skipped
2706,300,Randy Gibson,Mimi Diez,Alex Hadden,skipped
2721,300,Mimi Diez,Randy Gibson,Alex Hadden,skipped
2723,300,Mimi Diez,Randy Gibson,skipped,skipped
2731,300,Mimi Diez,Mimi Diez,Mimi Diez,skipped
2736,300,Mimi Diez,Alex Hadden,Randy Gibson,skipped
2739,300,Mimi Diez,Randy Gibson,Alex Hadden,skipped
2752,300,Mimi Diez,skipped,skipped,skipped
2756,300,Alex Hadden,Mimi Diez,skipped,skipped
2760,300,Mimi Diez,skipped,skipped,skipped
2777,300,Randy Gibson,Alex Hadden,skipped,skipped
2783,300,Mimi Diez,Alex Hadden,Randy Gibson,skipped
2785,300,Mimi Diez,Alex Hadden,Randy Gibson,skipped
2789,300,Randy Gibson,Mimi Diez,skipped,skipped
2801,300,Mimi Diez,skipped,skipped,skipped
2807,300,Alex Hadden,Randy Gibson,skipped,skipped
2811,300,Alex Hadden,Randy Gibson,Mimi Diez,skipped
2835,300,Randy Gibson,Alex Hadden,WRITE-IN188,skipped
2843,300,Randy Gibson,skipped,skipped,skipped
2847,300,Mimi Diez,Randy Gibson,Alex Hadden,skipped
2858,300,Mimi Diez,Randy Gibson,Alex Hadden,skipped
2888,300,Randy Gibson,Mimi Diez,skipped,skipped
2907,300,Mimi Diez,Alex Hadden,Randy Gibson,skipped
2909,300,Mimi Diez,Alex Hadden,Randy Gibson,skipped
2932,300,Alex Hadden,Mimi Diez,skipped,skipped
2934,300,Alex Hadden,Mimi Diez,Randy Gibson,skipped
2936,300,Alex Hadden,skipped,skipped,skipped
2940,300,Mimi Diez,Alex Hadden,Randy Gibson,skipped
2944,300,Mimi Diez,Randy Gibson,skipped,skipped
2955,300,Alex Hadden,Mimi Diez,Randy Gibson,skipped
2956,300,Randy Gibson,Mimi Diez,Alex Hadden,skipped
2958,300,Mimi Diez,Randy Gibson,Alex Hadden,skipped
2959,300,Alex Hadden,skipped,skipped,skipped
2962,300,Randy Gibson,Mimi Diez,Alex Hadden,skipped
2984,300,Mimi Diez,Randy Gibson,Alex Hadden,skipped
2992,300,Randy Gibson,Alex Hadden,Mimi Diez,skipped
3009,300,Mimi Diez,skipped,skipped,skipped
3026,300,Mimi Diez,Randy Gibson,Alex Hadden,skipped
3028,300,Mimi Diez,skipped,skipped,skipped
3032,300,Mimi Diez,Alex Hadden,skipped,skipped
3042,300,Alex Hadden,Randy Gibson,Mimi Diez,skipped
3044,300,Randy Gibson,skipped,skipped,skipped
3049,300,Randy Gibson,Alex Hadden,skipped,skipped
3071,300,Randy Gibson,Alex Hadden,skipped,skipped
3078,300,Randy Gibson,Mimi Diez,skipped,skipped
3086,300,Randy Gibson,Alex Hadden,skipped,skipped
3092,300,Mimi Diez,Alex Hadden,Randy Gibson,skipped
3096,300,Alex Hadden,Mimi Diez,Randy Gibson,skipped
3097,300,Alex Hadden,Randy Gibson,Mimi Diez,skipped
3112,300,Mimi Diez,Randy Gibson,skipped,skipped
3114,300,Mimi Diez,Randy Gibson,Alex Hadden,skipped
3122,300,Mimi Diez,Alex Hadden,Randy Gibson,skipped
3146,300,Mimi Diez,Randy Gibson,Alex Hadden,skipped
3148,300,Alex Hadden,Randy Gibson,skipped,skipped
3150,300,Randy Gibson,Alex Hadden,skipped,skipped
3174,300,Mimi Diez,Alex Hadden,Randy Gibson,skipped
3176,300,Mimi Diez,Alex Hadden,Randy Gibson,skipped
3178,300,Mimi Diez,Alex Hadden,Randy Gibson,skipped
3192,300,Mimi Diez,skipped,skipped,skipped
3196,300,Randy Gibson,Mimi Diez,Alex Hadden,skipped
3200,300,Alex Hadden,Mimi Diez,Randy Gibson,skipped
3202,300,Mimi Diez,Randy Gibson,Alex Hadden,skipped
3204,300,Mimi Diez,Randy Gibson,skipped,skipped
3206,300,Mimi Diez,Randy Gibson,Alex Hadden,skipped
3214,300,Randy Gibson,skipped,skipped,skipped
3230,300,Alex Hadden,Randy Gibson,skipped,skipped
3237,300,Alex Hadden,Mimi Diez,Randy Gibson,skipped
3239,300,Randy Gibson,Alex Hadden,Mimi Diez,skipped
3243,300,Randy Gibson,Alex Hadden,Mimi Diez,skipped
3244,300,Mimi Diez,Alex Hadden,skipped,skipped
3258,300,Randy Gibson,Alex Hadden,Mimi Diez,skipped
3262,300,Randy Gibson,Mimi Diez,Alex Hadden,skipped
3264,300,Mimi Diez,Randy Gibson,Alex Hadden,skipped
3266,300,Randy Gibson,skipped,skipped,skipped
3272,300,Mimi Diez,Randy Gibson,skipped,skipped
3296,300,Randy Gibson,skipped,skipped,skipped
3325,300,Mimi Diez,skipped,skipped,skipped
3327,300,Mimi Diez,skipped,skipped,skipped
3331,300,Randy Gibson,Alex Hadden,Mimi Diez,skipped
3335,300,Alex Hadden,Randy Gibson,Mimi Diez,skipped
3343,300,Randy Gibson,Alex Hadden,Mimi Diez,skipped
3377,300,Mimi Diez,Alex Hadden,Randy Gibson,skipped
3385,300,Mimi Diez,Randy Gibson,Alex Hadden,skipped
3390,300,Mimi Diez,Mimi Diez]Randy Gibson,Alex Hadden,skipped
3392,300,Mimi Diez,Alex Hadden,Randy Gibson,skipped
3409,300,Randy Gibson,Alex Hadden,Mimi Diez,skipped
3410,300,Randy Gibson,Alex Hadden,skipped,skipped
3417,300,Alex Hadden,skipped,skipped,skipped
3428,300,Alex Hadden,Randy Gibson,skipped,skipped
3438,300,Randy Gibson,Alex Hadden,Mimi Diez,skipped
3448,300,Mimi Diez,Randy Gibson,skipped,skipped
3477,300,Alex Hadden,Mimi Diez,Randy Gibson,skipped
3479,300,Mimi Diez,Randy Gibson,skipped,skipped
3483,300,Randy Gibson,skipped,skipped,skipped
3485,300,Randy Gibson,Mimi Diez,skipped,skipped
3499,300,Randy Gibson,Mimi Diez,skipped,skipped
3506,300,Randy Gibson,skipped,skipped,skipped
3519,300,Alex Hadden,Randy Gibson,skipped,skipped
3521,300,Mimi Diez,Randy Gibson,Alex Hadden,skipped
3523,300,Randy Gibson,Mimi Diez,Alex Hadden,skipped
3551,300,Randy Gibson,Mimi Diez,WRITE-IN209,skipped
3564,300,Randy Gibson,Alex Hadden,Mimi Diez,skipped
3568,300,Mimi Diez,skipped,skipped,skipped
3570,300,Randy Gibson,Mimi Diez,Alex Hadden,skipped
3572,300,Randy Gibson,Mimi Diez,Alex Hadden,skipped
3578,300,Mimi Diez,skipped,skipped,skipped
3582,300,Mimi Diez,skipped,skipped,skipped
3586,300,Mimi Diez,Randy Gibson,Alex Hadden,skipped
3598,300,Mimi Diez,Randy Gibson,skipped,skipped
3600,300,Randy Gibson,Alex Hadden,WRITE-IN212,skipped
3604,300,Randy Gibson,Mimi Diez,Alex Hadden,skipped
3610,300,Alex Hadden,Mimi Diez,Randy Gibson,skipped
3616,300,Randy Gibson,Mimi Diez,Alex Hadden,skipped
3629,300,Mimi Diez,skipped,skipped,skipped
3635,300,Alex Hadden,Randy Gibson,Mimi Diez,skipped
3637,300,Randy Gibson,Alex Hadden,Mimi Diez,skipped
3673,300,Mimi Diez,skipped,skipped,skipped
3683,300,Mimi Diez,Randy Gibson,Alex Hadden,skipped
3691,300,Mimi Diez,Randy Gibson,skipped,skipped
3699,300,Randy Gibson,Mimi Diez,Alex Hadden,skipped
3707,300,Randy Gibson,skipped,skipped,skipped
3714,300,Alex Hadden,Mimi Diez,skipped,skipped
3718,300,Alex Hadden,Mimi Diez,Randy Gibson,skipped
3724,300,Alex Hadden,Mimi Diez,Randy Gibson,skipped
3728,300,Mimi Diez,skipped,skipped,skipped
3730,300,Alex Hadden,Randy Gibson,skipped,skipped
3732,300,Randy Gibson,Mimi Diez,Alex Hadden,skipped
3736,300,Randy Gibson,Alex Hadden,skipped,skipped
3738,300,Alex Hadden,Mimi Diez,Randy Gibson,skipped
3739,300,Alex Hadden,Randy Gibson,Mimi Diez,skipped
3740,300,Alex Hadden,Randy Gibson,skipped,skipped
3741,300,Randy Gibson,Mimi Diez,Alex Hadden,skipped
3746,300,Alex Hadden,Randy Gibson,Mimi Diez,skipped
3748,300,Alex Hadden,Mimi Diez,Randy Gibson,skipped
3751,300,Randy Gibson,Alex Hadden,Mimi Diez,skipped
3753,300,Mimi Diez,Randy Gibson,Alex Hadden,skipped
3761,300,Mimi Diez,skipped,skipped,skipped
3762,300,Mimi Diez,Randy Gibson,Alex Hadden,skipped
3769,300,Mimi Diez,Alex Hadden,Randy Gibson,skipped
3774,300,Mimi Diez,Randy Gibson,Alex Hadden,skipped
3780,300,Randy Gibson,Mimi Diez,skipped,skipped
3781,300,Alex Hadden,Randy Gibson,Mimi Diez,skipped
3782,300,Alex Hadden,Randy Gibson,Mimi Diez,skipped
3796,300,Mimi Diez,Alex Hadden,Randy Gibson,skipped
3797,300,Alex Hadden,Mimi Diez,Randy Gibson,skipped
3799,300,Randy Gibson,Mimi Diez,Alex Hadden,skipped
3800,300,Randy Gibson,Mimi Diez,Alex Hadden,skipped
3803,300,Mimi Diez,skipped,skipped,skipped
3804,300,Mimi Diez,Alex Hadden,skipped,skipped
3810,300,Mimi Diez,skipped,skipped,skipped
3811,300,Mimi Diez,Alex Hadden,skipped,skipped
3816,300,Mimi Diez,skipped,skipped,skipped
3821,300,Randy Gibson,Alex Hadden,Mimi Diez,skipped
3823,300,Alex Hadden,Mimi Diez,skipped,skipped
3825,300,Alex Hadden,Mimi Diez,skipped,skipped
3828,300,Mimi Diez,Randy Gibson,Alex Hadden,skipped
3836,300,Randy Gibson,Alex Hadden,Mimi Diez,skipped
3841,300,Randy Gibson,Alex Hadden,Mimi Diez,skipped
3847,300,Randy Gibson,Mimi Diez,Alex Hadden,skipped
3852,300,Mimi Diez,skipped,skipped,skipped
3853,300,Alex Hadden,skipped,skipped,skipped
3863,300,Mimi Diez,Randy Gibson,Alex Hadden,skipped
3865,300,Mimi Diez,Randy Gibson,skipped,skipped
3873,300,Randy Gibson,Mimi Diez,skipped,skipped
3875,300,Mimi Diez,Randy Gibson,skipped,skipped
3876,300,Mimi Diez,skipped,skipped,skipped
3878,300,Randy Gibson,skipped,skipped,skipped
3881,300,Randy Gibson,Alex Hadden,Mimi Diez,skipped
3893,300,Randy Gibson,skipped,skipped,skipped
3894,300,Randy Gibson,Alex Hadden,skipped,skipped
3895,300,Mimi Diez,Alex Hadden,Randy Gibson,skipped
3904,300,Mimi Diez,Randy Gibson,skipped,skipped
3905,300,Randy Gibson,Alex Hadden,Mimi Diez,skipped
3916,300,Mimi Diez,Randy Gibson,Alex Hadden,skipped
3917,300,Randy Gibson,Mimi Diez,Alex Hadden,skipped
3920,300,Randy Gibson,skipped,skipped,skipped
3931,300,Mimi Diez,Randy Gibson,Alex Hadden,skipped
3942,300,Randy Gibson,skipped,skipped,skipped
3947,300,Mimi Diez,Alex Hadden,Randy Gibson,skipped
3949,300,Randy Gibson,Alex Hadden,skipped,skipped
3950,300,Mimi Diez,Randy Gibson,Alex Hadden,skipped
3953,300,Mimi Diez,Alex Hadden,Randy Gibson,skipped
3954,300,Randy Gibson,Mimi Diez,skipped,skipped
3955,300,Randy Gibson,Mimi Diez,Alex Hadden,skipped
3956,300,Randy Gibson,skipped,skipped,skipped
3963,300,Randy Gibson,Mimi Diez,Alex Hadden,skipped
3965,300,Mimi Diez,Alex Hadden,Randy Gibson,skipped
3968,300,Randy Gibson,Mimi Diez,Alex Hadden,skipped
3971,300,Randy Gibson,Mimi Diez,skipped,skipped
3975,300,Alex Hadden,Randy Gibson,skipped,skipped
3976,300,Randy Gibson,skipped,skipped,skipped
3979,300,Randy Gibson,Mimi Diez,Alex Hadden,skipped
3980,300,Mimi Diez,Randy Gibson,skipped,skipped
3988,300,Alex Hadden,Mimi Diez,Randy Gibson,skipped
3990,300,Mimi Diez,Randy Gibson,skipped,skipped
3991,300,Mimi Diez,Alex Hadden,Randy Gibson,skipped
3997,300,Randy Gibson,skipped,skipped,skipped
3999,300,Randy Gibson,skipped,skipped,skipped
4000,300,Randy Gibson,Alex Hadden,skipped,skipped
4012,300,Randy Gibson,skipped,skipped,skipped
4051,300,Alex Hadden,Mimi Diez,Randy Gibson,skipped
4052,300,Alex Hadden,Mimi Diez,Randy Gibson,skipped
4053,300,Alex Hadden,Randy Gibson,Mimi Diez,skipped
4055,300,Randy Gibson,Alex Hadden,Mimi Diez,skipped
4059,300,Randy Gibson,Alex Hadden,skipped,Mimi Diez
4061,300,Randy Gibson,Mimi Diez,skipped,skipped
4062,300,Alex Hadden,Mimi Diez,skipped,skipped
4063,300,Alex Hadden,Mimi Diez,skipped,skipped
4074,300,Alex Hadden,Mimi Diez,Randy Gibson,skipped
4103,300,Alex Hadden,Randy Gibson,skipped,skipped
4104,300,Alex Hadden,Mimi Diez,Randy Gibson,skipped
4106,300,Randy Gibson,skipped,skipped,skipped
4110,300,Randy Gibson,skipped,skipped,skipped
4117,300,Alex Hadden,skipped,skipped,skipped
4118,300,Alex Hadden,Randy Gibson,skipped,skipped
4119,300,Alex Hadden,Mimi Diez,Randy Gibson,skipped
4121,300,Mimi Diez,skipped,skipped,skipped
4132,300,Alex Hadden,Randy Gibson,Mimi Diez,skipped
4133,300,Alex Hadden,Randy Gibson,Mimi Diez,skipped
4134,300,Randy Gibson,Alex Hadden,Mimi Diez,skipped
4135,300,Mimi Diez,skipped,skipped,skipped
4138,300,Randy Gibson,Alex Hadden,Mimi Diez,skipped
4143,300,Randy Gibson,skipped,skipped,skipped
4155,300,Randy Gibson,skipped,skipped,skipped
4164,300,Mimi Diez,Randy Gibson,Alex Hadden,skipped
4170,300,Randy Gibson,Alex Hadden,skipped,skipped
4171,300,Mimi Diez,Randy Gibson,Alex Hadden,skipped
4174,300,Mimi Diez,Randy Gibson,Alex Hadden,skipped
4179,300,Randy Gibson,Mimi Diez,Alex Hadden,skipped
4182,300,Randy Gibson,Alex Hadden,skipped,skipped
4183,300,Randy Gibson,Alex Hadden,skipped,skipped
4193,300,Alex Hadden,Mimi Diez,skipped,skipped
4194,300,Alex Hadden,Randy Gibson,Mimi Diez,skipped
4196,300,Mimi Diez,Randy Gibson,skipped,skipped
4198,300,Mimi Diez,skipped,skipped,skipped
4200,300,Mimi Diez,Randy Gibson,skipped,skipped
4201,300,Alex Hadden,skipped,skipped,skipped
4202,300,Randy Gibson,Alex Hadden,Mimi Diez,skipped
4206,300,Randy Gibson,Mimi Diez,Alex Hadden,skipped
4208,300,Randy Gibson,Mimi Diez,skipped,skipped
4215,300,Randy Gibson,skipped,skipped,skipped
4216,300,Mimi Diez,Randy Gibson,skipped,skipped
4220,300,Randy Gibson,Alex Hadden,skipped,skipped
4222,300,Alex Hadden,Mimi Diez,skipped,skipped
4226,300,Mimi Diez,Alex Hadden,skipped,skipped
4227,300,Mimi Diez,Randy Gibson,Alex Hadden,skipped
4228,300,Randy Gibson,skipped,skipped,skipped
4234,300,Mimi Diez,Alex Hadden,Randy Gibson,skipped
4235,300,Mimi Diez,Alex Hadden,Randy Gibson,skipped
4237,300,Randy Gibson,skipped,skipped,skipped
4242,300,Randy Gibson,skipped,skipped,skipped
4245,300,Mimi Diez,Randy Gibson,Alex Hadden,skipped
4248,300,Alex Hadden,Randy Gibson,Mimi Diez,skipped
4249,300,Mimi Diez,Alex Hadden,Randy Gibson,skipped
4252,300,Alex Hadden,Mimi Diez,Randy Gibson,skipped
4256,300,Mimi Diez,Alex Hadden,Randy Gibson,skipped
4260,300,Randy Gibson,Alex Hadden,skipped,skipped
4262,300,Mimi Diez,Alex Hadden,Randy Gibson,skipped
4263,300,Mimi Diez,Alex Hadden,Randy Gibson,skipped
4265,300,Alex Hadden,Randy Gibson,Mimi Diez,skipped
4266,300,Alex Hadden,Randy Gibson,Mimi Diez,skipped
4270,300,Randy Gibson,skipped,skipped,skipped
4271,300,Randy Gibson,skipped,skipped,skipped
4273,300,Randy Gibson,Mimi Diez,Alex Hadden,skipped
4275,300,Mimi Diez,Randy Gibson,Alex Hadden,skipped
4278,300,Randy Gibson,Alex Hadden,Mimi Diez,skipped
4279,300,Randy Gibson,Mimi Diez,Alex Hadden,skipped
4280,300,Alex Hadden,Randy Gibson,Mimi Diez,skipped
4283,300,Alex Hadden,Randy Gibson,skipped,skipped
4286,300,Randy Gibson,Alex Hadden,Mimi Diez,skipped
4288,300,Randy Gibson,Mimi Diez,skipped,skipped
4292,300,Alex Hadden,Randy Gibson,skipped,skipped
4294,300,Randy Gibson,skipped,skipped,skipped
4296,300,Alex Hadden,Mimi Diez,Randy Gibson,skipped
4298,300,Randy Gibson,Alex Hadden,Mimi Diez,skipped
4310,300,Randy Gibson,Alex Hadden,Mimi Diez,skipped
4311,300,Randy Gibson,Alex Hadden,Mimi Diez,skipped
4319,300,Alex Hadden,Mimi Diez,Randy Gibson,skipped
4320,300,Alex Hadden,Mimi Diez,Randy Gibson,skipped
4329,300,Mimi Diez,skipped,skipped,skipped
4333,300,Randy Gibson,Mimi Diez,Alex Hadden,skipped
4335,300,Mimi Diez,skipped,skipped,skipped
4344,300,Mimi Diez,Alex Hadden,Randy Gibson,skipped
4347,300,Mimi Diez,Alex Hadden,Randy Gibson,skipped
4356,300,Randy Gibson,Mimi Diez,Alex Hadden,skipped
4357,300,Randy Gibson,Alex Hadden,Mimi Diez,skipped
4359,300,Alex Hadden,Randy Gibson,Mimi Diez,skipped
4373,300,Alex Hadden,Mimi Diez,WRITE-IN254,Randy Gibson
4383,300,Randy Gibson,Mimi Diez,Alex Hadden,skipped
4390,300,Randy Gibson,skipped,skipped,skipped
4392,300,Alex Hadden,Randy Gibson,Mimi Diez,skipped
4415,300,Mimi Diez,Randy Gibson,Alex Hadden,skipped
4416,300,Mimi Diez,Randy Gibson,Alex Hadden,skipped
4428,300,Randy Gibson,skipped,skipped,skipped
4437,300,Randy Gibson,skipped,skipped,skipped
4438,300,Randy Gibson,skipped,skipped,skipped
4440,300,Randy Gibson,skipped,skipped,skipped
4449,300,Randy Gibson,Mimi Diez,Alex Hadden,skipped
4454,300,Randy Gibson,skipped,skipped,skipped
4459,300,Alex Hadden,Randy Gibson,skipped,skipped
4463,300,Randy Gibson,Mimi Diez,Alex Hadden,skipped
4464,300,Mimi Diez,Randy Gibson,Alex Hadden,skipped
4468,300,Mimi Diez,skipped,skipped,skipped
4469,300,Mimi Diez,Randy Gibson,Alex Hadden,skipped
4478,300,Mimi Diez,Alex Hadden,Randy Gibson,skipped
4481,300,Randy Gibson,Mimi Diez,Alex Hadden,skipped
4488,300,Mimi Diez,Alex Hadden,skipped,skipped
4492,300,Randy Gibson,Mimi Diez,Alex Hadden,skipped
4493,300,Randy Gibson,Mimi Diez,Mimi Diez,skipped
4498,300,Mimi Diez,Alex Hadden,Randy Gibson,skipped
4505,300,Randy Gibson,Alex Hadden,Mimi Diez,skipped
4507,300,Alex Hadden,Mimi Diez,Randy Gibson,skipped
4508,300,Mimi Diez,Alex Hadden,Randy Gibson,skipped
4509,300,Mimi Diez,Randy Gibson,Alex Hadden,skipped
4516,300,Randy Gibson,skipped,skipped,skipped
4528,300,Randy Gibson,Alex Hadden,Mimi Diez,skipped
4529,300,Randy Gibson,skipped,skipped,skipped
4533,300,Randy Gibson,Alex Hadden,Mimi Diez,skipped
4536,300,Randy Gibson,skipped,skipped,skipped
4537,300,Mimi Diez,skipped,skipped,skipped
4540,300,Mimi Diez,Randy Gibson,skipped,skipped
4541,300,Alex Hadden,Randy Gibson,Mimi Diez,skipped
4542,300,Mimi Diez,skipped,skipped,skipped
4544,300,Mimi Diez,Randy Gibson,Alex Hadden,skipped
4571,300,Randy Gibson,Alex Hadden,skipped,skipped
4578,300,Randy Gibson,Mimi Diez,Alex Hadden,skipped
4591,300,Alex Hadden,Mimi Diez,Randy Gibson,skipped
4593,300,Randy Gibson,Mimi Diez,skipped,skipped
4595,300,Randy Gibson,Mimi Diez,skipped,skipped
4602,300,Mimi Diez,Randy Gibson,Alex Hadden,skipped
4603,300,Mimi Diez,Alex Hadden,Randy Gibson,skipped
4609,300,Mimi Diez,Alex Hadden,skipped,skipped
4613,300,Mimi Diez,Randy Gibson,skipped,skipped
4615,300,Randy Gibson,Alex Hadden,Mimi Diez,skipped
4617,300,Randy Gibson,Mimi Diez,Alex Hadden,skipped
4620,300,Mimi Diez,Randy Gibson,Alex Hadden,skipped
4623,300,Randy Gibson,skipped,skipped,skipped
4627,300,Randy Gibson,skipped,skipped,skipped
4632,300,Mimi Diez,Alex Hadden,WRITE-IN277,Randy Gibson
4637,300,Mimi Diez,Randy Gibson,Alex Hadden,skipped
4647,300,Alex Hadden,Mimi Diez,Randy Gibson,skipped
4648,300,Mimi Diez,Randy Gibson,skipped,skipped
4655,300,Alex Hadden,Mimi Diez,Randy Gibson,skipped
4658,300,Mimi Diez,Alex Hadden,Randy Gibson,skipped
4659,300,Mimi Diez,Alex Hadden,Randy Gibson,skipped
4661,300,Mimi Diez,Randy Gibson,Alex Hadden,skipped
4662,300,Randy Gibson,skipped,skipped,skipped
4663,300,Randy Gibson,Alex Hadden,skipped,skipped
4664,300,Mimi Diez,Randy Gibson,skipped,skipped
4670,300,Mimi Diez,Randy Gibson,Alex Hadden,skipped
4674,300,Mimi Diez,skipped,skipped,skipped
4675,300,Alex Hadden,Randy Gibson,Mimi Diez,skipped
4677,300,Randy Gibson,Mimi Diez,Alex Hadden,skipped
4695,300,Randy Gibson,Mimi Diez,skipped,skipped
4708,300,Randy Gibson,Mimi Diez,Alex Hadden,skipped
4715,300,Randy Gibson,Alex Hadden,Mimi Diez,skipped
4724,300,Randy Gibson,Mimi Diez,Randy Gibson,skipped
4727,300,Mimi Diez,skipped,skipped,skipped
4740,300,Alex Hadden,Randy Gibson,Mimi Diez,skipped
4745,300,Mimi Diez,skipped,skipped,skipped
4747,300,Mimi Diez,Alex Hadden,skipped,skipped
4754,300,Randy Gibson,Alex Hadden,Mimi Diez,skipped
4759,300,Randy Gibson,Mimi Diez,Alex Hadden,skipped
4762,300,Randy Gibson,Mimi Diez,Alex Hadden,skipped
4763,300,Randy Gibson,Mimi Diez,skipped,skipped
4765,300,Randy Gibson,Alex Hadden,Mimi Diez,skipped
4773,300,Mimi Diez,Randy Gibson,Alex Hadden,skipped
4782,300,Randy Gibson,skipped,skipped,skipped
4784,300,Alex Hadden,Randy Gibson,Mimi Diez,skipped
4788,300,Alex Hadden,Mimi Diez,Randy Gibson,skipped
4800,300,Randy Gibson,Alex Hadden,skipped,skipped
4802,300,Alex Hadden,Mimi Diez,Randy Gibson,skipped
4803,300,Alex Hadden,skipped,skipped,skipped
4810,300,Randy Gibson,skipped,skipped,skipped
4816,300,Alex Hadden,Randy Gibson,Mimi Diez,skipped
4818,300,Mimi Diez,Randy Gibson,Alex Hadden,skipped
4819,300,Mimi Diez,Randy Gibson,Alex Hadden,skipped
4825,300,Alex Hadden,Mimi Diez,Randy Gibson,skipped
4827,300,Mimi Diez,Randy Gibson,Alex Hadden,skipped
4836,300,Randy Gibson,skipped,skipped,skipped
4840,300,Mimi Diez,skipped,skipped,skipped
4845,300,Alex Hadden,Mimi Diez,Randy Gibson,skipped
4848,300,Mimi Diez,Randy Gibson,Alex Hadden,WRITE-IN299
4850,300,Mimi Diez,Alex Hadden,skipped,skipped
4851,300,Mimi Diez,skipped,skipped,skipped
4865,300,Mimi Diez,Randy Gibson,skipped,skipped
4869,300,Mimi Diez,skipped,skipped,skipped
4873,300,Randy Gibson,Mimi Diez,Alex Hadden,skipped
4876,300,Randy Gibson,Mimi Diez,skipped,skipped
4880,300,Randy Gibson,Mimi Diez,skipped,skipped
4885,300,Randy Gibson,Alex Hadden,Mimi Diez,skipped
4886,300,Alex Hadden,Randy Gibson,Mimi Diez,skipped
4888,300,Alex Hadden,Randy Gibson,skipped,skipped
4891,300,Alex Hadden,Randy Gibson,Mimi Diez,skipped
4899,300,Alex Hadden,Randy Gibson,Mimi Diez,skipped
4913,300,Randy Gibson,skipped,skipped,skipped
4927,300,Randy Gibson,Alex Hadden,Mimi Diez,skipped
4929,300,Alex Hadden,Randy Gibson,Mimi Diez,skipped
4940,300,Mimi Diez,Alex Hadden,Randy Gibson,skipped
4941,300,Alex Hadden,Mimi Diez,skipped,skipped
4945,300,Mimi Diez,Randy Gibson,Alex Hadden,skipped
4946,300,Alex Hadden,Mimi Diez,skipped,skipped
4949,300,Mimi Diez,Alex Hadden,Randy Gibson,skipped
4951,300,Mimi Diez,Alex Hadden,skipped,skipped
4952,300,Mimi Diez,Alex Hadden,skipped,skipped
4955,300,Mimi Diez,Randy Gibson,Alex Hadden,skipped
4957,300,Mimi Diez,Alex Hadden,Randy Gibson,skipped
4958,300,Randy Gibson,Mimi Diez,Alex Hadden,skipped
4959,300,Alex Hadden,Randy Gibson,Mimi Diez,skipped
4960,300,Alex Hadden,Mimi Diez,skipped,skipped
4967,300,Randy Gibson,Alex Hadden,skipped,skipped
4968,300,Randy Gibson,skipped,skipped,skipped
4970,300,Alex Hadden,Randy Gibson,Mimi Diez,skipped
4973,300,Mimi Diez,Alex Hadden,Randy Gibson,skipped
4974,300,Alex Hadden,Randy Gibson,Mimi Diez,skipped
4981,300,Alex Hadden,Mimi Diez,skipped,skipped
4983,300,Randy Gibson,WRITE-IN310,skipped,skipped
4985,300,Mimi Diez,Alex Hadden,Randy Gibson,skipped
4987,300,Randy Gibson,skipped,skipped,skipped
4988,300,Randy Gibson,Mimi Diez,Alex Hadden,skipped
4993,300,Mimi Diez,skipped,skipped,skipped
4994,300,Randy Gibson,Alex Hadden,Mimi Diez,skipped
4996,300,Mimi Diez,Randy Gibson,Alex Hadden,skipped
4997,300,Randy Gibson,Mimi Diez,Alex Hadden,skipped
5000,300,Mimi Diez,skipped,skipped,skipped
5003,300,Randy Gibson,Alex Hadden,Mimi Diez,skipped
5004,300,Randy Gibson,Alex Hadden,skipped,skipped
5005,300,Mimi Diez,Alex Hadden,Randy Gibson,skipped
5007,300,Randy Gibson,skipped,skipped,skipped
5008,300,Randy Gibson,Mimi Diez,skipped,skipped
5015,300,Mimi Diez,skipped,skipped,skipped
5016,300,Mimi Diez,Alex Hadden,Randy Gibson,skipped
5017,300,Randy Gibson,Alex Hadden,Mimi Diez,skipped
5019,300,Alex Hadden,Randy Gibson,Mimi Diez,skipped
5021,300,Randy Gibson,Mimi Diez,Alex Hadden,skipped
5034,300,Alex Hadden,Randy Gibson,Mimi Diez,skipped
5035,300,Alex Hadden,Randy Gibson,Mimi Diez,skipped
5050,300,Randy Gibson,Alex Hadden,WRITE-IN320,skipped
5057,300,Randy Gibson,Alex Hadden,skipped,skipped
5082,300,Alex Hadden,WRITE-IN323,Randy Gibson,Mimi Diez
5084,300,Randy Gibson,Alex Hadden,Mimi Diez,skipped
5088,300,Mimi Diez,Alex Hadden,Randy Gibson,skipped
5090,300,Randy Gibson,Alex Hadden,skipped,skipped
5091,300,Alex Hadden,Randy Gibson,skipped,skipped
5099,300,Randy Gibson,Mimi Diez,Alex Hadden,skipped
5106,300,Mimi Diez,Randy Gibson,Alex Hadden,skipped
5107,300,Randy Gibson,Alex Hadden,Mimi Diez,skipped
5111,300,Mimi Diez,Randy Gibson,Alex Hadden,skipped
5117,300,Alex Hadden,Randy Gibson,Mimi Diez,skipped
5119,300,Alex Hadden,Randy Gibson,Mimi Diez,skipped
5120,300,Alex Hadden,Randy Gibson,Mimi Diez,skipped
5121,300,Randy Gibson,skipped,skipped,skipped
5126,300,Mimi Diez,Alex Hadden,Randy Gibson,skipped
5127,300,Mimi Diez,Randy Gibson,Alex Hadden,skipped
5129,300,Mimi Diez,Alex Hadden,Randy Gibson,skipped
5134,300,Alex Hadden,Randy Gibson,Mimi Diez,skipped
5137,300,Mimi Diez,Alex Hadden,Randy Gibson,skipped
5144,300,Alex Hadden,skipped,skipped,skipped
5145,300,Randy Gibson,skipped,skipped,skipped
5150,300,Randy Gibson,Mimi Diez,skipped,skipped
5155,300,Randy Gibson,Mimi Diez,Alex Hadden,skipped
5156,300,Mimi Diez,Alex Hadden,Randy Gibson,skipped
5157,300,Randy Gibson,Alex Hadden,Mimi Diez,skipped
5158,300,Mimi Diez,skipped,skipped,skipped
5160,300,Randy Gibson,Alex Hadden,Mimi Diez,skipped
5161,300,Alex Hadden,Randy Gibson,Mimi Diez,skipped
5166,300,Mimi Diez,Randy Gibson,Alex Hadden,skipped
5168,300,Mimi Diez,Randy Gibson,skipped,skipped
5172,300,Randy Gibson,Alex Hadden,Mimi Diez,skipped
5176,300,Mimi Diez,skipped,skipped,skipped
5181,300,Alex Hadden,Randy Gibson,Mimi Diez,skipped
5191,300,Randy Gibson,skipped,skipped,skipped
5192,300,Randy Gibson,skipped,skipped,skipped
5205,300,Mimi Diez,Randy Gibson,Alex Hadden,skipped
5208,300,Alex Hadden,Randy Gibson,Mimi Diez,skipped
5212,300,Randy Gibson,Alex Hadden,Mimi Diez,skipped
5214,300,Alex Hadden,Mimi Diez,Randy Gibson,skipped
5216,300,Mimi Diez,Randy Gibson,Alex Hadden,skipped
5218,300,Randy Gibson,Alex Hadden,skipped,skipped
5232,300,Randy Gibson,Alex Hadden,skipped,skipped
5235,300,Randy Gibson,Alex Hadden,skipped,skipped
5239,300,Mimi Diez,Randy Gibson,skipped,skipped
5241,300,Randy Gibson,skipped,skipped,skipped
5249,300,Mimi Diez,Randy Gibson,skipped,skipped
5253,300,Alex Hadden,Mimi Diez,skipped,skipped
5257,300,Mimi Diez,Randy Gibson,skipped,skipped
5274,300,Alex Hadden,Randy Gibson,Mimi Diez,skipped
5275,300,Alex Hadden,Mimi Diez,skipped,skipped
5276,300,Alex Hadden,Mimi Diez,Randy Gibson,skipped
5277,300,Alex Hadden,skipped,skipped,skipped
5280,300,Randy Gibson,Alex Hadden,Mimi Diez,skipped
5284,300,Mimi Diez,skipped,skipped,skipped
5285,300,Mimi Diez,Randy Gibson,Alex Hadden,skipped
5286,300,Alex Hadden,Randy Gibson,Mimi Diez,skipped
5296,300,Randy Gibson,Mimi Diez,skipped,skipped
5303,300,Alex Hadden,Randy Gibson,Mimi Diez,skipped
5305,300,Alex Hadden,Mimi Diez,Randy Gibson,skipped
5313,300,Mimi Diez,Randy Gibson,Alex Hadden,skipped
5316,300,Alex Hadden,Mimi Diez,skipped,skipped
5320,300,Randy Gibson,skipped,skipped,skipped
5329,300,Mimi Diez,Randy Gibson,Alex Hadden,WRITE-IN340
5330,300,Mimi Diez,skipped,skipped,skipped
5334,300,Alex Hadden,Mimi Diez,skipped,skipped
5336,300,Alex Hadden,Mimi Diez,skipped,skipped
5337,300,Alex Hadden,Mimi Diez,skipped,skipped
5338,300,Mimi Diez,Alex Hadden,skipped,skipped
5339,300,Alex Hadden,Randy Gibson,Mimi Diez,skipped
5345,300,Mimi Diez,Randy Gibson,Alex Hadden,skipped
5346,300,Randy Gibson,Mimi Diez,Alex Hadden,skipped
5360,300,Alex Hadden,Mimi Diez,Randy Gibson,skipped
5364,300,Mimi Diez,Alex Hadden,Randy Gibson,skipped
5365,300,Mimi Diez,Alex Hadden,skipped,skipped
5366,300,Mimi Diez,Alex Hadden,skipped,skipped
5369,300,Randy Gibson,Alex Hadden,Mimi Diez,skipped
5371,300,Mimi Diez,Alex Hadden,Randy Gibson,skipped
5374,300,Alex Hadden,Randy Gibson,skipped,skipped
5375,300,Alex Hadden,Randy Gibson,Mimi Diez,skipped
5376,300,Randy Gibson,Alex Hadden,Mimi Diez,skipped
5385,300,Randy Gibson,skipped,skipped,skipped
5389,300,Randy Gibson,Alex Hadden,Mimi Diez,skipped
5395,300,Mimi Diez,Alex Hadden,Randy Gibson,skipped
5396,300,Mimi Diez,Randy Gibson,skipped,skipped
5399,300,Mimi Diez,Randy Gibson,Alex Hadden,skipped
5400,300,Mimi Diez,Randy Gibson,Alex Hadden,skipped
5407,300,Randy Gibson,Mimi Diez,skipped,skipped
5413,300,Randy Gibson,Alex Hadden,Mimi Diez,skipped
5414,300,Randy Gibson,Alex Hadden,Mimi Diez,skipped
5423,300,Mimi Diez,Alex Hadden,Randy Gibson,skipped
5425,300,Mimi Diez,Alex Hadden,skipped,skipped
5426,300,Alex Hadden,Randy Gibson,Mimi Diez,skipped
5427,300,Alex Hadden,Randy Gibson,Mimi Diez,skipped
5432,300,Randy Gibson,Mimi Diez,Alex Hadden,skipped
5439,300,Randy Gibson,skipped,skipped,skipped
5441,300,Alex Hadden,Randy Gibson,Mimi Diez,skipped
5445,300,Alex Hadden,Randy Gibson,Mimi Diez,skipped
5450,300,Mimi Diez,Randy Gibson,skipped,skipped
5453,300,Mimi Diez,Alex Hadden,skipped,skipped
5459,300,Alex Hadden,Randy Gibson,Mimi Diez,skipped
5462,300,Randy Gibson,Mimi Diez,Alex Hadden,skipped
5463,300,Mimi Diez,Randy Gibson,Alex Hadden,skipped
5469,300,Alex Hadden,Randy Gibson,Mimi Diez,skipped
5470,300,Alex Hadden,Randy Gibson,Mimi Diez,skipped
5471,300,Mimi Diez,Randy Gibson,Alex Hadden,skipped
5472,300,Mimi Diez,Randy Gibson,Alex Hadden,skipped
5473,300,Mimi Diez,Alex Hadden,skipped,skipped
5474,300,Mimi Diez,Alex Hadden,Randy Gibson,skipped
5484,300,Randy Gibson,Mimi Diez,Alex Hadden,skipped
5485,300,Randy Gibson,Mimi Diez,skipped,skipped
5487,300,Alex Hadden,Mimi Diez,Randy Gibson,skipped
5498,300,Randy Gibson,Mimi Diez,Alex Hadden,skipped
5509,300,Mimi Diez,Randy Gibson,Alex Hadden,skipped
5512,300,Mimi Diez,Randy Gibson,Alex Hadden,skipped
5514,300,Mimi Diez,Randy Gibson,Alex Hadden,skipped
5515,300,Mimi Diez,Randy Gibson,Alex Hadden,skipped
5518,300,Randy Gibson,Alex Hadden,Mimi Diez,skipped
5520,300,Mimi Diez,Alex Hadden,Randy Gibson,skipped
5522,300,Mimi Diez,Alex Hadden,skipped,skipped
5530,300,Randy Gibson,Mimi Diez,Alex Hadden,skipped
5532,300,Alex Hadden,Randy Gibson,Mimi Diez,skipped
5534,300,Mimi Diez,skipped,skipped,skipped
5538,300,Randy Gibson,Alex Hadden,Mimi Diez,skipped
5540,300,Mimi Diez,skipped,skipped,skipped
5542,300,Mimi Diez,skipped,skipped,skipped
5544,300,Mimi Diez,Alex Hadden,Randy Gibson,skipped
5546,300,Mimi Diez,Randy Gibson,skipped,skipped
5548,300,Alex Hadden,Randy Gibson,skipped,skipped
5549,300,Randy Gibson,skipped,skipped,skipped
5550,300,Randy Gibson,Mimi Diez,Alex Hadden,skipped
5551,300,Randy Gibson,skipped,skipped,skipped
5552,300,Mimi Diez,Alex Hadden,skipped,skipped
5555,300,WRITE-IN354,Randy Gibson,Mimi Diez,Alex Hadden
5563,300,Mimi Diez,Alex Hadden,Randy Gibson,skipped
5569,300,Alex Hadden,Mimi Diez,Randy Gibson,skipped
5576,300,Alex Hadden,Mimi Diez,Randy Gibson,skipped
5577,300,Alex Hadden,skipped,skipped,skipped
5584,300,Alex Hadden,Mimi Diez,Randy Gibson,skipped
5585,300,Alex Hadden,Mimi Diez,Randy Gibson,skipped
5587,300,Randy Gibson,Alex Hadden,Mimi Diez,skipped
5592,300,Randy Gibson,skipped,skipped,skipped
5595,300,Mimi Diez,Randy Gibson,Alex Hadden,skipped
5612,300,Randy Gibson,Mimi Diez,skipped,skipped
5613,300,Randy Gibson,Mimi Diez,Alex Hadden,skipped
5616,300,Randy Gibson,Alex Hadden,Mimi Diez,skipped
5618,300,Mimi Diez,Alex Hadden,Randy Gibson,skipped
5619,300,Mimi Diez,Alex Hadden,skipped,skipped
5620,300,Mimi Diez,Randy Gibson,Alex Hadden,skipped
5624,300,Mimi Diez,Alex Hadden,Randy Gibson,skipped
5629,300,Randy Gibson,Mimi Diez,skipped,skipped
5630,300,Mimi Diez,skipped,skipped,skipped
5635,300,Mimi Diez,Alex Hadden,Randy Gibson,skipped
5639,300,Mimi Diez,Randy Gibson,Alex Hadden,skipped
5651,300,Mimi Diez,Alex Hadden,Randy Gibson,skipped
5652,300,Mimi Diez,Alex Hadden,skipped,skipped
5655,300,Alex Hadden,Mimi Diez,skipped,skipped
5656,300,Mimi Diez,Alex Hadden,skipped,skipped
5663,300,Randy Gibson,Alex Hadden,skipped,skipped
5664,300,Mimi Diez,skipped,skipped,skipped
5666,300,Randy Gibson,skipped,skipped,skipped
5671,300,Alex Hadden,Randy Gibson,Mimi Diez,skipped
5673,300,Randy Gibson,skipped,skipped,skipped
5674,300,Randy Gibson,skipped,skipped,skipped
5677,300,Randy Gibson,Mimi Diez,skipped,skipped
5686,300,Mimi Diez,Alex Hadden,skipped,skipped
5688,300,Alex Hadden,Randy Gibson,Mimi Diez,skipped
5690,300,Randy Gibson,Alex Hadden,Mimi Diez,skipped
5691,300,Alex Hadden,Mimi Diez,Randy Gibson,skipped
5702,300,Randy Gibson,Alex Hadden,Mimi Diez,skipped
5703,300,Randy Gibson,Alex Hadden,Mimi Diez,skipped
5707,300,Randy Gibson,Mimi Diez,skipped,skipped
5733,300,Randy Gibson,Mimi Diez,Alex Hadden,skipped
5734,300,Randy Gibson,Alex Hadden,Mimi Diez,skipped
5737,300,Randy Gibson,Mimi Diez,skipped,skipped
5740,300,Randy Gibson,Alex Hadden,Mimi Diez,skipped
5741,300,Randy Gibson,Mimi Diez,skipped,skipped
5742,300,Randy Gibson,skipped,skipped,skipped
5746,300,Randy Gibson,Alex Hadden,Mimi Diez,skipped
5748,300,Mimi Diez,Alex Hadden,Randy Gibson,skipped
5749,300,Randy Gibson,Mimi Diez,skipped,skipped
5751,300,Mimi Diez,Randy Gibson,Alex Hadden,skipped
5754,300,Randy Gibson,skipped,skipped,skipped
5768,300,Mimi Diez,skipped,skipped,skipped
5769,300,Randy Gibson,skipped,skipped,skipped
5770,300,Alex Hadden,Mimi Diez,skipped,skipped
5771,300,Alex Hadden,Mimi Diez,skipped,skipped
5774,300,Alex Hadden,Randy Gibson,Mimi Diez,skipped
5779,300,Randy Gibson,Mimi Diez,Alex Hadden,skipped
5781,300,Alex Hadden,Mimi Diez,Randy Gibson,skipped
5783,300,Randy Gibson,skipped,skipped,skipped
5785,300,Randy Gibson,Mimi Diez,Alex Hadden,skipped
5786,300,Randy Gibson,Mimi Diez,skipped,skipped
5793,300,Randy Gibson,Mimi Diez,Alex Hadden,skipped
5795,300,Alex Hadden,Mimi Diez,Randy Gibson,skipped
5798,300,Alex Hadden,Mimi Diez,Randy Gibson,skipped
5801,300,Mimi Diez,skipped,skipped,skipped
5804,300,Randy Gibson,skipped,skipped,skipped
5805,300,Randy Gibson,skipped,skipped,skipped
5806,300,Mimi Diez,skipped,skipped,skipped
5810,300,Alex Hadden,Randy Gibson,skipped,skipped
5818,300,Mimi Diez,Randy Gibson,skipped,skipped
5823,300,Mimi Diez,Randy Gibson,Alex Hadden,skipped
5830,300,Randy Gibson,Mimi Diez,Alex Hadden,skipped
5831,300,Randy Gibson,skipped,skipped,skipped
5834,300,Alex Hadden,Mimi Diez,Randy Gibson,skipped
5835,300,Mimi Diez,Alex Hadden,Randy Gibson,skipped
5840,300,Alex Hadden,Randy Gibson,skipped,skipped
5843,300,Alex Hadden,Mimi Diez,Randy Gibson,skipped
5844,300,Randy Gibson,skipped,skipped,skipped
5847,300,Mimi Diez,Alex Hadden,skipped,skipped
5857,300,Randy Gibson,skipped,skipped,skipped
5858,300,Alex Hadden,Mimi Diez,skipped,skipped
5865,300,Mimi Diez,skipped,skipped,skipped
5890,300,Mimi Diez,Mimi Diez,Mimi Diez,Mimi Diez
5891,300,Randy Gibson,Mimi Diez,skipped,skipped
5892,300,Randy Gibson,Mimi Diez,skipped,skipped
5893,300,Mimi Diez,Alex Hadden,Randy Gibson,skipped
5895,300,Alex Hadden,skipped,skipped,skipped
5903,300,Randy Gibson,Alex Hadden,Mimi Diez,skipped
5909,300,Randy Gibson,skipped,skipped,skipped
5924,300,Mimi Diez,skipped,skipped,skipped
5925,300,Randy Gibson,Alex Hadden,Mimi Diez,skipped
5926,300,Alex Hadden,Mimi Diez,Randy Gibson,skipped
5927,300,Alex Hadden,Mimi Diez,Randy Gibson,skipped
5928,300,Alex Hadden,Mimi Diez,Randy Gibson,skipped
5932,300,Randy Gibson,Alex Hadden,skipped,skipped
5933,300,Randy Gibson,Alex Hadden,Mimi Diez,skipped
5946,300,Randy Gibson,Alex Hadden,Mimi Diez,skipped
5951,300,Randy Gibson,Alex Hadden,skipped,skipped
5958,300,Mimi Diez,skipped,skipped,skipped
5959,300,Randy Gibson,Alex Hadden,Mimi Diez,skipped
5960,300,Mimi Diez,Alex Hadden,Randy Gibson,skipped
5964,300,Randy Gibson,skipped,skipped,skipped
5966,300,Randy Gibson,Alex Hadden,skipped,skipped
5974,300,Randy Gibson,skipped,skipped,skipped
5975,300,Randy Gibson,Mimi Diez,skipped,skipped
5983,300,Mimi Diez,skipped,skipped,skipped
5984,300,Mimi Diez,skipped,skipped,skipped
5988,300,Alex Hadden,Randy Gibson,Mimi Diez,skipped
5997,300,Mimi Diez,Alex Hadden,skipped,skipped
5998,300,Randy Gibson,Alex Hadden,Mimi Diez,skipped
6005,300,Mimi Diez,Randy Gibson,skipped,skipped
6006,300,Mimi Diez,skipped,skipped,skipped
6012,300,Randy Gibson,Mimi Diez,Alex Hadden,skipped
6015,300,Mimi Diez,Randy Gibson,Alex Hadden,skipped
6020,300,Randy Gibson,Mimi Diez,skipped,skipped
6032,300,Randy Gibson,Mimi Diez,Alex Hadden,skipped
6036,300,Alex Hadden,Randy Gibson,Mimi Diez,skipped
6037,300,Mimi Diez,skipped,skipped,skipped
6038,300,Mimi Diez,Randy Gibson,Alex Hadden,skipped
6039,300,Alex Hadden,Randy Gibson,Mimi Diez,skipped
6040,300,Alex Hadden,Mimi Diez,Randy Gibson,skipped
6043,300,Mimi Diez,Alex Hadden,Randy Gibson,skipped
6048,300,Mimi Diez,skipped,skipped,skipped
6049,300,Mimi Diez,skipped,skipped,skipped
6059,300,Mimi Diez,skipped,skipped,skipped
6060,300,Randy Gibson,Mimi Diez,skipped,skipped
6063,300,Alex Hadden,Mimi Diez,Randy Gibson,skipped
6066,300,Randy Gibson,Mimi Diez,Alex Hadden,skipped
6071,300,Alex Hadden,Mimi Diez,Randy Gibson,skipped
6076,300,Mimi Diez,skipped,skipped,skipped
6080,300,Mimi Diez,Randy Gibson,Alex Hadden,skipped
6087,300,Randy Gibson,Mimi Diez,Alex Hadden,skipped
6093,300,Randy Gibson,Alex Hadden,skipped,skipped
6099,300,Randy Gibson,Mimi Diez,skipped,skipped
6100,300,Randy Gibson,Alex Hadden,skipped,skipped
6101,300,Randy Gibson,skipped,skipped,skipped
6104,300,Mimi Diez,Alex Hadden,skipped,skipped
6107,300,Alex Hadden,Randy Gibson,Mimi Diez,skipped
6108,300,Randy Gibson,Mimi Diez,skipped,skipped
6109,300,Randy Gibson,Mimi Diez,skipped,skipped
6110,300,Mimi Diez,Randy Gibson,Alex Hadden,skipped
6116,300,Mimi Diez,Randy Gibson,Alex Hadden,skipped
6119,300,Mimi Diez,skipped,skipped,skipped
6120,300,Mimi Diez,Randy Gibson,Alex Hadden,skipped
6123,300,Randy Gibson,Alex Hadden,Mimi Diez,skipped
6137,300,Mimi Diez,Alex Hadden,Randy Gibson,skipped
6146,300,Mimi Diez,Randy Gibson,skipped,skipped
6155,300,Alex Hadden,Randy Gibson,Mimi Diez,skipped
6157,300,Randy Gibson,Alex Hadden,Mimi Diez,skipped
6163,300,Mimi Diez,Randy Gibson,Alex Hadden,skipped
6173,300,Mimi Diez,Randy Gibson,Alex Hadden,skipped
6174,300,Mimi Diez,Randy Gibson,Alex Hadden,skipped
6178,300,Mimi Diez,Randy Gibson,Alex Hadden,skipped
6188,300,Randy Gibson,Alex Hadden,skipped,skipped
6197,300,Randy Gibson,Alex Hadden,Mimi Diez,skipped
6207,300,Randy Gibson,Alex Hadden,Mimi Diez,skipped
6208,300,Randy Gibson,Mimi Diez,Alex Hadden,skipped
6209,300,Mimi Diez,Randy Gibson,skipped,skipped
6210,300,Mimi Diez,Randy Gibson,skipped,skipped
6217,300,Mimi Diez,Randy Gibson,Alex Hadden,skipped
6218,300,Mimi Diez,skipped,skipped,skipped
6224,300,Randy Gibson,skipped,skipped,skipped
6239,300,Mimi Diez,Randy Gibson,skipped,skipped
6245,300,Alex Hadden,Mimi Diez,skipped,skipped
6246,300,Mimi Diez,Alex Hadden,skipped,skipped
6247,300,Alex Hadden,Mimi Diez,skipped,skipped
6248,300,Mimi Diez,Alex Hadden,skipped,skipped
6255,300,Randy Gibson,Mimi Diez,skipped,skipped
6256,300,Randy Gibson,skipped,skipped,skipped
6257,300,Randy Gibson,skipped,skipped,skipped
6261,300,Mimi Diez,Randy Gibson,skipped,skipped
6263,300,Mimi Diez,Randy Gibson,Alex Hadden,skipped
6271,300,Randy Gibson,Mimi Diez,Alex Hadden,skipped
6272,300,Mimi Diez,Alex Hadden,Randy Gibson,skipped
6276,300,Alex Hadden,Mimi Diez,Randy Gibson,skipped
6278,300,Randy Gibson,Mimi Diez,skipped,skipped
6283,300,Mimi Diez,Alex Hadden,skipped,skipped
6284,300,Mimi Diez,Alex Hadden,skipped,skipped
6286,300,Randy Gibson,Randy Gibson,Randy Gibson,Randy Gibson
6287,300,Alex Hadden,Randy Gibson,Mimi Diez,skipped
6295,300,Alex Hadden,Randy Gibson,skipped,skipped
6296,300,Mimi Diez,skipped,skipped,skipped
6297,300,Randy Gibson,Alex Hadden,Mimi Diez,skipped
6299,300,Mimi Diez,Randy Gibson,Alex Hadden,skipped
6306,300,Randy Gibson,Mimi Diez,Alex Hadden,skipped
6314,300,Alex Hadden,skipped,skipped,skipped
6327,300,Randy Gibson,Mimi Diez,Alex Hadden,skipped
6328,300,Randy Gibson,Mimi Diez,Alex Hadden,skipped
6329,300,Randy Gibson,Alex Hadden,Mimi Diez,skipped
6330,300,Alex Hadden,Mimi Diez,Randy Gibson,skipped
6337,300,Mimi Diez,Randy Gibson,Alex Hadden,skipped
6338,300,Mimi Diez,Randy Gibson,Alex Hadden,skipped
6340,300,Alex Hadden,skipped,skipped,skipped
6347,300,Alex Hadden,Mimi Diez,Randy Gibson,skipped
6348,300,Alex Hadden,Mimi Diez,Randy Gibson,skipped
6357,300,Randy Gibson,Mimi Diez,Alex Hadden,skipped
6360,300,Randy Gibson,Mimi Diez,Alex Hadden,skipped
6362,300,Randy Gibson,Mimi Diez,skipped,skipped
6363,300,Mimi Diez,skipped,skipped,skipped
6364,300,Randy Gibson,Mimi Diez,Alex Hadden,skipped
6366,300,Randy Gibson,Mimi Diez,Alex Hadden,skipped
6372,300,Mimi Diez,Randy Gibson,skipped,skipped
6374,300,Mimi Diez,skipped,skipped,skipped
6386,300,Randy Gibson,Mimi Diez,Alex Hadden,skipped
6391,300,Randy Gibson,skipped,skipped,skipped
6403,300,Randy Gibson,Alex Hadden,skipped,skipped
6407,300,Mimi Diez,Randy Gibson,Alex Hadden,skipped
6408,300,Randy Gibson,Mimi Diez,Alex Hadden,skipped
6410,300,Randy Gibson,Alex Hadden,skipped,skipped
6411,300,Alex Hadden,Mimi Diez,Randy Gibson,skipped
6412,300,Mimi Diez,Alex Hadden,Randy Gibson,skipped
6415,300,Mimi Diez,Randy Gibson,Alex Hadden,skipped
6418,300,Randy Gibson,Alex Hadden,skipped,skipped
6420,300,Randy Gibson,Mimi Diez,Alex Hadden,skipped
6431,300,Randy Gibson,skipped,skipped,skipped
6434,300,Mimi Diez,Randy Gibson,Alex Hadden,skipped
