ballotID,ward,rank1,rank2,rank3,rank4,rank5
1,600,Mike Moore,Jason Small,Ambroise Agosse,Raju Charles,skipped
4,600,Mike Moore,Jason Small,skipped,skipped,skipped
14,600,Raju Charles,Ambroise Agosse,Jason Small,Mike Moore,skipped
17,600,Ambroise Agosse,Mike Moore,Raju Charles,skipped,skipped
21,600,Mike Moore,skipped,skipped,skipped,skipped
31,600,Raju Charles,Mike Moore,Ambroise Agosse,Jason Small,skipped
33,600,Jason Small,Ambroise Agosse,Raju Charles,Mike Moore,skipped
34,600,Ambroise Agosse,Mike Moore,Raju Charles,Jason Small,skipped
37,600,Mike Moore,skipped,skipped,skipped,skipped
38,600,Jason Small,skipped,skipped,skipped,skipped
43,600,Mike Moore,Ambroise Agosse,skipped,skipped,skipped
54,600,Mike Moore,Jason Small,skipped,skipped,skipped
55,600,Mike Moore,Jason Small,Ambroise Agosse,Raju Charles,skipped
58,600,Mike Moore,Jason Small,skipped,skipped,skipped
62,600,Raju Charles,Mike Moore,Ambroise Agosse,Jason Small,skipped
63,600,Ambroise Agosse,Mike Moore,Raju Charles,Jason Small,skipped
66,600,Raju Charles,Ambroise Agosse,Mike Moore,Jason Small,skipped
80,600,Jason Small,skipped,skipped,skipped,skipped
82,600,Ambroise Agosse,Raju Charles,Jason Small,Mike Moore,skipped
91,600,Mike Moore,skipped,skipped,skipped,skipped
92,600,Ambroise Agosse,Ambroise Agosse]Raju Charles,Raju Charles]Mike Moore,Mike Moore]Jason Small,Jason Small
97,600,Jason Small,skipped,skipped,skipped,skipped
121,600,Raju Charles,skipped,skipped,skipped,skipped
122,600,Mike Moore,skipped,skipped,skipped,skipped
123,600,Jason Small,Ambroise Agosse,skipped,skipped,skipped
125,600,Mike Moore,Jason Small,Ambroise Agosse,Raju Charles,skipped
126,600,Ambroise Agosse,Raju Charles,Mike Moore,Jason Small,skipped
148,600,Raju Charles,Ambroise Agosse,Mike Moore,Jason Small,skipped
157,600,Mike Moore,Jason Small,WRITE-IN11,skipped,skipped
178,600,Mike Moore,Ambroise Agosse,Jason Small,Mike Moore,skipped
179,600,Mike Moore,skipped,skipped,skipped,skipped
193,600,Raju Charles,Ambroise Agosse,Mike Moore,Jason Small,skipped
194,600,Raju Charles,Ambroise Agosse,Mike Moore,Jason Small,skipped
204,600,Mike Moore,skipped,skipped,skipped,skipped
206,600,Ambroise Agosse,Raju Charles,Mike Moore,Jason Small,skipped
207,600,Mike Moore,skipped,skipped,skipped,skipped
226,600,Raju Charles,Ambroise Agosse,Mike Moore,Jason Small,skipped
228,600,Mike Moore,Jason Small,Ambroise Agosse,Raju Charles,skipped
251,600,Jason Small,Mike Moore,skipped,skipped,skipped
263,600,Mike Moore,Jason Small,Raju Charles,skipped,skipped
265,600,Mike Moore,Jason Small,skipped,skipped,skipped
270,600,Jason Small,skipped,skipped,skipped,skipped
311,600,Jason Small,skipped,skipped,skipped,skipped
314,600,Mike Moore,Jason Small,skipped,skipped,skipped
340,600,Ambroise Agosse,Mike Moore,skipped,skipped,skipped
341,600,Ambroise Agosse,Raju Charles,Mike Moore,WRITE-IN18,Jason Small
365,600,Mike Moore,Ambroise Agosse,Jason Small,Raju Charles,skipped
376,600,Ambroise Agosse,skipped,skipped,skipped,skipped
380,600,Jason Small,skipped,skipped,skipped,skipped
392,600,Mike Moore,skipped,skipped,skipped,skipped
395,600,Mike Moore,skipped,skipped,skipped,skipped
401,600,Ambroise Agosse,Mike Moore,skipped,skipped,skipped
444,600,Jason Small,Ambroise Agosse,Mike Moore,Raju Charles,skipped
450,600,Jason Small,skipped,skipped,skipped,skipped
457,600,Jason Small,skipped,skipped,skipped,skipped
461,600,Ambroise Agosse,Raju Charles,Mike Moore,skipped,skipped
464,600,Jason Small,skipped,skipped,skipped,skipped
467,600,Mike Moore,Ambroise Agosse,Jason Small,Raju Charles,skipped
473,600,Jason Small,Mike Moore,Raju Charles,Ambroise Agosse,skipped
474,600,Mike Moore,Raju Charles,Ambroise Agosse,Jason Small,skipped
476,600,Jason Small,Ambroise Agosse,Mike Moore,skipped,skipped
492,600,Jason Small,Mike Moore,Raju Charles,skipped,skipped
510,600,Jason Small,Ambroise Agosse,Mike Moore,Raju Charles,skipped
531,600,Raju Charles,Ambroise Agosse,Mike Moore,Jason Small,skipped
542,600,Mike Moore,Ambroise Agosse,Raju Charles,skipped,skipped
562,600,Mike Moore,Ambroise Agosse,Jason Small,skipped,skipped
572,600,Mike Moore,Jason Small,Raju Charles,Ambroise Agosse,skipped
576,600,Jason Small,skipped,skipped,skipped,skipped
579,600,Ambroise Agosse,Mike Moore,Raju Charles,Jason Small,skipped
582,600,Mike Moore,Ambroise Agosse,Raju Charles,Jason Small,skipped
589,600,Jason Small,Mike Moore,Raju Charles,skipped,Ambroise Agosse
593,600,Mike Moore,Ambroise Agosse,Raju Charles,Jason Small,skipped
602,600,Jason Small,skipped,skipped,skipped,skipped
624,600,Mike Moore,skipped,skipped,skipped,skipped
631,600,Mike Moore,Jason Small,skipped,skipped,skipped
637,600,Jason Small,Mike Moore,Ambroise Agosse,skipped,skipped
650,600,Jason Small,Mike Moore,Raju Charles,Ambroise Agosse,skipped
681,600,Ambroise Agosse,skipped,skipped,skipped,skipped
690,600,Mike Moore,Jason Small,skipped,skipped,skipped
691,600,Jason Small,Mike Moore,Ambroise Agosse,Raju Charles,skipped
692,600,Mike Moore,skipped,skipped,skipped,skipped
765,600,Mike Moore,Ambroise Agosse,skipped,skipped,skipped
769,600,Ambroise Agosse,skipped,skipped,skipped,skipped
771,600,Jason Small,Mike Moore,skipped,skipped,skipped
788,600,Jason Small,Raju Charles,Ambroise Agosse,Mike Moore,skipped
789,600,Ambroise Agosse,Mike Moore,Jason Small,skipped,skipped
790,600,Ambroise Agosse,Jason Small,Mike Moore,Raju Charles,skipped
793,600,Jason Small,Mike Moore,skipped,skipped,skipped
795,600,Jason Small,Ambroise Agosse,Raju Charles,Mike Moore,skipped
796,600,Mike Moore,Jason Small,Ambroise Agosse,Raju Charles,skipped
800,600,Jason Small,Ambroise Agosse,Mike Moore,skipped,skipped
803,600,Mike Moore,Jason Small,skipped,skipped,skipped
806,600,Ambroise Agosse,Mike Moore,Raju Charles,Jason Small,skipped
829,600,Mike Moore,Jason Small,skipped,skipped,skipped
869,600,Jason Small,skipped,skipped,skipped,skipped
876,600,Jason Small,skipped,skipped,skipped,skipped
879,600,Jason Small,Mike Moore,Ambroise Agosse,Raju Charles,skipped
900,600,Raju Charles,skipped,skipped,skipped,skipped
901,600,Ambroise Agosse,skipped,skipped,skipped,skipped
902,600,Jason Small,Raju Charles,skipped,skipped,skipped
911,600,Mike Moore,Raju Charles,Jason Small,Ambroise Agosse,skipped
917,600,Ambroise Agosse,Mike Moore,Jason Small,Raju Charles,skipped
958,600,Jason Small,Raju Charles,Ambroise Agosse,skipped,skipped
968,600,Raju Charles,skipped,skipped,skipped,skipped
974,600,Raju Charles,Ambroise Agosse,Mike Moore,Jason Small,skipped
975,600,Jason Small,Ambroise Agosse,skipped,skipped,skipped
993,600,Mike Moore,skipped,skipped,skipped,skipped
995,600,Jason Small,Mike Moore,skipped,skipped,skipped
1003,600,Mike Moore,Jason Small,skipped,skipped,skipped
1007,600,Mike Moore,Jason Small,skipped,skipped,skipped
1013,600,Mike Moore,Jason Small,skipped,skipped,skipped
1024,600,Mike Moore,skipped,skipped,skipped,skipped
1025,600,Mike Moore,skipped,skipped,skipped,skipped
1030,600,Mike Moore,Ambroise Agosse,Jason Small,Raju Charles,skipped
1033,600,Mike Moore,Jason Small,skipped,skipped,skipped
1038,600,Jason Small,Ambroise Agosse,Mike Moore,skipped,skipped
1051,600,Jason Small,Mike Moore,Ambroise Agosse,Raju Charles,skipped
1056,600,Raju Charles,Mike Moore,Jason Small,skipped,skipped
1059,600,Raju Charles,skipped,skipped,skipped,skipped
1060,600,Mike Moore,Jason Small,Ambroise Agosse,Raju Charles,skipped
1061,600,Jason Small,Ambroise Agosse,Raju Charles,Mike Moore,skipped
1071,600,Ambroise Agosse,Mike Moore,Jason Small,Raju Charles,skipped
1078,600,Ambroise Agosse,Mike Moore,Jason Small,Raju Charles,skipped
1091,600,Raju Charles,Ambroise Agosse,Mike Moore,Jason Small,skipped
1100,600,Mike Moore,Jason Small,skipped,skipped,skipped
1142,600,Jason Small,Mike Moore,Raju Charles,Ambroise Agosse,skipped
1143,600,Mike Moore,skipped,skipped,skipped,skipped
1154,600,Jason Small,Mike Moore,Ambroise Agosse,Raju Charles,skipped
1155,600,Mike Moore,Jason Small,skipped,skipped,skipped
1159,600,Mike Moore,skipped,skipped,skipped,skipped
1174,600,Mike Moore,Jason Small,Raju Charles,skipped,skipped
1175,600,Mike Moore,Jason Small,Raju Charles,Ambroise Agosse,skipped
1176,600,Mike Moore,skipped,skipped,skipped,skipped
1177,600,Mike Moore,Jason Small,Ambroise Agosse,Raju Charles,skipped
1181,600,Mike Moore,skipped,skipped,skipped,skipped
1200,600,Mike Moore,skipped,skipped,skipped,skipped
1201,600,Mike Moore,Jason Small,skipped,skipped,skipped
1207,600,Mike Moore,Jason Small,Raju Charles,Ambroise Agosse,skipped
1221,600,Mike Moore,skipped,skipped,skipped,skipped
1223,600,Jason Small,Mike Moore,skipped,skipped,skipped
1224,600,Ambroise Agosse,Jason Small,Mike Moore,Raju Charles,skipped
1230,600,Mike Moore,Jason Small,skipped,skipped,skipped
1256,600,Mike Moore,skipped,skipped,skipped,skipped
1261,600,Ambroise Agosse,skipped,skipped,skipped,skipped
1269,600,Jason Small,skipped,skipped,skipped,skipped
1274,600,Mike Moore,Ambroise Agosse,Raju Charles,Jason Small,skipped
1276,600,Mike Moore,Raju Charles,Jason Small,Ambroise Agosse,skipped
1277,600,Mike Moore,Raju Charles,Jason Small,Ambroise Agosse,skipped
1278,600,Mike Moore,Jason Small,Ambroise Agosse,Raju Charles,skipped
1296,600,Mike Moore,Ambroise Agosse,Raju Charles,Jason Small,skipped
1316,600,Raju Charles,skipped,skipped,skipped,skipped
1331,600,Jason Small,Mike Moore,skipped,skipped,skipped
1350,600,Ambroise Agosse,skipped,skipped,skipped,skipped
1351,600,Ambroise Agosse,skipped,skipped,skipped,skipped
1352,600,Mike Moore,skipped,skipped,skipped,skipped
1367,600,Jason Small,Mike Moore,Ambroise Agosse,Raju Charles,skipped
1370,600,Jason Small,Ambroise Agosse,skipped,skipped,skipped
1377,600,Mike Moore,Jason Small,Raju Charles,Ambroise Agosse,skipped
1390,600,Mike Moore,skipped,skipped,skipped,skipped
1391,600,Mike Moore,Jason Small,Raju Charles,Ambroise Agosse,skipped
1392,600,Mike Moore,skipped,skipped,skipped,skipped
1397,600,Ambroise Agosse,skipped,skipped,skipped,skipped
1417,600,Mike Moore,skipped,skipped,skipped,skipped
1421,600,Jason Small,Raju Charles,Ambroise Agosse,Mike Moore,skipped
1422,600,Raju Charles,Ambroise Agosse,Jason Small,Mike Moore,skipped
1430,600,Raju Charles,Mike Moore,Ambroise Agosse,Jason Small,skipped
1441,600,Jason Small,Ambroise Agosse,skipped,skipped,skipped
1445,600,Mike Moore,Jason Small,Raju Charles,Ambroise Agosse,skipped
1450,600,Jason Small,Ambroise Agosse,skipped,skipped,skipped
1452,600,Jason Small,Ambroise Agosse,skipped,skipped,skipped
1477,600,Mike Moore,skipped,skipped,skipped,skipped
1484,600,Mike Moore,Jason Small,Raju Charles,skipped,skipped
1498,600,Mike Moore,Jason Small,Ambroise Agosse,Raju Charles,skipped
1512,600,Jason Small,skipped,skipped,skipped,skipped
1513,600,Jason Small,Raju Charles,skipped,skipped,skipped
1532,600,Mike Moore,skipped,skipped,skipped,skipped
1542,600,Mike Moore,skipped,skipped,skipped,skipped
1563,600,Mike Moore,Jason Small,skipped,skipped,skipped
1570,600,Mike Moore,Jason Small,skipped,skipped,skipped
1572,600,Jason Small,skipped,skipped,skipped,skipped
1582,600,Mike Moore,Jason Small,skipped,skipped,skipped
1589,600,Ambroise Agosse,Raju Charles,skipped,skipped,skipped
1616,600,Jason Small,Mike Moore,Raju Charles,skipped,skipped
1618,600,Jason Small,Mike Moore,Raju Charles,skipped,skipped
1652,600,Jason Small,skipped,skipped,skipped,skipped
1688,600,Raju Charles,Mike Moore,Jason Small,Ambroise Agosse,skipped
1703,600,Raju Charles,Mike Moore,skipped,skipped,skipped
1704,600,Jason Small,Ambroise Agosse,skipped,skipped,skipped
1721,600,Mike Moore,Jason Small,Ambroise Agosse,Raju Charles,skipped
1752,600,Jason Small,skipped,skipped,skipped,skipped
1763,600,Jason Small,Mike Moore,skipped,skipped,skipped
1769,600,Jason Small,Ambroise Agosse,Mike Moore,Raju Charles,skipped
1770,600,Jason Small,Mike Moore,Ambroise Agosse,Raju Charles,skipped
1771,600,Jason Small,Mike Moore,Ambroise Agosse,Raju Charles,skipped
1808,600,Jason Small,Mike Moore,Ambroise Agosse,skipped,skipped
1825,600,Jason Small,Mike Moore,Ambroise Agosse,skipped,skipped
1842,600,Mike Moore,Jason Small,Ambroise Agosse,Raju Charles,skipped
1843,600,Mike Moore,Jason Small,Raju Charles,Ambroise Agosse,skipped
1846,600,Ambroise Agosse,Jason Small,Mike Moore,Raju Charles,skipped
1847,600,Jason Small,Ambroise Agosse,Raju Charles,Mike Moore,skipped
1848,600,Jason Small,Ambroise Agosse,Raju Charles,Mike Moore,skipped
1849,600,Jason Small,Mike Moore,Ambroise Agosse,Raju Charles,skipped
1850,600,Mike Moore,skipped,skipped,skipped,skipped
1853,600,Mike Moore,Jason Small,skipped,skipped,skipped
1854,600,Jason Small,Mike Moore,Raju Charles,skipped,skipped
1858,600,Jason Small,skipped,skipped,skipped,skipped
1864,600,Jason Small,Mike Moore,Ambroise Agosse,skipped,skipped
1880,600,Jason Small,Mike Moore,Ambroise Agosse,Raju Charles,skipped
1886,600,Ambroise Agosse,Raju Charles,Mike Moore,skipped,skipped
1888,600,Raju Charles,Ambroise Agosse,Mike Moore,skipped,skipped
1889,600,Raju Charles,Raju Charles,skipped,skipped,skipped
1890,600,Raju Charles,Ambroise Agosse,Mike Moore,Jason Small,skipped
1900,600,Raju Charles,Ambroise Agosse,Mike Moore,skipped,skipped
1904,600,Jason Small,Mike Moore,Ambroise Agosse,Raju Charles,skipped
1907,600,Mike Moore,Ambroise Agosse,Jason Small,skipped,skipped
1922,600,Jason Small,Ambroise Agosse,Mike Moore,Raju Charles,skipped
1941,600,Jason Small,Mike Moore,skipped,skipped,skipped
1942,600,Jason Small,Mike Moore,Raju Charles,Ambroise Agosse,skipped
1943,600,Jason Small,Mike Moore,Raju Charles,Ambroise Agosse,skipped
1951,600,Jason Small,skipped,skipped,skipped,skipped
1952,600,Jason Small,skipped,skipped,skipped,skipped
1957,600,Mike Moore,Ambroise Agosse,Jason Small,Raju Charles,skipped
1964,600,Jason Small,Mike Moore,skipped,skipped,skipped
1974,600,Jason Small,Mike Moore,Ambroise Agosse,Raju Charles,skipped
1995,600,Jason Small,Mike Moore,Ambroise Agosse,Raju Charles,skipped
2019,600,Jason Small,skipped,skipped,skipped,skipped
2020,600,Mike Moore,Jason Small,skipped,skipped,skipped
2021,600,Jason Small,Mike Moore,Raju Charles,Ambroise Agosse,skipped
2022,600,Jason Small,Mike Moore,Raju Charles,Ambroise Agosse,skipped
2023,600,Mike Moore,skipped,skipped,skipped,skipped
2029,600,Jason Small,Mike Moore,Raju Charles,Ambroise Agosse,skipped
2042,600,Mike Moore,Ambroise Agosse,Raju Charles,skipped,skipped
2055,600,Jason Small,Jason Small,Jason Small,Jason Small,Jason Small
2060,600,Jason Small,Mike Moore,skipped,skipped,skipped
2092,600,Mike Moore,Jason Small,WRITE-IN147,Ambroise Agosse,Raju Charles
2093,600,Mike Moore,Jason Small,WRITE-IN149,Ambroise Agosse,Raju Charles
2094,600,Jason Small,Mike Moore,Ambroise Agosse,Raju Charles,skipped
2095,600,Jason Small,Mike Moore,Ambroise Agosse,Raju Charles,skipped
2130,600,Mike Moore,skipped,skipped,skipped,skipped
2141,600,Jason Small,skipped,skipped,skipped,skipped
2150,600,Mike Moore,Jason Small,Raju Charles,Ambroise Agosse,skipped
2152,600,Mike Moore,Jason Small,skipped,skipped,skipped
2156,600,Jason Small,Mike Moore,Raju Charles,Ambroise Agosse,skipped
2157,600,Raju Charles,Ambroise Agosse,Mike Moore,Jason Small,skipped
2164,600,Jason Small,Ambroise Agosse,Mike Moore,skipped,skipped
2165,600,Jason Small,Mike Moore,Ambroise Agosse,Raju Charles,skipped
2209,600,Jason Small,Mike Moore,Ambroise Agosse,skipped,skipped
2219,600,Jason Small,Mike Moore,Ambroise Agosse,Raju Charles,skipped
2220,600,Jason Small,Mike Moore,Ambroise Agosse,Raju Charles,skipped
2224,600,Jason Small,skipped,skipped,skipped,skipped
2243,600,Ambroise Agosse,Mike Moore,Raju Charles,Jason Small,skipped
2244,600,Mike Moore,Jason Small,skipped,skipped,skipped
2245,600,Mike Moore,Ambroise Agosse,Jason Small,Raju Charles,WRITE-IN164
2246,600,Mike Moore,Ambroise Agosse,Jason Small,Raju Charles,skipped
2254,600,Ambroise Agosse,skipped,skipped,skipped,skipped
2268,600,Mike Moore,Ambroise Agosse,Jason Small,Raju Charles,skipped
2284,600,Mike Moore,Jason Small,Raju Charles,Ambroise Agosse,skipped
2289,600,Jason Small,skipped,skipped,skipped,skipped
2290,600,Mike Moore,Jason Small,skipped,skipped,skipped
2291,600,Mike Moore,Jason Small,skipped,skipped,skipped
2292,600,Mike Moore,Jason Small,skipped,skipped,skipped
2304,600,Raju Charles,Mike Moore,Jason Small,Ambroise Agosse,skipped
2305,600,Raju Charles,skipped,skipped,skipped,skipped
2306,600,Jason Small,skipped,skipped,skipped,skipped
2307,600,Raju Charles,skipped,skipped,skipped,skipped
2332,600,Ambroise Agosse,Jason Small,Mike Moore,Raju Charles,skipped
2334,600,Mike Moore,Jason Small,Raju Charles,Ambroise Agosse,skipped
2391,600,Jason Small,Mike Moore,Ambroise Agosse,Raju Charles,skipped
2444,600,Mike Moore,Jason Small,Ambroise Agosse,Raju Charles,skipped
2451,600,Raju Charles,Ambroise Agosse,Jason Small,Mike Moore,skipped
2467,600,Ambroise Agosse,Raju Charles]Mike Moore,skipped,Jason Small,skipped
2485,600,Jason Small,Ambroise Agosse,Mike Moore,Raju Charles,skipped
2504,600,Jason Small,Raju Charles,Ambroise Agosse,Mike Moore,skipped
2566,600,Ambroise Agosse,Mike Moore,skipped,skipped,skipped
2588,600,Jason Small,Ambroise Agosse,Raju Charles,Mike Moore,skipped
2590,600,Ambroise Agosse,Jason Small,skipped,skipped,skipped
2592,600,Raju Charles,WRITE-IN175,Ambroise Agosse,Mike Moore,skipped
2593,600,Jason Small,Mike Moore,skipped,skipped,skipped
2596,600,Ambroise Agosse,skipped,skipped,skipped,skipped
2598,600,Ambroise Agosse,Jason Small,Mike Moore,Raju Charles,skipped
2624,600,Ambroise Agosse,skipped,skipped,skipped,skipped
2626,600,Ambroise Agosse,Ambroise Agosse,Ambroise Agosse,skipped,skipped
2628,600,Jason Small,Mike Moore,Raju Charles,Ambroise Agosse,skipped
2660,600,Jason Small,Jason Small,Jason Small,Jason Small,Jason Small
2661,600,Mike Moore,Raju Charles,Ambroise Agosse,skipped,skipped
2662,600,Mike Moore,Jason Small,WRITE-IN178,Raju Charles,Ambroise Agosse
2677,600,Jason Small,Ambroise Agosse,Mike Moore,Raju Charles,skipped
2681,600,Jason Small,Ambroise Agosse,Raju Charles,Mike Moore,skipped
2698,600,Ambroise Agosse,Jason Small,Raju Charles,Mike Moore,skipped
2701,600,Mike Moore,skipped,skipped,skipped,skipped
2717,600,Jason Small,skipped,skipped,skipped,skipped
2719,600,Jason Small,Jason Small,Mike Moore,Mike Moore,skipped
2733,600,Ambroise Agosse,Raju Charles,Mike Moore,WRITE-IN183,skipped
2737,600,Jason Small,Ambroise Agosse,skipped,skipped,skipped
2743,600,Mike Moore,Raju Charles,Jason Small,skipped,skipped
2744,600,Mike Moore,Jason Small,skipped,skipped,skipped
2825,600,Ambroise Agosse,Jason Small,Raju Charles,Mike Moore,skipped
2849,600,Mike Moore,Jason Small,Ambroise Agosse,Raju Charles,skipped
2864,600,Jason Small,Ambroise Agosse,Raju Charles,Mike Moore,skipped
2868,600,Raju Charles,Jason Small,Mike Moore,WRITE-IN190,skipped
2869,600,Ambroise Agosse,Mike Moore,Raju Charles,Jason Small,skipped
2876,600,Mike Moore,Raju Charles,Jason Small,Ambroise Agosse,skipped
2881,600,Jason Small,Mike Moore,skipped,skipped,skipped
2894,600,Jason Small,Mike Moore,skipped,skipped,skipped
2902,600,Ambroise Agosse,Jason Small,skipped,skipped,skipped
2913,600,Ambroise Agosse,skipped,skipped,skipped,skipped
2914,600,Raju Charles,Ambroise Agosse,Mike Moore,skipped,skipped
2916,600,Raju Charles,skipped,skipped,skipped,skipped
2920,600,Raju Charles,Ambroise Agosse,Mike Moore,Jason Small,skipped
2922,600,Raju Charles,Ambroise Agosse,Jason Small,Mike Moore,skipped
2924,600,Raju Charles,Ambroise Agosse,Jason Small,Mike Moore,skipped
2926,600,Raju Charles,Ambroise Agosse,Mike Moore,Jason Small,WRITE-IN191
2930,600,Mike Moore,Raju Charles,Jason Small,Ambroise Agosse,skipped
2951,600,Ambroise Agosse,Jason Small,Raju Charles,Jason Small,Ambroise Agosse
2953,600,Mike Moore,Raju Charles,skipped,skipped,skipped
2974,600,Jason Small,Mike Moore,Ambroise Agosse,Raju Charles,skipped
2994,600,Raju Charles,Jason Small,skipped,skipped,skipped
2996,600,Ambroise Agosse,Raju Charles,Mike Moore,Jason Small,skipped
2998,600,Mike Moore,skipped,skipped,skipped,skipped
3000,600,Ambroise Agosse,Mike Moore,Jason Small,Raju Charles,skipped
3015,600,Ambroise Agosse,Raju Charles,Mike Moore,Jason Small,skipped
3019,600,Jason Small,Ambroise Agosse,Mike Moore,Raju Charles,skipped
3034,600,Ambroise Agosse,Mike Moore,Jason Small,Ambroise Agosse,Ambroise Agosse
3054,600,Jason Small,Mike Moore,skipped,skipped,skipped
3094,600,Mike Moore,Jason Small,Ambroise Agosse,skipped,skipped
3100,600,Jason Small,Mike Moore,Ambroise Agosse,Raju Charles,skipped
3126,600,Ambroise Agosse,Mike Moore,Raju Charles,Jason Small,skipped
3128,600,Jason Small,Ambroise Agosse,skipped,skipped,skipped
3130,600,Jason Small,skipped,skipped,skipped,skipped
3172,600,Ambroise Agosse,skipped,skipped,skipped,skipped
3186,600,Mike Moore,Ambroise Agosse,Jason Small,skipped,skipped
3216,600,Ambroise Agosse,Jason Small,Mike Moore,Raju Charles,skipped
3219,600,Ambroise Agosse,Jason Small,Mike Moore,Raju Charles,skipped
3234,600,Mike Moore,Jason Small,skipped,skipped,skipped
3281,600,Jason Small,Mike Moore,Ambroise Agosse,Raju Charles,skipped
3283,600,Jason Small,Ambroise Agosse,Raju Charles,skipped,skipped
3288,600,Ambroise Agosse,skipped,skipped,skipped,skipped
3289,600,Jason Small,Mike Moore,Raju Charles,Ambroise Agosse,skipped
3313,600,Mike Moore,Jason Small,Ambroise Agosse,Raju Charles,skipped
3316,600,Mike Moore,Jason Small,Ambroise Agosse,Raju Charles,skipped
3324,600,Jason Small,Mike Moore,Ambroise Agosse,Raju Charles,skipped
3355,600,Ambroise Agosse,skipped,skipped,skipped,skipped
3358,600,Ambroise Agosse,Mike Moore,Jason Small,Raju Charles,skipped
3379,600,Jason Small,Ambroise Agosse,skipped,skipped,skipped
3398,600,Ambroise Agosse,Raju Charles,Jason Small,Mike Moore,skipped
3444,600,Mike Moore,Ambroise Agosse,Raju Charles,Jason Small,skipped
3453,600,Raju Charles,Mike Moore,Jason Small,skipped,skipped
3465,600,Raju Charles,skipped,skipped,skipped,skipped
3467,600,Mike Moore,skipped,skipped,skipped,skipped
3469,600,Ambroise Agosse,skipped,skipped,skipped,skipped
3487,600,Jason Small,Mike Moore,Raju Charles,Ambroise Agosse,skipped
3489,600,Jason Small,Mike Moore,Ambroise Agosse,Raju Charles,skipped
3532,600,Jason Small,Mike Moore,Ambroise Agosse,Raju Charles,skipped
3540,600,Mike Moore,Jason Small,Raju Charles,Ambroise Agosse,skipped
3547,600,Mike Moore,Ambroise Agosse,Raju Charles,Jason Small,skipped
3549,600,Jason Small,Ambroise Agosse,Mike Moore,Raju Charles,skipped
3555,600,Mike Moore,skipped,Jason Small,Ambroise Agosse]Raju Charles,skipped
3606,600,Jason Small,skipped,skipped,skipped,skipped
3665,600,Jason Small,Raju Charles,Mike Moore,Ambroise Agosse,skipped
3669,600,Ambroise Agosse,skipped,skipped,skipped,skipped
3697,600,Jason Small,Ambroise Agosse,Mike Moore,Raju Charles,skipped
3704,600,Jason Small,Ambroise Agosse,Mike Moore,Raju Charles,skipped
3830,600,Raju Charles,skipped,skipped,skipped,skipped
3843,600,Ambroise Agosse,skipped,skipped,skipped,skipped
3849,600,Mike Moore,Jason Small,Raju Charles,Ambroise Agosse,skipped
3850,600,Mike Moore,Jason Small,Ambroise Agosse,Raju Charles,skipped
3890,600,WRITE-IN223,skipped,skipped,skipped,skipped
3941,600,Mike Moore,skipped,skipped,skipped,skipped
4002,600,Jason Small,skipped,skipped,skipped,skipped
4004,600,Jason Small,Mike Moore,skipped,skipped,skipped
4005,600,Jason Small,Mike Moore,skipped,skipped,skipped
4006,600,Jason Small,Mike Moore,skipped,skipped,skipped
4007,600,Mike Moore,Raju Charles,Ambroise Agosse,Jason Small,skipped
4008,600,Mike Moore,Raju Charles,Ambroise Agosse,Jason Small,skipped
4009,600,Ambroise Agosse,Raju Charles,Jason Small,Mike Moore,skipped
4010,600,Jason Small,Raju Charles,Mike Moore,Ambroise Agosse,skipped
4011,600,Jason Small,skipped,skipped,skipped,skipped
4013,600,Jason Small,Mike Moore,Ambroise Agosse,skipped,skipped
4014,600,Jason Small,Mike Moore,Ambroise Agosse,skipped,skipped
4016,600,Mike Moore,skipped,skipped,skipped,skipped
4017,600,Mike Moore,skipped,skipped,skipped,skipped
4020,600,Jason Small,Mike Moore,skipped,skipped,skipped
4021,600,Jason Small,skipped,skipped,skipped,skipped
4023,600,Jason Small,skipped,skipped,skipped,skipped
4092,600,Ambroise Agosse,Mike Moore,Jason Small,Raju Charles,skipped
4108,600,Jason Small,Mike Moore,Raju Charles,Ambroise Agosse,skipped
4152,600,Mike Moore,Jason Small,Ambroise Agosse,skipped,skipped
4175,600,Mike Moore,Jason Small,skipped,skipped,skipped
4176,600,Mike Moore,Jason Small,skipped,skipped,skipped
4191,600,Jason Small,Jason Small,Jason Small,Jason Small,Jason Small
4212,600,Ambroise Agosse,Raju Charles,Mike Moore,skipped,skipped
4225,600,Ambroise Agosse,Mike Moore,Raju Charles,Jason Small,skipped
4231,600,Jason Small,Mike Moore,Ambroise Agosse,skipped,skipped
4254,600,Jason Small,Ambroise Agosse,skipped,skipped,skipped
4267,600,Mike Moore,WRITE-IN246,skipped,skipped,skipped
4268,600,Raju Charles,Mike Moore,Ambroise Agosse,Jason Small,skipped
4284,600,Jason Small,Mike Moore,Ambroise Agosse,Raju Charles,skipped
4336,600,Mike Moore,Jason Small,Ambroise Agosse,Raju Charles,skipped
4368,600,Mike Moore,Jason Small,Ambroise Agosse,Raju Charles,skipped
4378,600,Jason Small,Mike Moore,skipped,skipped,skipped
4381,600,Mike Moore,Jason Small,skipped,skipped,skipped
4382,600,Mike Moore,Jason Small,skipped,skipped,skipped
4396,600,Jason Small,skipped,skipped,skipped,skipped
4398,600,Mike Moore,Raju Charles,Jason Small,Ambroise Agosse,skipped
4402,600,Ambroise Agosse,Raju Charles,Mike Moore,Jason Small,skipped
4409,600,Jason Small,Mike Moore,Ambroise Agosse,skipped,skipped
4413,600,Ambroise Agosse,Raju Charles,Jason Small,Mike Moore,WRITE-IN260
4418,600,Jason Small,skipped,skipped,skipped,skipped
4419,600,Jason Small,skipped,skipped,skipped,skipped
4420,600,Jason Small,Raju Charles,Mike Moore,skipped,skipped
4422,600,Mike Moore,Raju Charles,Jason Small,Ambroise Agosse,skipped
4426,600,Mike Moore,Jason Small,Ambroise Agosse,Raju Charles,skipped
4429,600,Jason Small,Mike Moore,skipped,skipped,skipped
4431,600,Mike Moore,Jason Small,skipped,skipped,skipped
4432,600,Jason Small,Ambroise Agosse,Mike Moore,skipped,skipped
4433,600,Jason Small,Raju Charles,Mike Moore,Ambroise Agosse,skipped
4434,600,Ambroise Agosse,Mike Moore,Jason Small,skipped,Raju Charles
4436,600,Jason Small,Mike Moore,Raju Charles,Ambroise Agosse,skipped
4439,600,Jason Small,skipped,skipped,skipped,skipped
4443,600,Jason Small,Ambroise Agosse,Mike Moore,skipped,skipped
4444,600,Jason Small,Ambroise Agosse,Raju Charles,Mike Moore,skipped
4447,600,Ambroise Agosse,Jason Small,skipped,skipped,skipped
4451,600,Jason Small,skipped,skipped,skipped,skipped
4452,600,Mike Moore,skipped,skipped,skipped,skipped
4456,600,Ambroise Agosse,Jason Small,Mike Moore,Raju Charles,skipped
4457,600,Jason Small,skipped,skipped,skipped,skipped
4458,600,Mike Moore,skipped,skipped,skipped,skipped
4470,600,Jason Small,Mike Moore,Ambroise Agosse,skipped,skipped
4472,600,Jason Small,Mike Moore,Raju Charles,Ambroise Agosse,skipped
4473,600,Mike Moore,skipped,skipped,skipped,skipped
4474,600,Mike Moore,Raju Charles,Ambroise Agosse,skipped,skipped
4475,600,Mike Moore,Ambroise Agosse,Raju Charles,Jason Small,skipped
4477,600,Jason Small,Raju Charles,skipped,skipped,skipped
4482,600,Mike Moore,skipped,skipped,skipped,skipped
4484,600,Ambroise Agosse,Raju Charles,skipped,skipped,skipped
4494,600,Ambroise Agosse,skipped,skipped,skipped,skipped
4497,600,Jason Small,skipped,skipped,skipped,skipped
4499,600,Jason Small,Mike Moore,skipped,skipped,skipped
4500,600,Jason Small,Mike Moore,Ambroise Agosse,Raju Charles,skipped
4501,600,Ambroise Agosse,Raju Charles,Jason Small,skipped,skipped
4521,600,Jason Small,Ambroise Agosse,Mike Moore,Raju Charles,skipped
4538,600,Ambroise Agosse,Mike Moore,Jason Small,Raju Charles,skipped
4546,600,Mike Moore,Ambroise Agosse,Raju Charles,Jason Small,skipped
4547,600,Jason Small,Ambroise Agosse,Mike Moore,Raju Charles,skipped
4573,600,Jason Small,skipped,skipped,skipped,skipped
4579,600,Jason Small,Ambroise Agosse,Raju Charles,Mike Moore,skipped
4586,600,Mike Moore,skipped,skipped,skipped,skipped
4622,600,Mike Moore,skipped,skipped,skipped,skipped
4642,600,Jason Small,Raju Charles,Mike Moore,Ambroise Agosse,skipped
4649,600,Jason Small,Mike Moore,Ambroise Agosse,Raju Charles,skipped
4654,600,Mike Moore,Ambroise Agosse,Jason Small,Raju Charles,skipped
4656,600,Jason Small,Mike Moore,skipped,skipped,skipped
4660,600,Jason Small,Mike Moore,skipped,skipped,skipped
4671,600,Mike Moore,Ambroise Agosse,skipped,skipped,skipped
4684,600,Ambroise Agosse,skipped,skipped,skipped,skipped
4685,600,Jason Small,skipped,skipped,skipped,skipped
4686,600,Mike Moore,skipped,skipped,skipped,skipped
4687,600,Jason Small,skipped,skipped,skipped,skipped
4688,600,Mike Moore,Raju Charles,Jason Small,skipped,skipped
4689,600,Jason Small,Mike Moore,skipped,skipped,skipped
4692,600,Mike Moore,Ambroise Agosse,Raju Charles,Jason Small,skipped
4693,600,Ambroise Agosse,Jason Small,Raju Charles,Mike Moore,skipped
4694,600,Jason Small,skipped,skipped,skipped,skipped
4697,600,Mike Moore,Jason Small,skipped,skipped,skipped
4698,600,Mike Moore,skipped,skipped,skipped,skipped
4702,600,Raju Charles,skipped,skipped,skipped,skipped
4709,600,Mike Moore,skipped,skipped,skipped,skipped
4712,600,Mike Moore,Ambroise Agosse,Raju Charles,Jason Small,skipped
4713,600,Mike Moore,Ambroise Agosse,Jason Small,Raju Charles,skipped
4714,600,Mike Moore,Jason Small,skipped,skipped,skipped
4716,600,Jason Small,Mike Moore,Raju Charles,Ambroise Agosse,skipped
4717,600,Mike Moore,skipped,skipped,skipped,skipped
4720,600,Raju Charles,Ambroise Agosse,skipped,skipped,skipped
4721,600,Mike Moore,skipped,skipped,skipped,skipped
4723,600,Mike Moore,skipped,skipped,skipped,skipped
4725,600,WRITE-IN285,Jason Small,Mike Moore,Ambroise Agosse,skipped
4726,600,Ambroise Agosse,Jason Small,Raju Charles,Mike Moore,skipped
4730,600,Jason Small,Mike Moore,Ambroise Agosse,Raju Charles,skipped
4731,600,Jason Small,Mike Moore,skipped,skipped,skipped
4732,600,Jason Small,Mike Moore,Raju Charles,Ambroise Agosse,skipped
4736,600,Jason Small,Mike Moore,Raju Charles,Ambroise Agosse,skipped
4737,600,Mike Moore,Jason Small,Ambroise Agosse,Raju Charles,skipped
4738,600,Jason Small,skipped,skipped,skipped,skipped
4739,600,Jason Small,Mike Moore,skipped,skipped,skipped
4741,600,Jason Small,Mike Moore,Ambroise Agosse,Raju Charles,skipped
4742,600,Jason Small,Mike Moore,skipped,skipped,skipped
4744,600,Jason Small,Mike Moore,Raju Charles,Ambroise Agosse,skipped
4746,600,Ambroise Agosse,Jason Small,Mike Moore,Raju Charles,skipped
4748,600,Jason Small,Ambroise Agosse,Mike Moore,Raju Charles,skipped
4749,600,Ambroise Agosse,Raju Charles,Jason Small,Mike Moore,skipped
4750,600,Ambroise Agosse,Raju Charles,Mike Moore,Jason Small,skipped
4751,600,Jason Small,Raju Charles,skipped,skipped,skipped
4753,600,Mike Moore,Jason Small,WRITE-IN288,Ambroise Agosse,skipped
4755,600,Mike Moore,skipped,skipped,skipped,skipped
4756,600,Mike Moore,skipped,skipped,skipped,skipped
4757,600,Jason Small,skipped,skipped,skipped,skipped
4758,600,Mike Moore,Jason Small,Raju Charles,Ambroise Agosse,skipped
4760,600,Ambroise Agosse,Raju Charles,Mike Moore,Jason Small,skipped
4761,600,Jason Small,Mike Moore,Ambroise Agosse,Raju Charles,skipped
4766,600,Mike Moore,skipped,skipped,skipped,skipped
4767,600,Mike Moore,skipped,skipped,skipped,skipped
4769,600,Mike Moore,Jason Small,Raju Charles,Ambroise Agosse,skipped
4770,600,Jason Small,Mike Moore,skipped,skipped,skipped
4771,600,Jason Small,Raju Charles,Ambroise Agosse,Mike Moore,skipped
4774,600,Jason Small,Ambroise Agosse,Raju Charles,Mike Moore,skipped
4775,600,Mike Moore,Raju Charles,Jason Small,Ambroise Agosse,skipped
4776,600,Jason Small,Mike Moore,Ambroise Agosse,Raju Charles,skipped
4777,600,Mike Moore,Jason Small,Ambroise Agosse,Raju Charles,skipped
4778,600,Mike Moore,Jason Small,Ambroise Agosse,Raju Charles,skipped
4779,600,Jason Small,Jason Small,skipped,skipped,skipped
4780,600,Raju Charles,Mike Moore,Jason Small,Ambroise Agosse,skipped
4785,600,Jason Small,Ambroise Agosse,Raju Charles,Mike Moore,skipped
4790,600,Jason Small,skipped,skipped,skipped,skipped
4792,600,Mike Moore,skipped,skipped,skipped,skipped
4793,600,Mike Moore,skipped,skipped,skipped,skipped
4794,600,Mike Moore,WRITE-IN291,skipped,skipped,skipped
4797,600,Ambroise Agosse,Raju Charles,skipped,skipped,skipped
4798,600,Mike Moore,Jason Small,Ambroise Agosse,Raju Charles,skipped
4799,600,Jason Small,Mike Moore,Raju Charles,Ambroise Agosse,skipped
4801,600,Jason Small,Mike Moore,Ambroise Agosse,Raju Charles,skipped
4808,600,Jason Small,Ambroise Agosse,Mike Moore,Raju Charles,skipped
4809,600,Jason Small,skipped,skipped,skipped,skipped
4813,600,Ambroise Agosse,skipped,skipped,skipped,skipped
4814,600,Jason Small,Mike Moore,skipped,skipped,skipped
4820,600,Jason Small,skipped,skipped,skipped,skipped
4821,600,Ambroise Agosse,Jason Small,Mike Moore,skipped,skipped
4823,600,Jason Small,Ambroise Agosse,Mike Moore,Raju Charles,skipped
4824,600,Jason Small,Mike Moore,Ambroise Agosse,Raju Charles,skipped
4826,600,Jason Small,Mike Moore,Ambroise Agosse,Raju Charles,skipped
4830,600,Ambroise Agosse,Raju Charles,Jason Small,Mike Moore,WRITE-IN293
4831,600,Jason Small,Mike Moore,Raju Charles,Ambroise Agosse,skipped
4832,600,WRITE-IN295,skipped,skipped,skipped,skipped
4857,600,Mike Moore,skipped,skipped,skipped,skipped
4889,600,Jason Small,skipped,skipped,skipped,skipped
4890,600,Jason Small,skipped,skipped,skipped,skipped
4897,600,Jason Small,Mike Moore,skipped,skipped,skipped
4898,600,Mike Moore,Jason Small,skipped,skipped,skipped
4919,600,Mike Moore,skipped,skipped,skipped,skipped
4921,600,Mike Moore,skipped,skipped,skipped,skipped
4961,600,Mike Moore,skipped,skipped,skipped,skipped
4979,600,Jason Small,skipped,skipped,skipped,skipped
4995,600,Ambroise Agosse,Mike Moore,skipped,WRITE-IN311,Raju Charles
5010,600,Jason Small,Ambroise Agosse,Raju Charles,Mike Moore,skipped
5012,600,Jason Small,Mike Moore,Raju Charles,skipped,skipped
5013,600,Jason Small,Ambroise Agosse,Raju Charles,Mike Moore,skipped
5014,600,Mike Moore,Raju Charles,Ambroise Agosse,Jason Small,skipped
5026,600,Jason Small,Mike Moore,skipped,skipped,skipped
5027,600,Ambroise Agosse,Raju Charles,Jason Small,Mike Moore,skipped
5028,600,Mike Moore,Jason Small,skipped,skipped,skipped
5030,600,Ambroise Agosse,Raju Charles,Mike Moore,Jason Small,skipped
5031,600,Jason Small,Ambroise Agosse,Mike Moore,Raju Charles,skipped
5032,600,Jason Small,Ambroise Agosse,Raju Charles,Mike Moore,skipped
5033,600,Jason Small,skipped,skipped,skipped,skipped
5039,600,Mike Moore,skipped,skipped,skipped,skipped
5040,600,Mike Moore,skipped,skipped,skipped,skipped
5041,600,Mike Moore,Jason Small,skipped,skipped,skipped
5042,600,Jason Small,Mike Moore,Raju Charles,Ambroise Agosse,skipped
5043,600,Ambroise Agosse,Jason Small,skipped,skipped,skipped
5044,600,Mike Moore,Jason Small,skipped,skipped,skipped
5045,600,Jason Small,Ambroise Agosse,Raju Charles,Mike Moore,skipped
5046,600,Jason Small,Ambroise Agosse,Raju Charles,Mike Moore,skipped
5047,600,Mike Moore,skipped,skipped,skipped,skipped
5048,600,Mike Moore,Jason Small,Ambroise Agosse,Raju Charles,skipped
5049,600,Jason Small,Mike Moore,Ambroise Agosse,Raju Charles,skipped
5051,600,Jason Small,Ambroise Agosse,Raju Charles,Mike Moore,skipped
5052,600,Mike Moore,skipped,skipped,skipped,skipped
5053,600,Jason Small,Mike Moore,skipped,skipped,skipped
5054,600,Jason Small,Mike Moore,Raju Charles,Ambroise Agosse,skipped
5055,600,Mike Moore,Jason Small,skipped,skipped,skipped
5056,600,Jason Small,skipped,skipped,skipped,skipped
5059,600,Jason Small,Ambroise Agosse,skipped,skipped,skipped
5060,600,Jason Small,Mike Moore,Raju Charles,skipped,skipped
5061,600,Mike Moore,Jason Small,Ambroise Agosse,Raju Charles,skipped
5062,600,Mike Moore,Jason Small,Ambroise Agosse,Raju Charles,skipped
5065,600,Jason Small,Mike Moore,Ambroise Agosse,skipped,skipped
5068,600,Ambroise Agosse,Raju Charles,Jason Small,Mike Moore,skipped
5069,600,Mike Moore,Ambroise Agosse,skipped,skipped,skipped
5070,600,Raju Charles,Mike Moore,skipped,skipped,skipped
5071,600,Ambroise Agosse,Mike Moore,Raju Charles,Jason Small,skipped
5072,600,Jason Small,skipped,skipped,skipped,skipped
5073,600,Raju Charles,Ambroise Agosse,Jason Small,Mike Moore,skipped
5074,600,Jason Small,skipped,skipped,skipped,skipped
5141,600,Mike Moore,Jason Small,skipped,skipped,skipped
5142,600,Jason Small,Mike Moore,skipped,skipped,skipped
5173,600,Jason Small,Mike Moore,skipped,skipped,skipped
5174,600,Jason Small,Mike Moore,skipped,skipped,skipped
5196,600,Ambroise Agosse,skipped,skipped,skipped,skipped
5209,600,Jason Small,Mike Moore,skipped,skipped,skipped
5210,600,Jason Small,Mike Moore,skipped,skipped,skipped
5222,600,Mike Moore,Jason Small,Raju Charles,skipped,skipped
5258,600,Jason Small,Mike Moore,skipped,skipped,skipped
5281,600,Jason Small,Ambroise Agosse,Mike Moore,skipped,skipped
5290,600,Mike Moore,Raju Charles,Ambroise Agosse,Jason Small,skipped
5291,600,Raju Charles,Mike Moore,Raju Charles,Jason Small,Ambroise Agosse
5306,600,Raju Charles,Mike Moore,Raju Charles,Raju Charles,Mike Moore
5341,600,Mike Moore,Jason Small,Raju Charles,Ambroise Agosse,skipped
5368,600,Mike Moore,Jason Small,Mike Moore,skipped,skipped
5377,600,Mike Moore,Jason Small,Raju Charles,Ambroise Agosse,skipped
5378,600,Mike Moore,Ambroise Agosse,Jason Small,Raju Charles,skipped
5417,600,Jason Small,Mike Moore,skipped,skipped,skipped
5424,600,Mike Moore,Jason Small,skipped,skipped,skipped
5477,600,Mike Moore,Jason Small,Ambroise Agosse,Raju Charles,skipped
5488,600,Jason Small,Raju Charles,Ambroise Agosse,Mike Moore,skipped
5489,600,Jason Small,Raju Charles,Ambroise Agosse,Mike Moore,skipped
5574,600,Jason Small,Mike Moore,Raju Charles,Ambroise Agosse,skipped
5581,600,Jason Small,Mike Moore,Raju Charles,Ambroise Agosse,skipped
5591,600,Jason Small,Mike Moore,skipped,skipped,skipped
5596,600,WRITE-IN360,Jason Small,Mike Moore,Raju Charles,Ambroise Agosse
5614,600,Mike Moore,Ambroise Agosse,Raju Charles,Jason Small,skipped
5668,600,Jason Small,Ambroise Agosse,Jason Small,Raju Charles,skipped
5724,600,Ambroise Agosse,Mike Moore,Raju Charles,Jason Small,skipped
5735,600,WRITE-IN376,Jason Small,Mike Moore,Ambroise Agosse,Raju Charles
5792,600,Mike Moore,Jason Small,skipped,skipped,skipped
5797,600,Jason Small,Mike Moore,Ambroise Agosse,Raju Charles,skipped
5813,600,Ambroise Agosse,Jason Small,Mike Moore,Raju Charles,skipped
5821,600,Jason Small,skipped,skipped,skipped,skipped
5824,600,Jason Small,Mike Moore,skipped,skipped,skipped
5864,600,Ambroise Agosse,Jason Small,Mike Moore,Raju Charles,skipped
5876,600,Jason Small,Ambroise Agosse,skipped,skipped,skipped
5878,600,Jason Small,Raju Charles,Mike Moore,skipped,skipped
5901,600,Mike Moore,Jason Small,Raju Charles,Ambroise Agosse,skipped
5905,600,Jason Small,skipped,skipped,skipped,skipped
5919,600,Mike Moore,Jason Small,Ambroise Agosse,Raju Charles,skipped
5936,600,Jason Small,skipped,skipped,skipped,skipped
5943,600,Jason Small,Mike Moore,skipped,skipped,skipped
5944,600,Jason Small,skipped,skipped,skipped,skipped
5947,600,Jason Small,Ambroise Agosse,skipped,skipped,skipped
5948,600,Ambroise Agosse,skipped,skipped,skipped,skipped
5952,600,Mike Moore,skipped,skipped,skipped,skipped
5954,600,Jason Small,Ambroise Agosse,skipped,skipped,skipped
5968,600,Jason Small,Mike Moore,Ambroise Agosse,skipped,Raju Charles
6002,600,Mike Moore,Raju Charles,skipped,skipped,skipped
6074,600,Ambroise Agosse,Jason Small,Mike Moore,Raju Charles,skipped
6091,600,Mike Moore,skipped,skipped,skipped,skipped
6112,600,Raju Charles,skipped,skipped,skipped,skipped
6222,600,Raju Charles,Jason Small,Mike Moore,Ambroise Agosse,skipped
6232,600,Raju Charles,skipped,skipped,skipped,skipped
6234,600,Jason Small,Mike Moore,Raju Charles,skipped,skipped
6249,600,Ambroise Agosse,Mike Moore,Raju Charles,Jason Small,skipped
6250,600,Ambroise Agosse,Mike Moore,Raju Charles,Jason Small,skipped
6308,600,Jason Small,skipped,skipped,skipped,skipped
6310,600,Jason Small,Mike Moore,Ambroise Agosse,skipped,skipped
6311,600,Raju Charles,Jason Small,Ambroise Agosse,skipped,skipped
6312,600,Jason Small,skipped,skipped,skipped,skipped
6313,600,Raju Charles,Mike Moore,Jason Small,Ambroise Agosse,skipped
6320,600,Mike Moore,skipped,skipped,skipped,skipped
6333,600,Jason Small,Ambroise Agosse,Mike Moore,Raju Charles,skipped
6334,600,Raju Charles,skipped,skipped,skipped,skipped
6335,600,Raju Charles,Jason Small,Ambroise Agosse,Mike Moore,skipped
6404,600,Jason Small,Mike Moore,skipped,skipped,skipped
6429,600,Mike Moore,Ambroise Agosse,Jason Small,skipped,skipped
6433,600,Mike Moore,Jason Small,Ambroise Agosse,Raju Charles,skipped
