ballotID,ward,rank1,rank2,rank3,rank4
2,100,Mark Sherman,Shana Fulcher,Elizabeth Wallace,skipped
19,100,Shana Fulcher,skipped,skipped,skipped
22,100,Elizabeth Wallace,Shana Fulcher,skipped,skipped
23,100,Shana Fulcher,skipped,skipped,skipped
30,100,Shana Fulcher,skipped,skipped,skipped
32,100,Elizabeth Wallace,Shana Fulcher,Mark Sherman,skipped
41,100,Mark Sherman,Shana Fulcher,Elizabeth Wallace,skipped
42,100,Elizabeth Wallace,Shana Fulcher,Mark Sherman,skipped
46,100,Elizabeth Wallace,Mark Sherman,skipped,skipped
51,100,Shana Fulcher,Mark Sherman,Elizabeth Wallace,skipped
68,100,Elizabeth Wallace,Mark Sherman,Shana Fulcher,skipped
71,100,Shana Fulcher,Mark Sherman,Elizabeth Wallace,skipped
78,100,Mark Sherman,Shana Fulcher,Elizabeth Wallace,skipped
88,100,Shana Fulcher,Mark Sherman,Elizabeth Wallace,skipped
90,100,Mark Sherman,Elizabeth Wallace,Shana Fulcher,skipped
94,100,Elizabeth Wallace,skipped,skipped,skipped
95,100,Shana Fulcher,skipped,skipped,skipped
102,100,Elizabeth Wallace,skipped,skipped,skipped
110,100,Elizabeth Wallace,Mark Sherman,skipped,skipped
111,100,Elizabeth Wallace,Mark Sherman,skipped,skipped
113,100,Mark Sherman,Shana Fulcher,Elizabeth Wallace,skipped
117,100,Shana Fulcher,Elizabeth Wallace,skipped,skipped
132,100,Shana Fulcher,Elizabeth Wallace,Shana Fulcher,skipped
141,100,Mark Sherman,skipped,skipped,skipped
142,100,Shana Fulcher,Elizabeth Wallace,Mark Sherman,skipped
143,100,Shana Fulcher,skipped,skipped,skipped
146,100,Shana Fulcher,skipped,skipped,skipped
155,100,Shana Fulcher,Elizabeth Wallace,Mark Sherman,skipped
158,100,Elizabeth Wallace,Shana Fulcher,Mark Sherman,skipped
160,100,Elizabeth Wallace,Shana Fulcher,skipped,skipped
163,100,Shana Fulcher,skipped,skipped,skipped
164,100,Shana Fulcher,skipped,skipped,skipped
166,100,Mark Sherman,Shana Fulcher,Elizabeth Wallace,skipped
168,100,Shana Fulcher,Elizabeth Wallace,Mark Sherman,skipped
169,100,Mark Sherman,Shana Fulcher,Elizabeth Wallace,skipped
170,100,Shana Fulcher,Mark Sherman,skipped,skipped
171,100,Shana Fulcher,skipped,skipped,skipped
174,100,Mark Sherman,skipped,skipped,skipped
175,100,Shana Fulcher,Mark Sherman,Elizabeth Wallace,skipped
176,100,Mark Sherman,skipped,skipped,skipped
184,100,Shana Fulcher,Elizabeth Wallace,Mark Sherman,skipped
185,100,Shana Fulcher,Mark Sherman,Elizabeth Wallace,skipped
187,100,Shana Fulcher,Mark Sherman,Elizabeth Wallace,skipped
195,100,Shana Fulcher,skipped,skipped,skipped
200,100,Elizabeth Wallace,skipped,skipped,skipped
201,100,Elizabeth Wallace,Shana Fulcher,skipped,skipped
202,100,Elizabeth Wallace,Shana Fulcher,Mark Sherman,skipped
205,100,Mark Sherman,Elizabeth Wallace,skipped,skipped
209,100,Mark Sherman,Shana Fulcher,skipped,skipped
215,100,Elizabeth Wallace,Shana Fulcher,Mark Sherman,skipped
218,100,Elizabeth Wallace,Shana Fulcher,Mark Sherman,skipped
219,100,Elizabeth Wallace,Shana Fulcher,Mark Sherman,skipped
223,100,Mark Sherman,Shana Fulcher,Elizabeth Wallace,skipped
224,100,Mark Sherman,skipped,skipped,skipped
232,100,Shana Fulcher,Mark Sherman,skipped,skipped
235,100,Elizabeth Wallace,skipped,skipped,skipped
243,100,Mark Sherman,Shana Fulcher,Elizabeth Wallace,skipped
247,100,Shana Fulcher,skipped,skipped,skipped
248,100,Mark Sherman,Elizabeth Wallace,Shana Fulcher,skipped
260,100,Elizabeth Wallace,Shana Fulcher,Mark Sherman,skipped
271,100,Shana Fulcher,Elizabeth Wallace,Mark Sherman,skipped
280,100,Shana Fulcher,Elizabeth Wallace,Mark Sherman,skipped
281,100,Elizabeth Wallace,skipped,skipped,skipped
285,100,Mark Sherman,skipped,skipped,skipped
287,100,Shana Fulcher,Mark Sherman,skipped,skipped
288,100,Shana Fulcher,Mark Sherman,skipped,skipped
290,100,Elizabeth Wallace,Shana Fulcher,Mark Sherman,skipped
291,100,Shana Fulcher,Mark Sherman,skipped,skipped
292,100,Elizabeth Wallace,Shana Fulcher,skipped,skipped
294,100,Shana Fulcher,Elizabeth Wallace,Mark Sherman,skipped
306,100,Elizabeth Wallace,Shana Fulcher,skipped,skipped
309,100,Shana Fulcher,Mark Sherman,Elizabeth Wallace,skipped
310,100,Shana Fulcher,Mark Sherman,Elizabeth Wallace,skipped
313,100,Mark Sherman,skipped,skipped,skipped
317,100,Shana Fulcher,Elizabeth Wallace,Mark Sherman,skipped
322,100,Mark Sherman,Shana Fulcher,skipped,skipped
330,100,Shana Fulcher,Mark Sherman,Elizabeth Wallace,skipped
331,100,Shana Fulcher,skipped,skipped,skipped
332,100,Shana Fulcher,Elizabeth Wallace,Mark Sherman,skipped
333,100,Shana Fulcher,skipped,skipped,skipped
350,100,Elizabeth Wallace,skipped,skipped,skipped
354,100,Mark Sherman,Elizabeth Wallace,Shana Fulcher,skipped
356,100,Elizabeth Wallace,Shana Fulcher,Mark Sherman,skipped
367,100,Mark Sherman,Shana Fulcher,skipped,skipped
379,100,Shana Fulcher,skipped,skipped,skipped
383,100,Shana Fulcher,Elizabeth Wallace,Mark Sherman,skipped
393,100,Shana Fulcher,Elizabeth Wallace,skipped,skipped
398,100,Shana Fulcher,Mark Sherman,Elizabeth Wallace,skipped
403,100,Elizabeth Wallace,Shana Fulcher,Mark Sherman,skipped
407,100,Elizabeth Wallace,Shana Fulcher,Mark Sherman,skipped
408,100,Shana Fulcher,Elizabeth Wallace,Mark Sherman,skipped
409,100,Shana Fulcher,Elizabeth Wallace,Mark Sherman,skipped
410,100,Shana Fulcher,Elizabeth Wallace,Mark Sherman,skipped
419,100,Elizabeth Wallace,Shana Fulcher,Mark Sherman,skipped
420,100,Shana Fulcher,Mark Sherman,Elizabeth Wallace,skipped
422,100,Shana Fulcher,Elizabeth Wallace,Mark Sherman,skipped
423,100,Elizabeth Wallace,Shana Fulcher,Mark Sherman,skipped
424,100,Shana Fulcher,Elizabeth Wallace,Mark Sherman,WRITE-IN34
426,100,Shana Fulcher,skipped,skipped,skipped
427,100,Mark Sherman,Elizabeth Wallace,Shana Fulcher,skipped
434,100,Shana Fulcher,Elizabeth Wallace,Mark Sherman,skipped
435,100,Shana Fulcher,WRITE-IN37,Mark Sherman,skipped
442,100,Mark Sherman,skipped,skipped,skipped
448,100,Shana Fulcher,Mark Sherman,skipped,skipped
451,100,Mark Sherman,Elizabeth Wallace,Shana Fulcher,skipped
452,100,Shana Fulcher,Mark Sherman,skipped,skipped
453,100,Shana Fulcher,Elizabeth Wallace,Mark Sherman,skipped
466,100,Shana Fulcher,Mark Sherman,WRITE-IN41,Elizabeth Wallace
470,100,Shana Fulcher,skipped,skipped,skipped
482,100,Shana Fulcher,Mark Sherman,skipped,skipped
483,100,Shana Fulcher,Elizabeth Wallace,skipped,skipped
485,100,Shana Fulcher,Elizabeth Wallace,Mark Sherman,skipped
487,100,Shana Fulcher,Mark Sherman,skipped,skipped
495,100,Shana Fulcher,Elizabeth Wallace,Mark Sherman,skipped
496,100,Elizabeth Wallace,Shana Fulcher,Mark Sherman,skipped
501,100,Shana Fulcher,Elizabeth Wallace,Mark Sherman,skipped
508,100,Elizabeth Wallace,Shana Fulcher,Mark Sherman,skipped
516,100,Shana Fulcher,WRITE-IN46,skipped,skipped
533,100,Shana Fulcher,skipped,skipped,skipped
536,100,Elizabeth Wallace,Mark Sherman,skipped,skipped
543,100,Shana Fulcher,skipped,Mark Sherman,Elizabeth Wallace
544,100,Shana Fulcher,Mark Sherman,Elizabeth Wallace,skipped
550,100,Shana Fulcher,skipped,skipped,skipped
554,100,Elizabeth Wallace,Mark Sherman,skipped,skipped
555,100,Elizabeth Wallace,WRITE-IN52,skipped,skipped
565,100,Shana Fulcher,skipped,skipped,skipped
566,100,Mark Sherman,Elizabeth Wallace,Shana Fulcher,skipped
567,100,Elizabeth Wallace,Mark Sherman,skipped,skipped
575,100,Elizabeth Wallace,skipped,skipped,skipped
583,100,Shana Fulcher,Mark Sherman,Elizabeth Wallace,skipped
584,100,Shana Fulcher,Elizabeth Wallace,Mark Sherman,skipped
592,100,Shana Fulcher,skipped,skipped,skipped
623,100,Shana Fulcher,Elizabeth Wallace,skipped,skipped
633,100,Mark Sherman,Elizabeth Wallace,Shana Fulcher,skipped
636,100,Shana Fulcher,Elizabeth Wallace,skipped,skipped
639,100,Shana Fulcher,Mark Sherman,Elizabeth Wallace,skipped
644,100,Shana Fulcher,Mark Sherman,Elizabeth Wallace,skipped
652,100,Shana Fulcher,Elizabeth Wallace,skipped,skipped
653,100,Shana Fulcher,skipped,skipped,skipped
655,100,Shana Fulcher,skipped,skipped,skipped
657,100,Shana Fulcher,skipped,skipped,skipped
661,100,Shana Fulcher,Mark Sherman,skipped,skipped
662,100,Shana Fulcher,Mark Sherman,skipped,skipped
663,100,Elizabeth Wallace,Shana Fulcher,skipped,skipped
664,100,Shana Fulcher,skipped,skipped,skipped
665,100,Elizabeth Wallace,Mark Sherman,Shana Fulcher,skipped
670,100,Mark Sherman,Elizabeth Wallace,Shana Fulcher,skipped
672,100,Elizabeth Wallace,Mark Sherman,Shana Fulcher,skipped
673,100,Shana Fulcher,Elizabeth Wallace,Mark Sherman,skipped
674,100,Shana Fulcher,Mark Sherman,skipped,skipped
675,100,Shana Fulcher,Mark Sherman,skipped,skipped
677,100,Mark Sherman,Elizabeth Wallace,skipped,skipped
678,100,Shana Fulcher,skipped,skipped,skipped
679,100,Mark Sherman,Elizabeth Wallace,skipped,skipped
680,100,Mark Sherman,Elizabeth Wallace,Shana Fulcher,skipped
684,100,Elizabeth Wallace,skipped,skipped,skipped
689,100,Shana Fulcher,Elizabeth Wallace,skipped,skipped
696,100,Shana Fulcher,skipped,skipped,skipped
698,100,Mark Sherman,Shana Fulcher,skipped,skipped
699,100,Mark Sherman,Elizabeth Wallace,Shana Fulcher,skipped
719,100,Elizabeth Wallace,Mark Sherman,Shana Fulcher,skipped
720,100,Elizabeth Wallace,Mark Sherman,Shana Fulcher,skipped
721,100,Mark Sherman,skipped,skipped,skipped
722,100,Mark Sherman,Shana Fulcher,Elizabeth Wallace,skipped
732,100,Shana Fulcher,skipped,skipped,skipped
736,100,Shana Fulcher,Mark Sherman,Elizabeth Wallace,skipped
737,100,Shana Fulcher,Mark Sherman,Elizabeth Wallace,skipped
741,100,Mark Sherman,Shana Fulcher,Elizabeth Wallace,skipped
742,100,Shana Fulcher,skipped,skipped,skipped
752,100,Mark Sherman,Elizabeth Wallace,skipped,skipped
758,100,Shana Fulcher,Mark Sherman,Elizabeth Wallace,skipped
773,100,Shana Fulcher,skipped,skipped,skipped
778,100,Elizabeth Wallace,Shana Fulcher,Mark Sherman,skipped
807,100,Shana Fulcher,skipped,skipped,skipped
808,100,Shana Fulcher,Elizabeth Wallace,Mark Sherman,skipped
810,100,Mark Sherman,WRITE-IN74,Shana Fulcher,skipped
811,100,Shana Fulcher,Elizabeth Wallace,Mark Sherman,skipped
812,100,Shana Fulcher,Elizabeth Wallace,Mark Sherman,skipped
813,100,Shana Fulcher,Elizabeth Wallace,Mark Sherman,skipped
828,100,Shana Fulcher,Mark Sherman,Elizabeth Wallace,skipped
833,100,Shana Fulcher,Elizabeth Wallace,Mark Sherman,skipped
836,100,Mark Sherman,Shana Fulcher,Elizabeth Wallace,skipped
838,100,Shana Fulcher,skipped,skipped,skipped
839,100,Mark Sherman,Elizabeth Wallace,Shana Fulcher,skipped
840,100,Elizabeth Wallace,Shana Fulcher,Mark Sherman,skipped
841,100,Shana Fulcher,Mark Sherman,Elizabeth Wallace,skipped
842,100,Shana Fulcher,skipped,skipped,skipped
843,100,Shana Fulcher,Elizabeth Wallace,Mark Sherman,skipped
844,100,Shana Fulcher,skipped,skipped,skipped
846,100,Elizabeth Wallace,skipped,skipped,skipped
849,100,Mark Sherman,Shana Fulcher,Elizabeth Wallace,skipped
864,100,Elizabeth Wallace,skipped,skipped,skipped
865,100,Mark Sherman,skipped,skipped,skipped
866,100,Elizabeth Wallace,skipped,skipped,skipped
867,100,Mark Sherman,skipped,skipped,skipped
893,100,Shana Fulcher,Mark Sherman,Elizabeth Wallace,skipped
894,100,Elizabeth Wallace,skipped,skipped,skipped
896,100,Shana Fulcher,Mark Sherman,Elizabeth Wallace,skipped
897,100,Shana Fulcher,skipped,skipped,skipped
899,100,Shana Fulcher,skipped,skipped,skipped
904,100,Mark Sherman,Elizabeth Wallace,skipped,skipped
905,100,Mark Sherman,Elizabeth Wallace,skipped,skipped
906,100,Elizabeth Wallace,Shana Fulcher,skipped,skipped
909,100,Elizabeth Wallace,Shana Fulcher,Mark Sherman,skipped
913,100,Mark Sherman,Shana Fulcher,skipped,skipped
922,100,Shana Fulcher,skipped,skipped,skipped
923,100,Shana Fulcher,skipped,skipped,skipped
926,100,Shana Fulcher,Elizabeth Wallace,Mark Sherman,skipped
932,100,Shana Fulcher,skipped,skipped,skipped
933,100,Shana Fulcher,skipped,skipped,skipped
934,100,Shana Fulcher,Elizabeth Wallace,Mark Sherman,skipped
935,100,Shana Fulcher,Mark Sherman,Elizabeth Wallace,skipped
941,100,Elizabeth Wallace,Shana Fulcher,Mark Sherman,skipped
944,100,Elizabeth Wallace,Shana Fulcher,skipped,skipped
945,100,Mark Sherman,Shana Fulcher,Elizabeth Wallace,skipped
947,100,Mark Sherman,Elizabeth Wallace,skipped,skipped
948,100,Mark Sherman,Elizabeth Wallace,skipped,skipped
950,100,Mark Sherman,Elizabeth Wallace,Shana Fulcher,skipped
955,100,Mark Sherman,skipped,skipped,skipped
967,100,Elizabeth Wallace,skipped,skipped,skipped
969,100,Mark Sherman,Shana Fulcher,skipped,skipped
970,100,Shana Fulcher,Elizabeth Wallace,skipped,skipped
979,100,Shana Fulcher,skipped,skipped,skipped
981,100,Shana Fulcher,WRITE-IN85,skipped,skipped
985,100,Mark Sherman,Shana Fulcher,Elizabeth Wallace,skipped
986,100,Shana Fulcher,skipped,skipped,skipped
987,100,Elizabeth Wallace,Shana Fulcher,Mark Sherman,skipped
989,100,Elizabeth Wallace,Shana Fulcher,skipped,skipped
992,100,Shana Fulcher,skipped,skipped,skipped
994,100,Mark Sherman,skipped,skipped,skipped
1008,100,Mark Sherman,Shana Fulcher,skipped,skipped
1019,100,Elizabeth Wallace,Shana Fulcher,Mark Sherman,skipped
1026,100,Shana Fulcher,Mark Sherman,Elizabeth Wallace,skipped
1035,100,Shana Fulcher,Mark Sherman,Elizabeth Wallace,skipped
1036,100,Shana Fulcher,Mark Sherman,Elizabeth Wallace,skipped
1048,100,Mark Sherman,Shana Fulcher,skipped,skipped
1049,100,Shana Fulcher,skipped,skipped,skipped
1054,100,Shana Fulcher,Elizabeth Wallace,Mark Sherman,skipped
1055,100,Shana Fulcher,skipped,skipped,skipped
1068,100,Mark Sherman,Shana Fulcher,Elizabeth Wallace,skipped
1076,100,Shana Fulcher,Elizabeth Wallace,Mark Sherman,skipped
1081,100,Shana Fulcher,skipped,skipped,skipped
1098,100,Shana Fulcher,Elizabeth Wallace,skipped,skipped
1099,100,Mark Sherman,Shana Fulcher,skipped,skipped
1102,100,Shana Fulcher,Elizabeth Wallace,skipped,skipped
1103,100,Mark Sherman,skipped,skipped,skipped
1105,100,Shana Fulcher,Elizabeth Wallace,skipped,skipped
1107,100,Mark Sherman,Elizabeth Wallace,skipped,skipped
1108,100,Mark Sherman,Shana Fulcher,skipped,skipped
1109,100,Mark Sherman,Elizabeth Wallace,skipped,skipped
1110,100,Shana Fulcher,Elizabeth Wallace,Mark Sherman,skipped
1111,100,Shana Fulcher,Elizabeth Wallace,Mark Sherman,skipped
1116,100,Mark Sherman,skipped,skipped,skipped
1117,100,Shana Fulcher,skipped,skipped,skipped
1120,100,Elizabeth Wallace,Shana Fulcher,skipped,skipped
1121,100,Elizabeth Wallace,skipped,skipped,skipped
1123,100,Mark Sherman,Shana Fulcher,Elizabeth Wallace,skipped
1125,100,Shana Fulcher,Elizabeth Wallace,Mark Sherman,skipped
1128,100,Shana Fulcher,skipped,skipped,skipped
1130,100,Shana Fulcher,Mark Sherman,Elizabeth Wallace,skipped
1131,100,Shana Fulcher,Mark Sherman,Elizabeth Wallace,skipped
1132,100,Mark Sherman,Shana Fulcher,skipped,skipped
1133,100,Shana Fulcher,Elizabeth Wallace,Mark Sherman,skipped
1134,100,Shana Fulcher,Elizabeth Wallace,Mark Sherman,skipped
1135,100,Elizabeth Wallace,Mark Sherman,skipped,skipped
1141,100,Elizabeth Wallace,Mark Sherman,Shana Fulcher,skipped
1163,100,Shana Fulcher,skipped,skipped,skipped
1164,100,Elizabeth Wallace,Shana Fulcher,Mark Sherman,skipped
1186,100,Mark Sherman,Elizabeth Wallace,skipped,skipped
1190,100,Mark Sherman,skipped,skipped,skipped
1191,100,Shana Fulcher,skipped,skipped,skipped
1196,100,Shana Fulcher,Elizabeth Wallace,Mark Sherman,skipped
1204,100,Shana Fulcher,skipped,skipped,skipped
1205,100,Shana Fulcher,Mark Sherman,Elizabeth Wallace,skipped
1214,100,Shana Fulcher,skipped,skipped,skipped
1217,100,Elizabeth Wallace,Shana Fulcher,skipped,skipped
1218,100,Shana Fulcher,Mark Sherman,skipped,skipped
1219,100,Elizabeth Wallace,Shana Fulcher,skipped,skipped
1220,100,Shana Fulcher,Mark Sherman,Elizabeth Wallace,skipped
1227,100,Mark Sherman,Shana Fulcher,skipped,skipped
1228,100,Mark Sherman,WRITE-IN105,WRITE-IN105,WRITE-IN105
1229,100,Shana Fulcher,Elizabeth Wallace,Mark Sherman,skipped
1232,100,Mark Sherman,Shana Fulcher,Elizabeth Wallace,skipped
1234,100,Shana Fulcher,Elizabeth Wallace,Mark Sherman,skipped
1235,100,Elizabeth Wallace,Mark Sherman,Shana Fulcher,skipped
1240,100,Mark Sherman,Elizabeth Wallace,Shana Fulcher,skipped
1241,100,Shana Fulcher,Elizabeth Wallace,Mark Sherman,skipped
1242,100,Shana Fulcher,skipped,skipped,skipped
1243,100,Shana Fulcher,Elizabeth Wallace,Mark Sherman,skipped
1244,100,Shana Fulcher,Mark Sherman,Elizabeth Wallace,skipped
1245,100,Mark Sherman,Shana Fulcher,Elizabeth Wallace,skipped
1246,100,Mark Sherman,Shana Fulcher,Elizabeth Wallace,skipped
1248,100,Shana Fulcher,skipped,skipped,skipped
1251,100,Shana Fulcher,skipped,skipped,skipped
1253,100,Shana Fulcher,skipped,skipped,skipped
1260,100,Mark Sherman,Shana Fulcher,Elizabeth Wallace,skipped
1263,100,Shana Fulcher,Elizabeth Wallace,Mark Sherman,skipped
1264,100,Shana Fulcher,skipped,skipped,skipped
1266,100,Mark Sherman,Shana Fulcher,Elizabeth Wallace,skipped
1272,100,Mark Sherman,skipped,skipped,skipped
1273,100,Shana Fulcher,Mark Sherman,Elizabeth Wallace,skipped
1282,100,Shana Fulcher,Elizabeth Wallace,Mark Sherman,skipped
1289,100,Shana Fulcher,skipped,skipped,skipped
1290,100,Shana Fulcher,Elizabeth Wallace,skipped,skipped
1292,100,Shana Fulcher,Mark Sherman,Elizabeth Wallace,skipped
1300,100,Shana Fulcher,Mark Sherman,Elizabeth Wallace,skipped
1307,100,Shana Fulcher,Mark Sherman,Elizabeth Wallace,skipped
1310,100,Mark Sherman,Elizabeth Wallace,Shana Fulcher,skipped
1317,100,Mark Sherman,skipped,skipped,skipped
1323,100,Shana Fulcher,Elizabeth Wallace,Mark Sherman,skipped
1335,100,Mark Sherman,skipped,skipped,skipped
1336,100,WRITE-IN111,skipped,skipped,skipped
1337,100,Mark Sherman,Shana Fulcher,Elizabeth Wallace,skipped
1339,100,Shana Fulcher,Mark Sherman,Elizabeth Wallace,skipped
1360,100,Shana Fulcher,Elizabeth Wallace,skipped,skipped
1378,100,Shana Fulcher,Elizabeth Wallace,Mark Sherman,skipped
1383,100,Shana Fulcher,Elizabeth Wallace,Mark Sherman,WRITE-IN116
1398,100,Shana Fulcher,Elizabeth Wallace,Mark Sherman,skipped
1408,100,Shana Fulcher,Elizabeth Wallace,Mark Sherman,skipped
1425,100,Shana Fulcher,Mark Sherman,Elizabeth Wallace,skipped
1431,100,Mark Sherman,skipped,skipped,skipped
1435,100,Shana Fulcher,Elizabeth Wallace,skipped,skipped
1436,100,Shana Fulcher,Mark Sherman,Elizabeth Wallace,skipped
1444,100,Shana Fulcher,Elizabeth Wallace,skipped,skipped
1446,100,Shana Fulcher,skipped,skipped,skipped
1447,100,Mark Sherman,Elizabeth Wallace,Shana Fulcher,skipped
1448,100,Elizabeth Wallace,Shana Fulcher,Mark Sherman,skipped
1456,100,Shana Fulcher,Elizabeth Wallace,skipped,skipped
1461,100,Shana Fulcher,skipped,skipped,skipped
1462,100,Shana Fulcher,skipped,skipped,skipped
1463,100,Shana Fulcher,skipped,skipped,skipped
1464,100,Shana Fulcher,skipped,skipped,skipped
1467,100,Shana Fulcher,Mark Sherman,Elizabeth Wallace,skipped
1476,100,Mark Sherman,Shana Fulcher,skipped,skipped
1485,100,Shana Fulcher,skipped,skipped,skipped
1486,100,Mark Sherman,Elizabeth Wallace,Shana Fulcher,skipped
1487,100,Shana Fulcher,Elizabeth Wallace,skipped,skipped
1488,100,Shana Fulcher,skipped,skipped,skipped
1492,100,Mark Sherman,Elizabeth Wallace,Shana Fulcher,skipped
1504,100,Shana Fulcher,skipped,skipped,skipped
1506,100,Shana Fulcher,Elizabeth Wallace,Mark Sherman,skipped
1511,100,Shana Fulcher,skipped,skipped,skipped
1515,100,Elizabeth Wallace,Mark Sherman,Shana Fulcher,skipped
1518,100,Mark Sherman,Shana Fulcher,skipped,skipped
1519,100,Mark Sherman,Elizabeth Wallace,Shana Fulcher,skipped
1520,100,Mark Sherman,Shana Fulcher,Elizabeth Wallace,skipped
1523,100,Mark Sherman,Shana Fulcher,skipped,skipped
1524,100,Mark Sherman,Shana Fulcher,Elizabeth Wallace,skipped
1525,100,Elizabeth Wallace,Shana Fulcher,skipped,skipped
1528,100,Mark Sherman,Shana Fulcher,skipped,skipped
1534,100,Shana Fulcher,Elizabeth Wallace,Mark Sherman,skipped
1535,100,Shana Fulcher,Elizabeth Wallace,skipped,skipped
1536,100,Shana Fulcher,Elizabeth Wallace,Mark Sherman,skipped
1544,100,Shana Fulcher,Mark Sherman,skipped,skipped
1545,100,Shana Fulcher,Elizabeth Wallace,Mark Sherman,skipped
1567,100,Shana Fulcher,Elizabeth Wallace,Mark Sherman,skipped
1576,100,Elizabeth Wallace,skipped,skipped,skipped
1579,100,Shana Fulcher,Mark Sherman,Elizabeth Wallace,skipped
1584,100,Elizabeth Wallace,Mark Sherman,Shana Fulcher,skipped
1585,100,Elizabeth Wallace,Mark Sherman,Shana Fulcher,skipped
1586,100,Shana Fulcher,Elizabeth Wallace,Mark Sherman,skipped
1606,100,Mark Sherman,Elizabeth Wallace,skipped,skipped
1607,100,Shana Fulcher,Elizabeth Wallace,Mark Sherman,skipped
1611,100,Shana Fulcher,Mark Sherman,skipped,skipped
1613,100,Shana Fulcher,Mark Sherman,Elizabeth Wallace,skipped
1615,100,Shana Fulcher,Mark Sherman,skipped,skipped
1617,100,Elizabeth Wallace,Mark Sherman,Shana Fulcher,skipped
1623,100,WRITE-IN129,skipped,skipped,skipped
1631,100,Shana Fulcher,Mark Sherman,Elizabeth Wallace,skipped
1632,100,Shana Fulcher,Mark Sherman,skipped,skipped
1633,100,Shana Fulcher,Elizabeth Wallace,skipped,skipped
1634,100,Shana Fulcher,Elizabeth Wallace,Mark Sherman,skipped
1640,100,Shana Fulcher,Elizabeth Wallace,skipped,skipped
1644,100,Mark Sherman,skipped,skipped,skipped
1646,100,Mark Sherman,Elizabeth Wallace,skipped,skipped
1647,100,Shana Fulcher,Elizabeth Wallace,skipped,skipped
1651,100,Elizabeth Wallace,Mark Sherman,Shana Fulcher,skipped
1655,100,Mark Sherman,skipped,skipped,skipped
1657,100,Mark Sherman,Elizabeth Wallace,Shana Fulcher,skipped
1661,100,Mark Sherman,Elizabeth Wallace,skipped,skipped
1662,100,Elizabeth Wallace,Mark Sherman,Shana Fulcher,skipped
1678,100,Shana Fulcher,skipped,skipped,skipped
1684,100,Mark Sherman,skipped,skipped,skipped
1685,100,Mark Sherman,skipped,skipped,skipped
1692,100,Shana Fulcher,Mark Sherman,skipped,skipped
1695,100,Shana Fulcher,skipped,skipped,skipped
1696,100,Mark Sherman,Shana Fulcher,Elizabeth Wallace,skipped
1697,100,Shana Fulcher,Mark Sherman,Elizabeth Wallace,skipped
1701,100,Elizabeth Wallace,Shana Fulcher,Mark Sherman,skipped
1705,100,Shana Fulcher,Elizabeth Wallace,skipped,skipped
1706,100,Shana Fulcher,skipped,skipped,skipped
1710,100,Elizabeth Wallace,skipped,skipped,skipped
1713,100,Shana Fulcher,Elizabeth Wallace,Mark Sherman,skipped
1715,100,Shana Fulcher,Elizabeth Wallace,skipped,skipped
1719,100,Shana Fulcher,skipped,skipped,skipped
1726,100,Shana Fulcher,Elizabeth Wallace,skipped,skipped
1727,100,Shana Fulcher,Elizabeth Wallace,skipped,skipped
1729,100,Shana Fulcher,Elizabeth Wallace,Mark Sherman,skipped
1733,100,Shana Fulcher,skipped,skipped,skipped
1734,100,Mark Sherman,skipped,skipped,skipped
1735,100,Shana Fulcher,Elizabeth Wallace,skipped,skipped
1747,100,Shana Fulcher,skipped,skipped,skipped
1754,100,Shana Fulcher,Elizabeth Wallace,skipped,skipped
1758,100,Elizabeth Wallace,Shana Fulcher,Mark Sherman,skipped
1766,100,Elizabeth Wallace,Shana Fulcher,skipped,skipped
1773,100,Shana Fulcher,Elizabeth Wallace,Mark Sherman,skipped
1777,100,Elizabeth Wallace,Mark Sherman,skipped,skipped
1779,100,Mark Sherman,Shana Fulcher,skipped,skipped
1780,100,Elizabeth Wallace,skipped,skipped,skipped
1781,100,Shana Fulcher,WRITE-IN132,skipped,skipped
1792,100,Shana Fulcher,skipped,skipped,skipped
1793,100,Shana Fulcher,Elizabeth Wallace,skipped,skipped
1794,100,Mark Sherman,skipped,skipped,skipped
1795,100,Shana Fulcher,Elizabeth Wallace,skipped,skipped
1796,100,Shana Fulcher,Elizabeth Wallace,Mark Sherman,skipped
1797,100,Elizabeth Wallace,Mark Sherman,Shana Fulcher,skipped
1799,100,Elizabeth Wallace,Shana Fulcher,Mark Sherman,skipped
1800,100,Shana Fulcher,Mark Sherman,Elizabeth Wallace,skipped
1801,100,Mark Sherman,Shana Fulcher,WRITE-IN133,skipped
1804,100,Elizabeth Wallace,Mark Sherman,Shana Fulcher,skipped
1805,100,Shana Fulcher,skipped,skipped,skipped
1812,100,Elizabeth Wallace,Shana Fulcher,Mark Sherman,skipped
1816,100,Mark Sherman,WRITE-IN134,skipped,skipped
1819,100,Shana Fulcher,skipped,skipped,skipped
1835,100,Shana Fulcher,Mark Sherman,Elizabeth Wallace,skipped
1836,100,Shana Fulcher,skipped,skipped,skipped
1837,100,Shana Fulcher,Elizabeth Wallace,Mark Sherman,skipped
1851,100,Elizabeth Wallace,skipped,skipped,skipped
1855,100,Shana Fulcher,skipped,skipped,skipped
1859,100,Shana Fulcher,Mark Sherman,Elizabeth Wallace,skipped
1865,100,Shana Fulcher,Elizabeth Wallace,skipped,skipped
1866,100,Shana Fulcher,Elizabeth Wallace,Mark Sherman,skipped
1867,100,Shana Fulcher,skipped,skipped,skipped
1868,100,Shana Fulcher,Mark Sherman,Elizabeth Wallace,skipped
1869,100,Shana Fulcher,skipped,skipped,skipped
1876,100,Shana Fulcher,Elizabeth Wallace,Mark Sherman,skipped
1877,100,Shana Fulcher,skipped,skipped,skipped
1879,100,Shana Fulcher,Elizabeth Wallace,skipped,skipped
1882,100,Mark Sherman,skipped,skipped,skipped
1885,100,Shana Fulcher,Mark Sherman,Elizabeth Wallace,skipped
1887,100,Elizabeth Wallace,Shana Fulcher,skipped,skipped
1891,100,Shana Fulcher,Elizabeth Wallace,Mark Sherman,skipped
1892,100,Shana Fulcher,skipped,skipped,skipped
1894,100,Mark Sherman,Shana Fulcher,Elizabeth Wallace,skipped
1908,100,Shana Fulcher,Elizabeth Wallace,Mark Sherman,skipped
1909,100,Elizabeth Wallace,skipped,skipped,skipped
1912,100,Shana Fulcher,skipped,skipped,skipped
1915,100,Elizabeth Wallace,Shana Fulcher,Mark Sherman,skipped
1916,100,Shana Fulcher,Elizabeth Wallace,skipped,Mark Sherman
1919,100,Elizabeth Wallace,Mark Sherman,skipped,skipped
1920,100,Mark Sherman,Shana Fulcher,Elizabeth Wallace,skipped
1921,100,Mark Sherman,Shana Fulcher,Elizabeth Wallace,skipped
1924,100,Shana Fulcher,Elizabeth Wallace,Mark Sherman,skipped
1925,100,Shana Fulcher,Elizabeth Wallace,Mark Sherman,skipped
1927,100,Elizabeth Wallace,skipped,skipped,skipped
1928,100,Mark Sherman,Elizabeth Wallace,Shana Fulcher,skipped
1930,100,Shana Fulcher,skipped,skipped,skipped
1944,100,Shana Fulcher,Elizabeth Wallace,Mark Sherman,skipped
1946,100,Shana Fulcher,skipped,skipped,skipped
1947,100,Shana Fulcher,skipped,skipped,skipped
1955,100,Shana Fulcher,WRITE-IN144,Elizabeth Wallace,skipped
1959,100,Elizabeth Wallace,skipped,skipped,skipped
1966,100,Mark Sherman,Shana Fulcher,Elizabeth Wallace,skipped
1969,100,Shana Fulcher,skipped,skipped,skipped
1970,100,Shana Fulcher,Elizabeth Wallace,Mark Sherman,skipped
1971,100,Mark Sherman,Shana Fulcher,skipped,skipped
1976,100,Shana Fulcher,skipped,skipped,skipped
1979,100,Shana Fulcher,Elizabeth Wallace,skipped,skipped
1980,100,Mark Sherman,skipped,skipped,skipped
1984,100,Shana Fulcher,Elizabeth Wallace,skipped,skipped
1985,100,Mark Sherman,Elizabeth Wallace,Shana Fulcher,skipped
1987,100,Mark Sherman,Shana Fulcher,skipped,skipped
1988,100,Shana Fulcher,Elizabeth Wallace,Mark Sherman,skipped
1989,100,Elizabeth Wallace,Mark Sherman,Shana Fulcher,skipped
1993,100,Mark Sherman,Elizabeth Wallace,Shana Fulcher,skipped
1994,100,Shana Fulcher,skipped,skipped,skipped
1997,100,Shana Fulcher,skipped,skipped,skipped
1998,100,Shana Fulcher,skipped,skipped,skipped
2002,100,Shana Fulcher,Elizabeth Wallace,skipped,skipped
2004,100,Elizabeth Wallace,Mark Sherman,skipped,skipped
2014,100,Shana Fulcher,Elizabeth Wallace,skipped,skipped
2015,100,Shana Fulcher,Elizabeth Wallace,skipped,skipped
2016,100,Shana Fulcher,skipped,skipped,skipped
2017,100,Shana Fulcher,skipped,skipped,skipped
2024,100,Elizabeth Wallace,Shana Fulcher,skipped,skipped
2025,100,Shana Fulcher,skipped,skipped,skipped
2027,100,Shana Fulcher,Mark Sherman,Elizabeth Wallace,skipped
2030,100,Shana Fulcher,Elizabeth Wallace,skipped,skipped
2032,100,Shana Fulcher,Elizabeth Wallace,skipped,skipped
2037,100,Shana Fulcher,Mark Sherman,Elizabeth Wallace,skipped
2054,100,Shana Fulcher,Elizabeth Wallace,Mark Sherman,skipped
2057,100,Mark Sherman,Shana Fulcher,Elizabeth Wallace,skipped
2062,100,Elizabeth Wallace,skipped,skipped,skipped
2063,100,Shana Fulcher,Elizabeth Wallace,skipped,skipped
2065,100,Mark Sherman,Elizabeth Wallace,Shana Fulcher,skipped
2072,100,Elizabeth Wallace,Shana Fulcher,skipped,skipped
2073,100,Shana Fulcher,skipped,skipped,skipped
2074,100,Shana Fulcher,skipped,skipped,skipped
2075,100,Elizabeth Wallace,skipped,skipped,skipped
2076,100,Shana Fulcher,Elizabeth Wallace,Mark Sherman,skipped
2077,100,Mark Sherman,skipped,skipped,skipped
2079,100,Shana Fulcher,skipped,skipped,skipped
2085,100,Elizabeth Wallace,Shana Fulcher,Mark Sherman,skipped
2086,100,Elizabeth Wallace,skipped,skipped,skipped
2089,100,Shana Fulcher,Mark Sherman,skipped,skipped
2090,100,Shana Fulcher,Mark Sherman,Elizabeth Wallace,skipped
2097,100,Shana Fulcher,Elizabeth Wallace,Mark Sherman,skipped
2099,100,Mark Sherman,Elizabeth Wallace,skipped,skipped
2100,100,Mark Sherman,Elizabeth Wallace,skipped,skipped
2110,100,Shana Fulcher,skipped,skipped,skipped
2114,100,Shana Fulcher,Mark Sherman,Elizabeth Wallace,skipped
2131,100,Shana Fulcher,Elizabeth Wallace,Mark Sherman,skipped
2136,100,Shana Fulcher,Elizabeth Wallace,Mark Sherman,skipped
2137,100,Mark Sherman,Elizabeth Wallace,Shana Fulcher,skipped
2138,100,Mark Sherman,Shana Fulcher,Elizabeth Wallace,skipped
2143,100,Mark Sherman,skipped,skipped,skipped
2146,100,Shana Fulcher,Elizabeth Wallace,Mark Sherman,skipped
2149,100,Shana Fulcher,Mark Sherman,skipped,skipped
2151,100,Elizabeth Wallace,skipped,skipped,skipped
2163,100,Shana Fulcher,skipped,skipped,skipped
2166,100,Mark Sherman,skipped,skipped,skipped
2171,100,Mark Sherman,skipped,skipped,skipped
2173,100,Shana Fulcher,skipped,skipped,skipped
2174,100,Shana Fulcher,Mark Sherman,Elizabeth Wallace,skipped
2178,100,Mark Sherman,Shana Fulcher,Elizabeth Wallace,skipped
2182,100,Shana Fulcher,Elizabeth Wallace,skipped,skipped
2185,100,Shana Fulcher,Mark Sherman,Elizabeth Wallace,skipped
2186,100,Shana Fulcher,Elizabeth Wallace,skipped,skipped
2187,100,Mark Sherman,Elizabeth Wallace,Shana Fulcher,skipped
2190,100,Shana Fulcher,skipped,skipped,skipped
2193,100,WRITE-IN157,Shana Fulcher,Elizabeth Wallace,Mark Sherman
2197,100,Shana Fulcher,Elizabeth Wallace,skipped,skipped
2198,100,Shana Fulcher,Elizabeth Wallace,skipped,skipped
2204,100,Shana Fulcher,Elizabeth Wallace,skipped,skipped
2205,100,Shana Fulcher,Mark Sherman,skipped,skipped
2207,100,Elizabeth Wallace,Shana Fulcher,Mark Sherman,skipped
2214,100,Elizabeth Wallace,Shana Fulcher,Mark Sherman,skipped
2218,100,Shana Fulcher,Mark Sherman,Elizabeth Wallace,skipped
2221,100,Shana Fulcher,WRITE-IN161,Elizabeth Wallace,Mark Sherman
2222,100,Shana Fulcher,Elizabeth Wallace,skipped,skipped
2226,100,Shana Fulcher,Elizabeth Wallace,Mark Sherman,skipped
2228,100,Elizabeth Wallace,Shana Fulcher,Mark Sherman,skipped
2230,100,Mark Sherman,Elizabeth Wallace,Shana Fulcher,skipped
2234,100,Elizabeth Wallace,skipped,skipped,skipped
2235,100,Shana Fulcher,Mark Sherman,skipped,skipped
2236,100,Shana Fulcher,skipped,skipped,skipped
2238,100,Mark Sherman,Shana Fulcher,skipped,skipped
2239,100,Elizabeth Wallace,Shana Fulcher,skipped,skipped
2240,100,Mark Sherman,Shana Fulcher,skipped,skipped
2248,100,Shana Fulcher,Elizabeth Wallace,skipped,skipped
2253,100,Elizabeth Wallace,skipped,skipped,skipped
2272,100,Shana Fulcher,Mark Sherman,Elizabeth Wallace,skipped
2273,100,Shana Fulcher,Elizabeth Wallace,Mark Sherman,skipped
2280,100,Elizabeth Wallace,skipped,skipped,skipped
2283,100,Elizabeth Wallace,skipped,skipped,skipped
2299,100,Mark Sherman,Shana Fulcher,Elizabeth Wallace,skipped
2309,100,Mark Sherman,skipped,skipped,skipped
2310,100,Mark Sherman,skipped,skipped,skipped
2311,100,Shana Fulcher,skipped,skipped,skipped
2312,100,Mark Sherman,Elizabeth Wallace,skipped,skipped
2313,100,Shana Fulcher,skipped,skipped,skipped
2314,100,Shana Fulcher,skipped,skipped,skipped
2315,100,Elizabeth Wallace,skipped,skipped,skipped
2316,100,Mark Sherman,skipped,skipped,skipped
2317,100,Mark Sherman,Elizabeth Wallace,Shana Fulcher,skipped
2318,100,Elizabeth Wallace,skipped,skipped,skipped
2326,100,Elizabeth Wallace,skipped,skipped,skipped
2327,100,Shana Fulcher,Mark Sherman,skipped,skipped
2331,100,Shana Fulcher,skipped,skipped,skipped
2340,100,Mark Sherman,skipped,skipped,skipped
2341,100,Mark Sherman,skipped,skipped,skipped
2342,100,Elizabeth Wallace,Shana Fulcher,skipped,skipped
2357,100,Shana Fulcher,Elizabeth Wallace,Mark Sherman,skipped
2359,100,Shana Fulcher,Mark Sherman,Elizabeth Wallace,skipped
2375,100,Shana Fulcher,Mark Sherman,Elizabeth Wallace,skipped
2383,100,Elizabeth Wallace,Shana Fulcher,skipped,skipped
2397,100,Shana Fulcher,Elizabeth Wallace,skipped,skipped
2401,100,Shana Fulcher,skipped,skipped,skipped
2417,100,Shana Fulcher,Elizabeth Wallace,skipped,skipped
2430,100,Elizabeth Wallace,Mark Sherman,Shana Fulcher,skipped
2434,100,Shana Fulcher,Mark Sherman,Elizabeth Wallace,skipped
2438,100,Shana Fulcher,Mark Sherman,Elizabeth Wallace,skipped
2440,100,Shana Fulcher,Elizabeth Wallace,skipped,skipped
2449,100,Shana Fulcher,skipped,skipped,skipped
2459,100,Elizabeth Wallace,Elizabeth Wallace,Elizabeth Wallace,Elizabeth Wallace
2484,100,Shana Fulcher,skipped,skipped,skipped
2492,100,Elizabeth Wallace,Shana Fulcher,Mark Sherman,skipped
2496,100,Shana Fulcher,Mark Sherman,skipped,skipped
2498,100,Mark Sherman,Elizabeth Wallace,skipped,skipped
2532,100,Shana Fulcher,Elizabeth Wallace,Mark Sherman,skipped
2536,100,Shana Fulcher,Mark Sherman,Elizabeth Wallace,skipped
2542,100,Shana Fulcher,Mark Sherman,Elizabeth Wallace,skipped
2544,100,Mark Sherman,Shana Fulcher,Elizabeth Wallace,skipped
2546,100,Elizabeth Wallace,Shana Fulcher,skipped,skipped
2550,100,Shana Fulcher,Elizabeth Wallace,skipped,skipped
2562,100,Shana Fulcher,Elizabeth Wallace,skipped,skipped
2570,100,Shana Fulcher,Mark Sherman,skipped,Elizabeth Wallace
2576,100,Elizabeth Wallace,Mark Sherman,Shana Fulcher,skipped
2580,100,Shana Fulcher,Mark Sherman,Elizabeth Wallace,WRITE-IN174
2584,100,Shana Fulcher,skipped,skipped,skipped
2606,100,Elizabeth Wallace,Mark Sherman,Shana Fulcher,skipped
2610,100,Elizabeth Wallace,Mark Sherman,skipped,skipped
2622,100,Shana Fulcher,skipped,skipped,skipped
2630,100,Shana Fulcher,Mark Sherman,Elizabeth Wallace,skipped
2635,100,Mark Sherman,skipped,skipped,skipped
2641,100,Elizabeth Wallace,Mark Sherman,Shana Fulcher,skipped
2653,100,Shana Fulcher,Elizabeth Wallace,Mark Sherman,skipped
2655,100,Elizabeth Wallace,Shana Fulcher,Mark Sherman,skipped
2671,100,Elizabeth Wallace,Shana Fulcher,Mark Sherman,skipped
2673,100,Elizabeth Wallace,Shana Fulcher,Mark Sherman,skipped
2683,100,Shana Fulcher,skipped,skipped,skipped
2694,100,Shana Fulcher,Elizabeth Wallace,WRITE-IN181,skipped
2710,100,Elizabeth Wallace,Mark Sherman,Shana Fulcher,skipped
2712,100,Shana Fulcher,Mark Sherman,Elizabeth Wallace,skipped
2714,100,Shana Fulcher,Elizabeth Wallace,skipped,skipped
2741,100,Elizabeth Wallace,Shana Fulcher,skipped,skipped
2746,100,Mark Sherman,Shana Fulcher,Elizabeth Wallace,skipped
2758,100,Mark Sherman,Shana Fulcher,skipped,skipped
2761,100,Shana Fulcher,skipped,skipped,skipped
2770,100,Elizabeth Wallace,Shana Fulcher,Mark Sherman,skipped
2781,100,Shana Fulcher,skipped,skipped,skipped
2791,100,Shana Fulcher,WRITE-IN186,Elizabeth Wallace,Mark Sherman
2793,100,Shana Fulcher,skipped,skipped,skipped
2799,100,Shana Fulcher,Elizabeth Wallace,skipped,skipped
2803,100,Mark Sherman,Shana Fulcher,Elizabeth Wallace,skipped
2813,100,Elizabeth Wallace,skipped,skipped,skipped
2817,100,Elizabeth Wallace,Mark Sherman,Shana Fulcher,skipped
2819,100,Mark Sherman,Shana Fulcher,skipped,skipped
2821,100,Shana Fulcher,Mark Sherman,Elizabeth Wallace,skipped
2822,100,Elizabeth Wallace,Shana Fulcher,Mark Sherman,skipped
2824,100,Elizabeth Wallace,Mark Sherman,Shana Fulcher,skipped
2827,100,Shana Fulcher,skipped,skipped,skipped
2833,100,Shana Fulcher,Elizabeth Wallace,Mark Sherman,skipped
2839,100,Elizabeth Wallace,Shana Fulcher,Mark Sherman,skipped
2862,100,Shana Fulcher,Elizabeth Wallace,Mark Sherman,skipped
2866,100,WRITE-IN189,Shana Fulcher,Elizabeth Wallace,Mark Sherman
2870,100,Shana Fulcher,Mark Sherman,Elizabeth Wallace,skipped
2872,100,Shana Fulcher,skipped,skipped,skipped
2874,100,Shana Fulcher,Elizabeth Wallace,Mark Sherman,skipped
2879,100,Shana Fulcher,skipped,skipped,skipped
2884,100,Shana Fulcher,skipped,skipped,skipped
2886,100,Elizabeth Wallace,Shana Fulcher,Mark Sherman,skipped
2890,100,Elizabeth Wallace,Shana Fulcher,Mark Sherman,skipped
2896,100,Shana Fulcher,Elizabeth Wallace,skipped,skipped
2900,100,Shana Fulcher,Mark Sherman,Elizabeth Wallace,skipped
2903,100,Elizabeth Wallace,Mark Sherman,Shana Fulcher,skipped
2938,100,Shana Fulcher,Elizabeth Wallace,skipped,skipped
2946,100,Elizabeth Wallace,Shana Fulcher,Mark Sherman,skipped
2972,100,Elizabeth Wallace,Shana Fulcher,Mark Sherman,skipped
2980,100,Shana Fulcher,Elizabeth Wallace,Mark Sherman,skipped
2986,100,Shana Fulcher,Elizabeth Wallace,skipped,skipped
2988,100,Shana Fulcher,Elizabeth Wallace,skipped,skipped
2990,100,Shana Fulcher,Mark Sherman,Elizabeth Wallace,skipped
3003,100,Elizabeth Wallace,Shana Fulcher,Mark Sherman,skipped
3004,100,Shana Fulcher,Mark Sherman,Elizabeth Wallace,skipped
3017,100,Shana Fulcher,Elizabeth Wallace,skipped,skipped
3020,100,Shana Fulcher,Mark Sherman,skipped,skipped
3036,100,Elizabeth Wallace,Mark Sherman,Shana Fulcher,skipped
3038,100,Shana Fulcher,skipped,skipped,skipped
3052,100,Shana Fulcher,skipped,skipped,skipped
3059,100,Shana Fulcher,Elizabeth Wallace,Mark Sherman,skipped
3063,100,Shana Fulcher,Elizabeth Wallace,skipped,skipped
3074,100,Shana Fulcher,Mark Sherman,Elizabeth Wallace,skipped
3080,100,Elizabeth Wallace,Shana Fulcher,Mark Sherman,skipped
3084,100,Shana Fulcher,Elizabeth Wallace,skipped,skipped
3090,100,Shana Fulcher,Elizabeth Wallace,Mark Sherman,skipped
3104,100,Mark Sherman,Shana Fulcher,skipped,skipped
3106,100,Elizabeth Wallace,skipped,skipped,skipped
3120,100,Elizabeth Wallace,Shana Fulcher,Mark Sherman,skipped
3138,100,Shana Fulcher,Mark Sherman,skipped,skipped
3156,100,Mark Sherman,Elizabeth Wallace,Shana Fulcher,skipped
3158,100,Shana Fulcher,Mark Sherman,Elizabeth Wallace,skipped
3179,100,Shana Fulcher,Elizabeth Wallace,Mark Sherman,skipped
3180,100,Shana Fulcher,Elizabeth Wallace,Mark Sherman,skipped
3182,100,Elizabeth Wallace,Mark Sherman,Shana Fulcher,skipped
3189,100,Shana Fulcher,Mark Sherman,skipped,skipped
3194,100,Shana Fulcher,skipped,skipped,skipped
3198,100,Mark Sherman,Shana Fulcher,Elizabeth Wallace,skipped
3210,100,Elizabeth Wallace,Mark Sherman,Shana Fulcher,skipped
3217,100,Shana Fulcher,Elizabeth Wallace,Mark Sherman,skipped
3222,100,Mark Sherman,Elizabeth Wallace,Shana Fulcher,skipped
3224,100,Elizabeth Wallace,Shana Fulcher,Mark Sherman,skipped
3226,100,Shana Fulcher,Mark Sherman,Elizabeth Wallace,skipped
3235,100,Elizabeth Wallace,Shana Fulcher,Mark Sherman,skipped
3260,100,Elizabeth Wallace,Shana Fulcher,Mark Sherman,skipped
3276,100,Shana Fulcher,skipped,skipped,skipped
3284,100,Shana Fulcher,Elizabeth Wallace,skipped,skipped
3292,100,Shana Fulcher,Elizabeth Wallace,skipped,skipped
3294,100,Elizabeth Wallace,Shana Fulcher,Mark Sherman,skipped
3300,100,Shana Fulcher,Elizabeth Wallace,Shana Fulcher,skipped
3303,100,Shana Fulcher,Mark Sherman,Elizabeth Wallace,skipped
3309,100,Elizabeth Wallace,skipped,skipped,skipped
3311,100,Elizabeth Wallace,skipped,skipped,skipped
3318,100,Elizabeth Wallace,Shana Fulcher,Mark Sherman,skipped
3337,100,Elizabeth Wallace,Shana Fulcher,Mark Sherman,skipped
3339,100,Shana Fulcher,Mark Sherman,skipped,skipped
3353,100,Elizabeth Wallace,skipped,skipped,skipped
3356,100,Mark Sherman,skipped,skipped,skipped
3359,100,Shana Fulcher,Mark Sherman,Elizabeth Wallace,skipped
3387,100,Shana Fulcher,skipped,skipped,skipped
3394,100,Elizabeth Wallace,Shana Fulcher,Elizabeth Wallace,skipped
3401,100,Shana Fulcher,Mark Sherman,skipped,skipped
3405,100,Mark Sherman,Elizabeth Wallace,Shana Fulcher,skipped
3407,100,Elizabeth Wallace,Shana Fulcher,skipped,skipped
3415,100,Elizabeth Wallace,skipped,Mark Sherman,Shana Fulcher
3419,100,Shana Fulcher,Elizabeth Wallace,Mark Sherman,skipped
3423,100,Mark Sherman,Shana Fulcher,skipped,skipped
3425,100,Shana Fulcher,skipped,skipped,skipped
3427,100,Mark Sherman,Elizabeth Wallace,Shana Fulcher,skipped
3432,100,Mark Sherman,Elizabeth Wallace,skipped,skipped
3434,100,Shana Fulcher,skipped,skipped,skipped
3436,100,Shana Fulcher,skipped,skipped,skipped
3442,100,Shana Fulcher,skipped,skipped,skipped
3450,100,Elizabeth Wallace,Mark Sherman,skipped,skipped
3457,100,Elizabeth Wallace,Shana Fulcher,Mark Sherman,skipped
3463,100,Shana Fulcher,skipped,skipped,skipped
3468,100,Shana Fulcher,Elizabeth Wallace,Mark Sherman,skipped
3471,100,Shana Fulcher,skipped,skipped,skipped
3481,100,Shana Fulcher,Elizabeth Wallace,Mark Sherman,skipped
3491,100,Elizabeth Wallace,Shana Fulcher,skipped,skipped
3501,100,Shana Fulcher,skipped,skipped,skipped
3505,100,Mark Sherman,Elizabeth Wallace,skipped,skipped
3508,100,Elizabeth Wallace,Mark Sherman,Shana Fulcher,skipped
3510,100,Shana Fulcher,skipped,skipped,skipped
3511,100,Shana Fulcher,Elizabeth Wallace,Mark Sherman,skipped
3513,100,Shana Fulcher,Elizabeth Wallace,Mark Sherman,skipped
3515,100,Shana Fulcher,skipped,skipped,skipped
3525,100,Shana Fulcher,Elizabeth Wallace,skipped,skipped
3544,100,Elizabeth Wallace,skipped,skipped,skipped
3556,100,Shana Fulcher,skipped,skipped,skipped
3560,100,Shana Fulcher,Mark Sherman,Elizabeth Wallace,skipped
3566,100,Shana Fulcher,Elizabeth Wallace,Mark Sherman,skipped
3576,100,Shana Fulcher,Elizabeth Wallace,skipped,skipped
3590,100,Elizabeth Wallace,Mark Sherman,skipped,skipped
3592,100,Mark Sherman,Elizabeth Wallace,Shana Fulcher,skipped
3596,100,Shana Fulcher,Elizabeth Wallace,Mark Sherman,skipped
3612,100,Elizabeth Wallace,Shana Fulcher,Mark Sherman,skipped
3617,100,Mark Sherman,Shana Fulcher,Elizabeth Wallace,skipped
3621,100,Shana Fulcher,skipped,skipped,skipped
3623,100,Shana Fulcher,Mark Sherman,Elizabeth Wallace,WRITE-IN213
3625,100,Shana Fulcher,Elizabeth Wallace,Mark Sherman,skipped
3627,100,Shana Fulcher,skipped,skipped,skipped
3633,100,Shana Fulcher,Elizabeth Wallace,Mark Sherman,skipped
3634,100,Elizabeth Wallace,Shana Fulcher,Mark Sherman,skipped
3639,100,Shana Fulcher,Elizabeth Wallace,Mark Sherman,skipped
3643,100,Mark Sherman,Shana Fulcher,Elizabeth Wallace,skipped
3649,100,Elizabeth Wallace,skipped,skipped,skipped
3651,100,Elizabeth Wallace,skipped,skipped,skipped
3655,100,Shana Fulcher,Elizabeth Wallace,Mark Sherman,skipped
3660,100,Elizabeth Wallace,Shana Fulcher,Mark Sherman,skipped
3663,100,Elizabeth Wallace,skipped,skipped,skipped
3675,100,Shana Fulcher,Mark Sherman,skipped,skipped
3681,100,Elizabeth Wallace,Shana Fulcher,Mark Sherman,skipped
3703,100,Elizabeth Wallace,Shana Fulcher,skipped,skipped
3710,100,Shana Fulcher,Elizabeth Wallace,Mark Sherman,skipped
3729,100,Mark Sherman,Shana Fulcher,Elizabeth Wallace,skipped
3731,100,Shana Fulcher,Elizabeth Wallace,Mark Sherman,skipped
3734,100,Shana Fulcher,skipped,skipped,skipped
3735,100,Shana Fulcher,Mark Sherman,Elizabeth Wallace,skipped
3737,100,Mark Sherman,Elizabeth Wallace,Shana Fulcher,skipped
3743,100,Shana Fulcher,Elizabeth Wallace,skipped,skipped
3744,100,Mark Sherman,Elizabeth Wallace,Shana Fulcher,skipped
3749,100,Shana Fulcher,Elizabeth Wallace,Mark Sherman,skipped
3750,100,Shana Fulcher,Elizabeth Wallace,Mark Sherman,skipped
3752,100,Elizabeth Wallace,skipped,skipped,skipped
3754,100,Shana Fulcher,Elizabeth Wallace,skipped,skipped
3756,100,Shana Fulcher,Mark Sherman,Elizabeth Wallace,skipped
3757,100,Mark Sherman,Elizabeth Wallace,skipped,skipped
3764,100,Mark Sherman,Elizabeth Wallace,Shana Fulcher,skipped
3767,100,Shana Fulcher,Elizabeth Wallace,skipped,skipped
3772,100,Shana Fulcher,skipped,skipped,skipped
3773,100,Elizabeth Wallace,Shana Fulcher,Mark Sherman,skipped
3775,100,Shana Fulcher,Mark Sherman,Elizabeth Wallace,skipped
3776,100,Shana Fulcher,Mark Sherman,Elizabeth Wallace,skipped
3777,100,Shana Fulcher,Elizabeth Wallace,Mark Sherman,skipped
3778,100,Shana Fulcher,Elizabeth Wallace,skipped,skipped
3784,100,Mark Sherman,skipped,skipped,skipped
3789,100,Shana Fulcher,Elizabeth Wallace,Mark Sherman,skipped
3790,100,Elizabeth Wallace,Shana Fulcher,skipped,skipped
3795,100,Shana Fulcher,Mark Sherman,skipped,skipped
3805,100,Shana Fulcher,skipped,skipped,skipped
3807,100,Shana Fulcher,Mark Sherman,Elizabeth Wallace,skipped
3808,100,Shana Fulcher,Mark Sherman,Elizabeth Wallace,skipped
3814,100,Shana Fulcher,Elizabeth Wallace,Mark Sherman,skipped
3819,100,Shana Fulcher,Mark Sherman,skipped,skipped
3826,100,Elizabeth Wallace,Shana Fulcher,Mark Sherman,skipped
3827,100,Shana Fulcher,Mark Sherman,skipped,skipped
3831,100,Shana Fulcher,Mark Sherman,Elizabeth Wallace,skipped
3832,100,Shana Fulcher,Elizabeth Wallace,skipped,skipped
3833,100,Mark Sherman,skipped,skipped,skipped
3834,100,Mark Sherman,skipped,skipped,skipped
3835,100,Mark Sherman,skipped,skipped,skipped
3842,100,Shana Fulcher,Elizabeth Wallace,skipped,skipped
3844,100,Elizabeth Wallace,Mark Sherman,Shana Fulcher,skipped
3858,100,Mark Sherman,Shana Fulcher,Elizabeth Wallace,skipped
3859,100,Mark Sherman,Shana Fulcher,skipped,skipped
3860,100,Shana Fulcher,Elizabeth Wallace,Mark Sherman,skipped
3871,100,Mark Sherman,skipped,skipped,skipped
3874,100,Shana Fulcher,Elizabeth Wallace,Mark Sherman,skipped
3879,100,Shana Fulcher,Mark Sherman,skipped,skipped
3880,100,Shana Fulcher,skipped,skipped,skipped
3884,100,Shana Fulcher,skipped,skipped,skipped
3885,100,Shana Fulcher,skipped,skipped,skipped
3891,100,Shana Fulcher,skipped,skipped,skipped
3899,100,Mark Sherman,Shana Fulcher,Elizabeth Wallace,skipped
3901,100,Mark Sherman,Shana Fulcher,Elizabeth Wallace,skipped
3902,100,Shana Fulcher,Mark Sherman,Elizabeth Wallace,skipped
3903,100,Shana Fulcher,Mark Sherman,Elizabeth Wallace,skipped
3907,100,Shana Fulcher,Elizabeth Wallace,Mark Sherman,skipped
3908,100,Mark Sherman,Elizabeth Wallace,Shana Fulcher,skipped
3909,100,Shana Fulcher,skipped,skipped,skipped
3911,100,Elizabeth Wallace,Shana Fulcher,Mark Sherman,skipped
3925,100,Shana Fulcher,Elizabeth Wallace,Mark Sherman,skipped
3926,100,Elizabeth Wallace,Mark Sherman,Shana Fulcher,skipped
3934,100,Shana Fulcher,Mark Sherman,Elizabeth Wallace,skipped
3959,100,Elizabeth Wallace,Shana Fulcher,skipped,skipped
3966,100,Elizabeth Wallace,Shana Fulcher,Mark Sherman,skipped
3967,100,Shana Fulcher,skipped,skipped,skipped
3977,100,Elizabeth Wallace,Shana Fulcher,skipped,skipped
3984,100,Shana Fulcher,skipped,skipped,skipped
3985,100,Elizabeth Wallace,Shana Fulcher,skipped,skipped
3989,100,Shana Fulcher,skipped,skipped,skipped
4001,100,Shana Fulcher,Elizabeth Wallace,skipped,skipped
4029,100,Elizabeth Wallace,skipped,skipped,skipped
4030,100,Shana Fulcher,Mark Sherman,Elizabeth Wallace,skipped
4031,100,Shana Fulcher,Elizabeth Wallace,Mark Sherman,skipped
4033,100,Shana Fulcher,Elizabeth Wallace,Mark Sherman,skipped
4034,100,Shana Fulcher,skipped,skipped,skipped
4036,100,Shana Fulcher,Elizabeth Wallace,skipped,skipped
4037,100,Shana Fulcher,Mark Sherman,Elizabeth Wallace,skipped
4038,100,Mark Sherman,Shana Fulcher,Elizabeth Wallace,skipped
4040,100,Shana Fulcher,Elizabeth Wallace,skipped,skipped
4042,100,Shana Fulcher,skipped,skipped,skipped
4043,100,Shana Fulcher,skipped,skipped,skipped
4044,100,Shana Fulcher,Mark Sherman,Elizabeth Wallace,skipped
4046,100,Shana Fulcher,skipped,skipped,skipped
4047,100,Shana Fulcher,Elizabeth Wallace,skipped,skipped
4048,100,Shana Fulcher,skipped,skipped,skipped
4054,100,Elizabeth Wallace,Mark Sherman,Shana Fulcher,skipped
4056,100,Shana Fulcher,skipped,skipped,skipped
4058,100,Shana Fulcher,Elizabeth Wallace,skipped,skipped
4060,100,Elizabeth Wallace,skipped,skipped,skipped
4064,100,Elizabeth Wallace,skipped,skipped,skipped
4072,100,Mark Sherman,Shana Fulcher,skipped,skipped
4078,100,Shana Fulcher,Elizabeth Wallace,Mark Sherman,skipped
4079,100,Shana Fulcher,Elizabeth Wallace,Mark Sherman,skipped
4080,100,Mark Sherman,skipped,skipped,skipped
4087,100,Mark Sherman,skipped,skipped,skipped
4088,100,Mark Sherman,skipped,skipped,skipped
4089,100,Mark Sherman,Shana Fulcher,skipped,skipped
4090,100,Mark Sherman,Shana Fulcher,skipped,skipped
4093,100,Shana Fulcher,Elizabeth Wallace,skipped,skipped
4099,100,Shana Fulcher,WRITE-IN237,skipped,skipped
4101,100,Mark Sherman,skipped,skipped,skipped
4111,100,Shana Fulcher,skipped,skipped,skipped
4112,100,Shana Fulcher,Mark Sherman,skipped,skipped
4120,100,Shana Fulcher,skipped,skipped,skipped
4122,100,Shana Fulcher,Elizabeth Wallace,Mark Sherman,skipped
4123,100,Shana Fulcher,Mark Sherman,skipped,skipped
4128,100,Shana Fulcher,Mark Sherman,Elizabeth Wallace,skipped
4129,100,Mark Sherman,Shana Fulcher,Elizabeth Wallace,skipped
4136,100,Mark Sherman,skipped,skipped,skipped
4156,100,Shana Fulcher,Mark Sherman,Elizabeth Wallace,skipped
4157,100,Mark Sherman,Shana Fulcher,Elizabeth Wallace,skipped
4160,100,Shana Fulcher,skipped,skipped,skipped
4161,100,Mark Sherman,skipped,skipped,skipped
4166,100,Mark Sherman,Elizabeth Wallace,skipped,skipped
4172,100,Shana Fulcher,Mark Sherman,Elizabeth Wallace,skipped
4184,100,Mark Sherman,Elizabeth Wallace,skipped,skipped
4185,100,Mark Sherman,Elizabeth Wallace,Shana Fulcher,skipped
4186,100,Mark Sherman,Elizabeth Wallace,Shana Fulcher,skipped
4187,100,Mark Sherman,Elizabeth Wallace,Shana Fulcher,skipped
4203,100,Shana Fulcher,Mark Sherman,Elizabeth Wallace,skipped
4213,100,Mark Sherman,skipped,skipped,skipped
4218,100,Mark Sherman,skipped,skipped,skipped
4238,100,Shana Fulcher,Mark Sherman,Elizabeth Wallace,skipped
4246,100,Shana Fulcher,Mark Sherman,Elizabeth Wallace,skipped
4247,100,Shana Fulcher,Mark Sherman,Elizabeth Wallace,skipped
4250,100,Shana Fulcher,Elizabeth Wallace,skipped,skipped
4251,100,Shana Fulcher,skipped,skipped,skipped
4257,100,Elizabeth Wallace,Shana Fulcher,Mark Sherman,skipped
4259,100,Elizabeth Wallace,Shana Fulcher,Mark Sherman,skipped
4269,100,Mark Sherman,skipped,skipped,skipped
4272,100,Shana Fulcher,skipped,skipped,skipped
4277,100,Elizabeth Wallace,skipped,skipped,skipped
4305,100,Shana Fulcher,Elizabeth Wallace,skipped,skipped
4306,100,Shana Fulcher,skipped,skipped,skipped
4313,100,Mark Sherman,Elizabeth Wallace,Shana Fulcher,skipped
4314,100,Mark Sherman,Shana Fulcher,skipped,skipped
4315,100,Mark Sherman,Elizabeth Wallace,Shana Fulcher,skipped
4316,100,Shana Fulcher,skipped,skipped,skipped
4318,100,Shana Fulcher,skipped,skipped,skipped
4321,100,Shana Fulcher,skipped,skipped,skipped
4322,100,Shana Fulcher,skipped,skipped,skipped
4326,100,Shana Fulcher,skipped,skipped,skipped
4330,100,Shana Fulcher,skipped,skipped,skipped
4331,100,Shana Fulcher,skipped,skipped,skipped
4342,100,Elizabeth Wallace,Shana Fulcher,WRITE-IN251,Mark Sherman
4365,100,Elizabeth Wallace,Mark Sherman,skipped,skipped
4366,100,Shana Fulcher,Elizabeth Wallace,skipped,skipped
4370,100,Shana Fulcher,Elizabeth Wallace,skipped,skipped
4377,100,Shana Fulcher,Elizabeth Wallace,Mark Sherman,skipped
4379,100,Shana Fulcher,Elizabeth Wallace,Mark Sherman,skipped
4380,100,Shana Fulcher,Mark Sherman,Elizabeth Wallace,skipped
4385,100,Shana Fulcher,skipped,skipped,skipped
4386,100,Shana Fulcher,Elizabeth Wallace,Mark Sherman,skipped
4387,100,Elizabeth Wallace,Mark Sherman,Shana Fulcher,skipped
4388,100,Elizabeth Wallace,Mark Sherman,skipped,skipped
4393,100,Elizabeth Wallace,Mark Sherman,skipped,skipped
4466,100,Elizabeth Wallace,Shana Fulcher,Mark Sherman,skipped
4483,100,Shana Fulcher,Elizabeth Wallace,Mark Sherman,skipped
4486,100,Shana Fulcher,Elizabeth Wallace,Mark Sherman,skipped
4487,100,Mark Sherman,skipped,skipped,skipped
4489,100,Shana Fulcher,Mark Sherman,skipped,skipped
4502,100,WRITE-IN265,skipped,skipped,skipped
4503,100,Shana Fulcher,skipped,skipped,skipped
4504,100,Shana Fulcher,skipped,skipped,skipped
4510,100,Shana Fulcher,Elizabeth Wallace,skipped,skipped
4514,100,Elizabeth Wallace,Mark Sherman,Shana Fulcher,skipped
4515,100,Elizabeth Wallace,Mark Sherman,Shana Fulcher,skipped
4520,100,Shana Fulcher,Elizabeth Wallace,Mark Sherman,skipped
4523,100,Elizabeth Wallace,skipped,skipped,skipped
4525,100,Shana Fulcher,Elizabeth Wallace,skipped,skipped
4526,100,Elizabeth Wallace,Mark Sherman,skipped,skipped
4527,100,Shana Fulcher,WRITE-IN268,skipped,skipped
4534,100,Shana Fulcher,Elizabeth Wallace,Mark Sherman,skipped
4539,100,Mark Sherman,Shana Fulcher,Elizabeth Wallace,skipped
4545,100,Shana Fulcher,Elizabeth Wallace,Mark Sherman,skipped
4551,100,Mark Sherman,Shana Fulcher,Mark Sherman,skipped
4553,100,Shana Fulcher,Mark Sherman,skipped,skipped
4554,100,Mark Sherman,Elizabeth Wallace,skipped,Shana Fulcher
4555,100,Shana Fulcher,skipped,skipped,skipped
4556,100,Mark Sherman,Shana Fulcher,Elizabeth Wallace,skipped
4558,100,Elizabeth Wallace,Mark Sherman,Shana Fulcher,skipped
4560,100,WRITE-IN269,Elizabeth Wallace,Mark Sherman,Shana Fulcher
4562,100,Mark Sherman,WRITE-IN270,Shana Fulcher,skipped
4563,100,Shana Fulcher,skipped,skipped,skipped
4564,100,Elizabeth Wallace,skipped,skipped,skipped
4568,100,Shana Fulcher,Elizabeth Wallace,Mark Sherman,skipped
4570,100,Elizabeth Wallace,Shana Fulcher,Mark Sherman,skipped
4574,100,Elizabeth Wallace,skipped,skipped,skipped
4577,100,Shana Fulcher,Mark Sherman,Elizabeth Wallace,skipped
4580,100,Shana Fulcher,Mark Sherman,skipped,skipped
4582,100,Shana Fulcher,Mark Sherman,Elizabeth Wallace,skipped
4583,100,WRITE-IN271,skipped,skipped,skipped
4596,100,Shana Fulcher,Mark Sherman,skipped,skipped
4604,100,Elizabeth Wallace,Mark Sherman,Shana Fulcher,skipped
4607,100,Shana Fulcher,Elizabeth Wallace,Mark Sherman,skipped
4610,100,Elizabeth Wallace,Shana Fulcher,Mark Sherman,skipped
4616,100,Shana Fulcher,Elizabeth Wallace,skipped,skipped
4624,100,Shana Fulcher,Mark Sherman,skipped,skipped
4628,100,Shana Fulcher,WRITE-IN274,skipped,skipped
4629,100,Shana Fulcher,Elizabeth Wallace,Mark Sherman,skipped
4630,100,Shana Fulcher,Elizabeth Wallace,Mark Sherman,WRITE-IN276
4633,100,Mark Sherman,skipped,skipped,skipped
4634,100,Shana Fulcher,skipped,skipped,skipped
4636,100,Shana Fulcher,Elizabeth Wallace,Mark Sherman,skipped
4639,100,Mark Sherman,Shana Fulcher,Elizabeth Wallace,skipped
4640,100,Mark Sherman,Shana Fulcher,Elizabeth Wallace,skipped
4641,100,Shana Fulcher,skipped,skipped,skipped
4643,100,Shana Fulcher,Mark Sherman,Elizabeth Wallace,skipped
4646,100,Elizabeth Wallace,Shana Fulcher,Mark Sherman,skipped
4668,100,Shana Fulcher,Elizabeth Wallace,Mark Sherman,skipped
4669,100,Shana Fulcher,Elizabeth Wallace,Mark Sherman,skipped
4673,100,Mark Sherman,skipped,skipped,skipped
4680,100,Elizabeth Wallace,Mark Sherman,Shana Fulcher,skipped
4841,100,Elizabeth Wallace,skipped,skipped,skipped
4842,100,Elizabeth Wallace,Shana Fulcher,Mark Sherman,skipped
4853,100,Shana Fulcher,Elizabeth Wallace,skipped,skipped
4859,100,Shana Fulcher,skipped,skipped,skipped
4868,100,Mark Sherman,Elizabeth Wallace,Shana Fulcher,skipped
4875,100,Mark Sherman,Elizabeth Wallace,Shana Fulcher,skipped
4887,100,Mark Sherman,Shana Fulcher,Elizabeth Wallace,skipped
4892,100,Shana Fulcher,Mark Sherman,skipped,skipped
4893,100,Shana Fulcher,Mark Sherman,Elizabeth Wallace,skipped
4895,100,Shana Fulcher,Elizabeth Wallace,Mark Sherman,skipped
4896,100,Shana Fulcher,Elizabeth Wallace,Mark Sherman,skipped
4902,100,Elizabeth Wallace,Shana Fulcher,Mark Sherman,skipped
4906,100,Shana Fulcher,Elizabeth Wallace,Mark Sherman,skipped
4911,100,Mark Sherman,Elizabeth Wallace,Shana Fulcher,skipped
4912,100,Shana Fulcher,Elizabeth Wallace,skipped,skipped
4915,100,Shana Fulcher,Elizabeth Wallace,skipped,skipped
4922,100,Shana Fulcher,skipped,skipped,skipped
4923,100,Shana Fulcher,skipped,skipped,skipped
4947,100,Shana Fulcher,Mark Sherman,Elizabeth Wallace,skipped
4948,100,Shana Fulcher,Elizabeth Wallace,Mark Sherman,skipped
4953,100,Mark Sherman,skipped,skipped,skipped
4954,100,Shana Fulcher,skipped,skipped,skipped
4969,100,Elizabeth Wallace,skipped,skipped,skipped
4972,100,Shana Fulcher,Elizabeth Wallace,skipped,skipped
4976,100,Elizabeth Wallace,Shana Fulcher,Mark Sherman,skipped
4986,100,Mark Sherman,Shana Fulcher,Elizabeth Wallace,skipped
4992,100,Shana Fulcher,skipped,skipped,skipped
4999,100,Elizabeth Wallace,skipped,skipped,skipped
5002,100,Shana Fulcher,WRITE-IN315,Mark Sherman,Elizabeth Wallace
5020,100,Mark Sherman,skipped,skipped,skipped
5022,100,Elizabeth Wallace,Mark Sherman,Shana Fulcher,skipped
5023,100,Shana Fulcher,Mark Sherman,Elizabeth Wallace,skipped
5075,100,WRITE-IN321,skipped,skipped,skipped
5086,100,Shana Fulcher,skipped,skipped,skipped
5087,100,Shana Fulcher,Elizabeth Wallace,Mark Sherman,skipped
5094,100,Shana Fulcher,Mark Sherman,Elizabeth Wallace,skipped
5096,100,Shana Fulcher,Mark Sherman,Elizabeth Wallace,skipped
5097,100,Shana Fulcher,Elizabeth Wallace,skipped,skipped
5100,100,Shana Fulcher,skipped,skipped,skipped
5101,100,Shana Fulcher,skipped,skipped,skipped
5102,100,Shana Fulcher,skipped,skipped,skipped
5105,100,Shana Fulcher,Elizabeth Wallace,skipped,skipped
5112,100,Shana Fulcher,Mark Sherman,Elizabeth Wallace,skipped
5115,100,Shana Fulcher,Elizabeth Wallace,skipped,skipped
5116,100,Shana Fulcher,Elizabeth Wallace,skipped,skipped
5122,100,Mark Sherman,Elizabeth Wallace,skipped,skipped
5123,100,Mark Sherman,Elizabeth Wallace,skipped,skipped
5124,100,Shana Fulcher,skipped,skipped,skipped
5128,100,Elizabeth Wallace,skipped,skipped,skipped
5135,100,Shana Fulcher,skipped,skipped,skipped
5136,100,Shana Fulcher,Elizabeth Wallace,Mark Sherman,skipped
5138,100,Shana Fulcher,skipped,skipped,skipped
5139,100,Shana Fulcher,Elizabeth Wallace,Mark Sherman,skipped
5148,100,Shana Fulcher,skipped,skipped,skipped
5149,100,Shana Fulcher,skipped,skipped,skipped
5151,100,Shana Fulcher,Mark Sherman,Elizabeth Wallace,skipped
5162,100,Shana Fulcher,skipped,skipped,skipped
5163,100,Elizabeth Wallace,Mark Sherman,Shana Fulcher,skipped
5164,100,Shana Fulcher,Elizabeth Wallace,Mark Sherman,skipped
5165,100,Shana Fulcher,Elizabeth Wallace,skipped,skipped
5170,100,Shana Fulcher,WRITE-IN327,skipped,skipped
5171,100,Elizabeth Wallace,skipped,skipped,skipped
5178,100,Shana Fulcher,skipped,skipped,skipped
5180,100,Shana Fulcher,Mark Sherman,skipped,skipped
5186,100,Shana Fulcher,skipped,skipped,skipped
5187,100,Shana Fulcher,Elizabeth Wallace,skipped,skipped
5188,100,Shana Fulcher,Elizabeth Wallace,skipped,skipped
5190,100,Elizabeth Wallace,Shana Fulcher,Mark Sherman,skipped
5195,100,Shana Fulcher,Mark Sherman,skipped,skipped
5199,100,Shana Fulcher,Mark Sherman,Elizabeth Wallace,skipped
5200,100,Shana Fulcher,skipped,skipped,skipped
5201,100,Shana Fulcher,skipped,skipped,skipped
5202,100,Mark Sherman,Shana Fulcher,Elizabeth Wallace,skipped
5213,100,Elizabeth Wallace,Shana Fulcher,Mark Sherman,skipped
5215,100,Shana Fulcher,Mark Sherman,Elizabeth Wallace,skipped
5225,100,Elizabeth Wallace,skipped,skipped,skipped
5237,100,Shana Fulcher,skipped,skipped,skipped
5242,100,Elizabeth Wallace,skipped,skipped,skipped
5243,100,Elizabeth Wallace,Shana Fulcher,Mark Sherman,skipped
5244,100,Elizabeth Wallace,Shana Fulcher,skipped,skipped
5246,100,Shana Fulcher,Elizabeth Wallace,Mark Sherman,skipped
5261,100,Shana Fulcher,skipped,skipped,skipped
5262,100,Elizabeth Wallace,Shana Fulcher,Mark Sherman,skipped
5265,100,Shana Fulcher,Elizabeth Wallace,Mark Sherman,skipped
5266,100,Shana Fulcher,skipped,skipped,skipped
5268,100,Shana Fulcher,skipped,skipped,skipped
5278,100,Elizabeth Wallace,Mark Sherman,Shana Fulcher,skipped
5279,100,Elizabeth Wallace,Shana Fulcher,Mark Sherman,skipped
5287,100,Elizabeth Wallace,skipped,skipped,skipped
5292,100,Shana Fulcher,skipped,skipped,skipped
5294,100,Mark Sherman,Shana Fulcher,Elizabeth Wallace,skipped
5298,100,Shana Fulcher,Mark Sherman,Elizabeth Wallace,skipped
5304,100,WRITE-IN337,Shana Fulcher,Mark Sherman,skipped
5308,100,Shana Fulcher,Mark Sherman,skipped,skipped
5310,100,Shana Fulcher,Mark Sherman,Elizabeth Wallace,skipped
5317,100,Shana Fulcher,Mark Sherman,skipped,skipped
5318,100,Mark Sherman,Shana Fulcher,Elizabeth Wallace,skipped
5319,100,Mark Sherman,Shana Fulcher,skipped,skipped
5321,100,Shana Fulcher,Mark Sherman,Elizabeth Wallace,skipped
5322,100,Shana Fulcher,Mark Sherman,Elizabeth Wallace,skipped
5324,100,Shana Fulcher,skipped,skipped,skipped
5326,100,Shana Fulcher,Elizabeth Wallace,skipped,skipped
5327,100,Shana Fulcher,Elizabeth Wallace,skipped,skipped
5328,100,Shana Fulcher,Elizabeth Wallace,skipped,skipped
5331,100,Shana Fulcher,skipped,skipped,skipped
5332,100,Elizabeth Wallace,skipped,skipped,skipped
5333,100,Mark Sherman,Shana Fulcher,skipped,skipped
5340,100,WRITE-IN342,Elizabeth Wallace,skipped,skipped
5342,100,Mark Sherman,Elizabeth Wallace,skipped,skipped
5344,100,Shana Fulcher,Elizabeth Wallace,Mark Sherman,skipped
5352,100,Shana Fulcher,Mark Sherman,Elizabeth Wallace,skipped
5354,100,Shana Fulcher,Mark Sherman,Elizabeth Wallace,skipped
5357,100,Mark Sherman,Elizabeth Wallace,skipped,skipped
5361,100,Mark Sherman,Shana Fulcher,Elizabeth Wallace,skipped
5367,100,Shana Fulcher,skipped,skipped,skipped
5370,100,Shana Fulcher,skipped,skipped,skipped
5372,100,Shana Fulcher,Elizabeth Wallace,skipped,skipped
5379,100,Shana Fulcher,skipped,skipped,skipped
5380,100,Shana Fulcher,Elizabeth Wallace,Mark Sherman,skipped
5384,100,Elizabeth Wallace,skipped,skipped,skipped
5388,100,Shana Fulcher,Elizabeth Wallace,Mark Sherman,skipped
5391,100,Mark Sherman,Elizabeth Wallace,skipped,skipped
5393,100,Shana Fulcher,Elizabeth Wallace,Mark Sherman,skipped
5394,100,Mark Sherman,Shana Fulcher,Elizabeth Wallace,skipped
5397,100,Shana Fulcher,skipped,skipped,skipped
5398,100,Shana Fulcher,skipped,skipped,skipped
5410,100,Shana Fulcher,Mark Sherman,skipped,skipped
5412,100,Elizabeth Wallace,skipped,skipped,skipped
5419,100,Shana Fulcher,Mark Sherman,Elizabeth Wallace,skipped
5420,100,Shana Fulcher,skipped,skipped,skipped
5428,100,Shana Fulcher,Elizabeth Wallace,Mark Sherman,skipped
5429,100,Shana Fulcher,Mark Sherman,skipped,skipped
5436,100,Shana Fulcher,skipped,skipped,skipped
5438,100,Elizabeth Wallace,skipped,skipped,skipped
5440,100,Shana Fulcher,Elizabeth Wallace,Mark Sherman,skipped
5442,100,Shana Fulcher,Elizabeth Wallace,Mark Sherman,skipped
5448,100,Elizabeth Wallace,Shana Fulcher,skipped,skipped
5454,100,Mark Sherman,Shana Fulcher,Elizabeth Wallace,skipped
5465,100,Shana Fulcher,skipped,skipped,skipped
5475,100,Shana Fulcher,Elizabeth Wallace,Mark Sherman,skipped
5478,100,Mark Sherman,skipped,skipped,skipped
5479,100,Elizabeth Wallace,Shana Fulcher,skipped,skipped
5482,100,Elizabeth Wallace,Shana Fulcher,skipped,skipped
5491,100,Mark Sherman,skipped,skipped,skipped
5494,100,Elizabeth Wallace,Shana Fulcher,skipped,skipped
5496,100,Shana Fulcher,Elizabeth Wallace,Mark Sherman,skipped
5501,100,Shana Fulcher,Elizabeth Wallace,skipped,skipped
5502,100,Shana Fulcher,Elizabeth Wallace,Mark Sherman,skipped
5503,100,Mark Sherman,Shana Fulcher,Elizabeth Wallace,skipped
5505,100,Elizabeth Wallace,Mark Sherman,Shana Fulcher,skipped
5508,100,Shana Fulcher,Elizabeth Wallace,skipped,skipped
5517,100,Mark Sherman,Shana Fulcher,Elizabeth Wallace,skipped
5519,100,Mark Sherman,Shana Fulcher,Elizabeth Wallace,skipped
5524,100,Shana Fulcher,skipped,skipped,skipped
5525,100,Shana Fulcher,skipped,skipped,skipped
5526,100,Shana Fulcher,Elizabeth Wallace,Mark Sherman,skipped
5529,100,Shana Fulcher,Elizabeth Wallace,Mark Sherman,skipped
5536,100,Shana Fulcher,Elizabeth Wallace,Mark Sherman,skipped
5537,100,Shana Fulcher,Elizabeth Wallace,WRITE-IN351,Mark Sherman
5539,100,Shana Fulcher,Elizabeth Wallace,skipped,skipped
5543,100,Shana Fulcher,Elizabeth Wallace,Mark Sherman,skipped
5558,100,Mark Sherman,Shana Fulcher,Elizabeth Wallace,skipped
5561,100,Shana Fulcher,skipped,skipped,skipped
5562,100,Shana Fulcher,skipped,skipped,skipped
5565,100,Shana Fulcher,skipped,skipped,skipped
5567,100,Shana Fulcher,skipped,skipped,skipped
5568,100,Shana Fulcher,Elizabeth Wallace,Mark Sherman,skipped
5571,100,Shana Fulcher,skipped,skipped,skipped
5572,100,Mark Sherman,Elizabeth Wallace,Shana Fulcher,skipped
5580,100,Elizabeth Wallace,Shana Fulcher,Mark Sherman,skipped
5590,100,Shana Fulcher,Mark Sherman,Elizabeth Wallace,skipped
5594,100,Shana Fulcher,Mark Sherman,skipped,skipped
5598,100,Shana Fulcher,Mark Sherman,Elizabeth Wallace,skipped
5604,100,Shana Fulcher,Elizabeth Wallace,skipped,skipped
5605,100,Shana Fulcher,Elizabeth Wallace,WRITE-IN362,skipped
5606,100,Shana Fulcher,Elizabeth Wallace,Mark Sherman,skipped
5607,100,Shana Fulcher,Elizabeth Wallace,Mark Sherman,skipped
5608,100,Shana Fulcher,Mark Sherman,Elizabeth Wallace,skipped
5611,100,Elizabeth Wallace,skipped,skipped,skipped
5621,100,Elizabeth Wallace,Mark Sherman,Shana Fulcher,skipped
5622,100,Elizabeth Wallace,Mark Sherman,skipped,skipped
5625,100,Shana Fulcher,Mark Sherman,Elizabeth Wallace,skipped
5626,100,Shana Fulcher,Elizabeth Wallace,skipped,skipped
5631,100,Shana Fulcher,skipped,skipped,skipped
5632,100,Shana Fulcher,Elizabeth Wallace,Mark Sherman,skipped
5637,100,Shana Fulcher,WRITE-IN365,Elizabeth Wallace,skipped
5638,100,Shana Fulcher,Elizabeth Wallace,skipped,skipped
5641,100,Shana Fulcher,Elizabeth Wallace,Mark Sherman,skipped
5642,100,Mark Sherman,Shana Fulcher,skipped,skipped
5645,100,Shana Fulcher,Elizabeth Wallace,skipped,skipped
5646,100,Shana Fulcher,skipped,skipped,skipped
5653,100,Shana Fulcher,Elizabeth Wallace,skipped,skipped
5654,100,Shana Fulcher,Elizabeth Wallace,Mark Sherman,skipped
5658,100,Shana Fulcher,Mark Sherman,Elizabeth Wallace,skipped
5659,100,Shana Fulcher,skipped,skipped,skipped
5660,100,Shana Fulcher,Elizabeth Wallace,skipped,skipped
5672,100,Shana Fulcher,Elizabeth Wallace,skipped,skipped
5678,100,Shana Fulcher,Elizabeth Wallace,skipped,skipped
5681,100,Shana Fulcher,Mark Sherman,Elizabeth Wallace,skipped
5682,100,Shana Fulcher,Mark Sherman,Elizabeth Wallace,skipped
5683,100,Shana Fulcher,Elizabeth Wallace,Mark Sherman,skipped
5684,100,Shana Fulcher,Mark Sherman,Elizabeth Wallace,skipped
5685,100,Elizabeth Wallace,Shana Fulcher,skipped,skipped
5689,100,Shana Fulcher,Mark Sherman,Elizabeth Wallace,skipped
5694,100,Elizabeth Wallace,Shana Fulcher,Mark Sherman,skipped
5697,100,Shana Fulcher,Mark Sherman,Elizabeth Wallace,skipped
5700,100,Shana Fulcher,Elizabeth Wallace,Mark Sherman,skipped
5705,100,Shana Fulcher,skipped,skipped,skipped
5706,100,Shana Fulcher,Mark Sherman,skipped,skipped
5709,100,Elizabeth Wallace,skipped,skipped,skipped
5710,100,Shana Fulcher,Elizabeth Wallace,skipped,skipped
5711,100,Shana Fulcher,Elizabeth Wallace,Mark Sherman,skipped
5714,100,Elizabeth Wallace,WRITE-IN369,WRITE-IN369,WRITE-IN369
5728,100,Mark Sherman,skipped,skipped,skipped
5729,100,Mark Sherman,skipped,skipped,skipped
5736,100,Elizabeth Wallace,Mark Sherman,Shana Fulcher,skipped
5739,100,Shana Fulcher,Mark Sherman,skipped,skipped
5743,100,Shana Fulcher,Mark Sherman,Elizabeth Wallace,skipped
5744,100,Shana Fulcher,Mark Sherman,Elizabeth Wallace,skipped
5750,100,Elizabeth Wallace,Mark Sherman,Shana Fulcher,skipped
5753,100,Shana Fulcher,Mark Sherman,Elizabeth Wallace,skipped
5755,100,Mark Sherman,Elizabeth Wallace,Shana Fulcher,skipped
5757,100,Shana Fulcher,Mark Sherman,Elizabeth Wallace,skipped
5759,100,Mark Sherman,skipped,skipped,skipped
5760,100,Shana Fulcher,Mark Sherman,skipped,skipped
5761,100,Elizabeth Wallace,Shana Fulcher,Mark Sherman,skipped
5762,100,Shana Fulcher,Mark Sherman,skipped,skipped
5764,100,Elizabeth Wallace,Mark Sherman,Shana Fulcher,skipped
5766,100,Shana Fulcher,skipped,skipped,skipped
5767,100,Shana Fulcher,skipped,skipped,skipped
5773,100,Mark Sherman,Elizabeth Wallace,Shana Fulcher,skipped
5775,100,Elizabeth Wallace,Shana Fulcher,Mark Sherman,skipped
5776,100,Shana Fulcher,Elizabeth Wallace,WRITE-IN379,skipped
5778,100,Shana Fulcher,Mark Sherman,Elizabeth Wallace,skipped
5787,100,Shana Fulcher,skipped,skipped,skipped
5788,100,Shana Fulcher,Elizabeth Wallace,skipped,skipped
5802,100,Shana Fulcher,Elizabeth Wallace,Mark Sherman,skipped
5826,100,Mark Sherman,Elizabeth Wallace,skipped,skipped
5827,100,Shana Fulcher,Mark Sherman,Elizabeth Wallace,skipped
5829,100,Elizabeth Wallace,Shana Fulcher,Mark Sherman,skipped
5833,100,Mark Sherman,skipped,skipped,skipped
5845,100,Shana Fulcher,skipped,skipped,skipped
5846,100,Shana Fulcher,skipped,skipped,skipped
5851,100,Elizabeth Wallace,skipped,skipped,skipped
5853,100,Mark Sherman,Shana Fulcher,Elizabeth Wallace,skipped
5859,100,Shana Fulcher,Elizabeth Wallace,Mark Sherman,skipped
5860,100,Shana Fulcher,Elizabeth Wallace,skipped,skipped
5862,100,Shana Fulcher,skipped,skipped,skipped
5863,100,Shana Fulcher,Mark Sherman,skipped,skipped
5866,100,Elizabeth Wallace,skipped,skipped,skipped
5867,100,Shana Fulcher,Mark Sherman,Elizabeth Wallace,skipped
5869,100,Elizabeth Wallace,Mark Sherman,Shana Fulcher,skipped
5870,100,Shana Fulcher,Elizabeth Wallace,skipped,skipped
5875,100,Shana Fulcher,Mark Sherman,Elizabeth Wallace,skipped
5880,100,Mark Sherman,skipped,skipped,skipped
5882,100,Shana Fulcher,Elizabeth Wallace,Mark Sherman,skipped
5883,100,Elizabeth Wallace,Shana Fulcher,Mark Sherman,skipped
5884,100,Shana Fulcher,Mark Sherman,skipped,skipped
5894,100,Shana Fulcher,Mark Sherman,Elizabeth Wallace,skipped
5911,100,Elizabeth Wallace,Shana Fulcher,Mark Sherman,skipped
5912,100,Mark Sherman,Shana Fulcher,Elizabeth Wallace,skipped
5914,100,Shana Fulcher,Mark Sherman,Elizabeth Wallace,skipped
5915,100,Shana Fulcher,Mark Sherman,skipped,skipped
5916,100,Shana Fulcher,skipped,skipped,skipped
5920,100,Elizabeth Wallace,Mark Sherman,Shana Fulcher,skipped
5921,100,Elizabeth Wallace,Shana Fulcher,Mark Sherman,skipped
5922,100,Elizabeth Wallace,Mark Sherman,Shana Fulcher,skipped
5929,100,Shana Fulcher,Mark Sherman,Elizabeth Wallace,skipped
5930,100,Shana Fulcher,Elizabeth Wallace,Mark Sherman,skipped
5931,100,Shana Fulcher,skipped,skipped,skipped
5935,100,Elizabeth Wallace,Shana Fulcher,Mark Sherman,skipped
5938,100,Elizabeth Wallace,skipped,skipped,skipped
5939,100,Elizabeth Wallace,skipped,skipped,skipped
5949,100,Shana Fulcher,Elizabeth Wallace,Mark Sherman,skipped
5953,100,Mark Sherman,Elizabeth Wallace,Shana Fulcher,skipped
5957,100,Shana Fulcher,Mark Sherman,skipped,skipped
5969,100,Mark Sherman,Shana Fulcher,Elizabeth Wallace,skipped
5973,100,Shana Fulcher,Elizabeth Wallace,skipped,skipped
5979,100,Shana Fulcher,Elizabeth Wallace,WRITE-IN394,skipped
5982,100,Elizabeth Wallace,Shana Fulcher,skipped,skipped
5986,100,Elizabeth Wallace,skipped,skipped,skipped
5987,100,Shana Fulcher,Elizabeth Wallace,skipped,skipped
5990,100,Shana Fulcher,Elizabeth Wallace,skipped,skipped
5996,100,Shana Fulcher,Mark Sherman,skipped,skipped
6007,100,Elizabeth Wallace,skipped,skipped,skipped
6008,100,Elizabeth Wallace,Shana Fulcher,skipped,skipped
6009,100,Elizabeth Wallace,Shana Fulcher,skipped,skipped
6013,100,Mark Sherman,Shana Fulcher,Elizabeth Wallace,skipped
6014,100,Mark Sherman,Shana Fulcher,Elizabeth Wallace,skipped
6016,100,Shana Fulcher,Elizabeth Wallace,skipped,skipped
6018,100,Mark Sherman,Elizabeth Wallace,skipped,Shana Fulcher
6019,100,Shana Fulcher,Mark Sherman,Elizabeth Wallace,skipped
6025,100,Elizabeth Wallace,skipped,skipped,skipped
6031,100,Elizabeth Wallace,skipped,skipped,skipped
6033,100,Shana Fulcher,Mark Sherman,Elizabeth Wallace,skipped
6034,100,Mark Sherman,Shana Fulcher,Elizabeth Wallace,skipped
6053,100,Elizabeth Wallace,Mark Sherman,Shana Fulcher,skipped
6062,100,Mark Sherman,Shana Fulcher,Elizabeth Wallace,skipped
6067,100,Shana Fulcher,Mark Sherman,Elizabeth Wallace,skipped
6073,100,Shana Fulcher,Elizabeth Wallace,skipped,skipped
6075,100,Shana Fulcher,Mark Sherman,Elizabeth Wallace,skipped
6079,100,Elizabeth Wallace,Mark Sherman,Shana Fulcher,skipped
6081,100,Shana Fulcher,Elizabeth Wallace,Mark Sherman,skipped
6082,100,Shana Fulcher,skipped,skipped,skipped
6083,100,Shana Fulcher,Elizabeth Wallace,skipped,skipped
6086,100,Mark Sherman,skipped,skipped,skipped
6090,100,Shana Fulcher,Elizabeth Wallace,Mark Sherman,skipped
6092,100,Shana Fulcher,Mark Sherman,Elizabeth Wallace,skipped
6094,100,Shana Fulcher,skipped,skipped,skipped
6096,100,Shana Fulcher,Mark Sherman,Elizabeth Wallace,skipped
6097,100,Elizabeth Wallace,Shana Fulcher,Mark Sherman,skipped
6098,100,Shana Fulcher,Mark Sherman,Elizabeth Wallace,skipped
6103,100,Shana Fulcher,Elizabeth Wallace,skipped,skipped
6105,100,Shana Fulcher,Elizabeth Wallace,skipped,skipped
6111,100,Elizabeth Wallace,Shana Fulcher,Mark Sherman,skipped
6115,100,Shana Fulcher,Elizabeth Wallace,WRITE-IN399,skipped
6121,100,Mark Sherman,Shana Fulcher,Elizabeth Wallace,skipped
6122,100,Elizabeth Wallace,Shana Fulcher,skipped,skipped
6124,100,Elizabeth Wallace,Shana Fulcher,skipped,skipped
6125,100,Shana Fulcher,Mark Sherman,Elizabeth Wallace,skipped
6131,100,Shana Fulcher,Elizabeth Wallace,Mark Sherman,skipped
6132,100,Shana Fulcher,Elizabeth Wallace,Mark Sherman,skipped
6133,100,Shana Fulcher,skipped,skipped,skipped
6134,100,Elizabeth Wallace,Shana Fulcher,Mark Sherman,skipped
6136,100,Shana Fulcher,skipped,skipped,skipped
6139,100,Shana Fulcher,Mark Sherman,Elizabeth Wallace,skipped
6144,100,Mark Sherman,Shana Fulcher,Elizabeth Wallace,skipped
6145,100,Shana Fulcher,Elizabeth Wallace,Mark Sherman,skipped
6147,100,Shana Fulcher,skipped,skipped,skipped
6152,100,Mark Sherman,skipped,skipped,skipped
6153,100,Mark Sherman,skipped,skipped,skipped
6167,100,Shana Fulcher,Elizabeth Wallace,Mark Sherman,skipped
6168,100,Shana Fulcher,Elizabeth Wallace,skipped,skipped
6169,100,Elizabeth Wallace,Shana Fulcher,Mark Sherman,skipped
6170,100,Shana Fulcher,Elizabeth Wallace,skipped,skipped
6176,100,Mark Sherman,skipped,skipped,skipped
6177,100,Mark Sherman,Shana Fulcher,Elizabeth Wallace,skipped
6182,100,Shana Fulcher,Mark Sherman,Elizabeth Wallace,skipped
6184,100,Shana Fulcher,Mark Sherman,Elizabeth Wallace,skipped
6195,100,Mark Sherman,Shana Fulcher,Elizabeth Wallace,skipped
6204,100,Elizabeth Wallace,Shana Fulcher,Mark Sherman,skipped
6205,100,Elizabeth Wallace,skipped,skipped,skipped
6206,100,Shana Fulcher,Mark Sherman,Elizabeth Wallace,skipped
6211,100,Shana Fulcher,Elizabeth Wallace,Mark Sherman,skipped
6212,100,Shana Fulcher,Elizabeth Wallace,Mark Sherman,skipped
6219,100,Shana Fulcher,skipped,skipped,skipped
6220,100,Shana Fulcher,skipped,skipped,skipped
6226,100,Elizabeth Wallace,skipped,skipped,skipped
6230,100,Mark Sherman,skipped,skipped,skipped
6231,100,Mark Sherman,skipped,skipped,skipped
6238,100,Elizabeth Wallace,Shana Fulcher,skipped,skipped
6240,100,Shana Fulcher,Elizabeth Wallace,Mark Sherman,skipped
6241,100,Shana Fulcher,Elizabeth Wallace,Mark Sherman,skipped
6242,100,Shana Fulcher,skipped,skipped,skipped
6258,100,Shana Fulcher,Elizabeth Wallace,Mark Sherman,skipped
6259,100,Shana Fulcher,Elizabeth Wallace,Mark Sherman,skipped
6260,100,Shana Fulcher,skipped,skipped,skipped
6273,100,Elizabeth Wallace,Shana Fulcher,Elizabeth Wallace,skipped
6279,100,Mark Sherman,Shana Fulcher,Elizabeth Wallace,skipped
6291,100,Mark Sherman,skipped,skipped,skipped
6292,100,Shana Fulcher,Elizabeth Wallace,Mark Sherman,skipped
6293,100,Elizabeth Wallace,skipped,skipped,skipped
6305,100,Shana Fulcher,skipped,skipped,skipped
6307,100,Shana Fulcher,skipped,skipped,skipped
6315,100,Elizabeth Wallace,Shana Fulcher,skipped,skipped
6316,100,Elizabeth Wallace,Shana Fulcher,skipped,skipped
6322,100,Mark Sherman,Elizabeth Wallace,Shana Fulcher,skipped
6323,100,Shana Fulcher,skipped,skipped,skipped
6326,100,Shana Fulcher,Mark Sherman,Elizabeth Wallace,skipped
6339,100,Shana Fulcher,skipped,skipped,skipped
6342,100,Elizabeth Wallace,Shana Fulcher,Mark Sherman,skipped
6345,100,Mark Sherman,skipped,skipped,skipped
6351,100,Mark Sherman,Shana Fulcher,Elizabeth Wallace,skipped
6353,100,Shana Fulcher,skipped,skipped,skipped
6355,100,Shana Fulcher,Elizabeth Wallace,skipped,skipped
6358,100,Shana Fulcher,skipped,skipped,skipped
6365,100,Shana Fulcher,Elizabeth Wallace,Mark Sherman,skipped
6369,100,Mark Sherman,skipped,skipped,skipped
6370,100,Elizabeth Wallace,skipped,skipped,skipped
6371,100,Shana Fulcher,Elizabeth Wallace,Mark Sherman,skipped
6378,100,Shana Fulcher,skipped,skipped,skipped
6382,100,Shana Fulcher,skipped,Mark Sherman,Elizabeth Wallace
6383,100,Mark Sherman,Elizabeth Wallace,skipped,skipped
6384,100,Mark Sherman,Shana Fulcher,Elizabeth Wallace,skipped
6385,100,Mark Sherman,Elizabeth Wallace,skipped,skipped
6392,100,Shana Fulcher,Mark Sherman,Elizabeth Wallace,skipped
6393,100,Mark Sherman,Elizabeth Wallace,Shana Fulcher,skipped
6398,100,Elizabeth Wallace,Shana Fulcher,skipped,skipped
6400,100,Mark Sherman,skipped,skipped,skipped
6401,100,Shana Fulcher,Elizabeth Wallace,Mark Sherman,skipped
6406,100,Elizabeth Wallace,Shana Fulcher,Mark Sherman,skipped
6413,100,Shana Fulcher,Elizabeth Wallace,Mark Sherman,skipped
6414,100,Shana Fulcher,Elizabeth Wallace,Mark Sherman,skipped
6425,100,Elizabeth Wallace,Mark Sherman,Shana Fulcher,skipped
6427,100,Elizabeth Wallace,skipped,skipped,skipped
6430,100,Mark Sherman,Shana Fulcher,Elizabeth Wallace,skipped
6440,100,Shana Fulcher,Elizabeth Wallace,skipped,skipped
6442,100,Mark Sherman,Shana Fulcher,Elizabeth Wallace,skipped
