ballotID,ward,rank1,rank2
7,400,Terry Seamens,Terry Seamens
8,400,Terry Seamens,skipped
9,400,Terry Seamens,skipped
18,400,Terry Seamens,skipped
25,400,Terry Seamens,skipped
27,400,Terry Seamens,skipped
45,400,Terry Seamens,skipped
48,400,Terry Seamens,skipped
49,400,Terry Seamens,Terry Seamens
59,400,Terry Seamens,skipped
89,400,Terry Seamens,skipped
100,400,Terry Seamens,skipped
115,400,Terry Seamens,skipped
118,400,Terry Seamens,skipped
136,400,Terry Seamens,skipped
137,400,Terry Seamens,skipped
138,400,Terry Seamens,skipped
140,400,Terry Seamens,skipped
147,400,Terry Seamens,skipped
151,400,Terry Seamens,WRITE-IN10
152,400,Terry Seamens,skipped
177,400,Terry Seamens,skipped
183,400,Terry Seamens,skipped
196,400,Terry Seamens,skipped
197,400,Terry Seamens,skipped
203,400,Terry Seamens,skipped
221,400,Terry Seamens,skipped
231,400,Terry Seamens,skipped
233,400,Terry Seamens,skipped
234,400,Terry Seamens,skipped
239,400,Terry Seamens,skipped
264,400,Terry Seamens,skipped
283,400,Terry Seamens,skipped
297,400,Terry Seamens,skipped
302,400,Terry Seamens,skipped
304,400,Terry Seamens,WRITE-IN16
325,400,Terry Seamens,skipped
335,400,Terry Seamens,skipped
339,400,Terry Seamens,skipped
342,400,Terry Seamens,Terry Seamens
348,400,Terry Seamens,skipped
351,400,Terry Seamens,skipped
361,400,Terry Seamens,skipped
368,400,Terry Seamens,skipped
374,400,Terry Seamens,WRITE-IN27
390,400,Terry Seamens,skipped
400,400,Terry Seamens,skipped
417,400,Terry Seamens,skipped
431,400,Terry Seamens,skipped
433,400,Terry Seamens,skipped
443,400,Terry Seamens,skipped
445,400,Terry Seamens,skipped
456,400,Terry Seamens,WRITE-IN39
459,400,Terry Seamens,skipped
471,400,Terry Seamens,skipped
486,400,Terry Seamens,skipped
488,400,Terry Seamens,skipped
490,400,Terry Seamens,skipped
500,400,Terry Seamens,Terry Seamens
505,400,Terry Seamens,skipped
506,400,WRITE-IN43,Terry Seamens
509,400,Terry Seamens,skipped
511,400,Terry Seamens,skipped
512,400,Terry Seamens,skipped
515,400,Terry Seamens,skipped
525,400,Terry Seamens,skipped
528,400,Terry Seamens,skipped
529,400,Terry Seamens,skipped
535,400,Terry Seamens,skipped
540,400,Terry Seamens,skipped
547,400,Terry Seamens,skipped
564,400,Terry Seamens,skipped
570,400,Terry Seamens,Terry Seamens
585,400,Terry Seamens,skipped
587,400,Terry Seamens,skipped
607,400,Terry Seamens,skipped
608,400,Terry Seamens,skipped
613,400,Terry Seamens,skipped
627,400,Terry Seamens,skipped
669,400,Terry Seamens,skipped
671,400,Terry Seamens,skipped
725,400,Terry Seamens,skipped
727,400,Terry Seamens,skipped
728,400,Terry Seamens,skipped
743,400,Terry Seamens,skipped
746,400,Terry Seamens,skipped
748,400,Terry Seamens,skipped
761,400,Terry Seamens,skipped
763,400,Terry Seamens,skipped
764,400,Terry Seamens,skipped
767,400,Terry Seamens,WRITE-IN72
770,400,Terry Seamens,skipped
798,400,Terry Seamens,skipped
799,400,Terry Seamens,skipped
814,400,Terry Seamens,skipped
815,400,Terry Seamens,skipped
859,400,Terry Seamens,skipped
860,400,Terry Seamens,skipped
861,400,Terry Seamens,skipped
862,400,Terry Seamens,Terry Seamens
870,400,Terry Seamens,skipped
871,400,WRITE-IN79,Terry Seamens
878,400,Terry Seamens,skipped
883,400,Terry Seamens,skipped
884,400,Terry Seamens,skipped
898,400,Terry Seamens,skipped
916,400,Terry Seamens,skipped
918,400,Terry Seamens,skipped
919,400,Terry Seamens,skipped
924,400,Terry Seamens,skipped
928,400,Terry Seamens,skipped
929,400,Terry Seamens,skipped
931,400,Terry Seamens,skipped
940,400,Terry Seamens,skipped
961,400,Terry Seamens,skipped
962,400,Terry Seamens,skipped
964,400,Terry Seamens,skipped
973,400,Terry Seamens,skipped
978,400,Terry Seamens,Terry Seamens
991,400,Terry Seamens,skipped
1011,400,Terry Seamens,skipped
1012,400,Terry Seamens,skipped
1018,400,Terry Seamens,skipped
1022,400,Terry Seamens,skipped
1027,400,Terry Seamens,skipped
1044,400,Terry Seamens,skipped
1045,400,Terry Seamens,skipped
1058,400,Terry Seamens,skipped
1092,400,Terry Seamens,skipped
1093,400,Terry Seamens,skipped
1104,400,WRITE-IN98,skipped
1113,400,Terry Seamens,skipped
1114,400,Terry Seamens,skipped
1127,400,Terry Seamens,skipped
1139,400,Terry Seamens,skipped
1140,400,Terry Seamens,skipped
1152,400,Terry Seamens,skipped
1168,400,Terry Seamens,skipped
1169,400,Terry Seamens,skipped
1172,400,Terry Seamens,skipped
1182,400,Terry Seamens,skipped
1192,400,Terry Seamens,skipped
1226,400,Terry Seamens,skipped
1231,400,Terry Seamens,skipped
1247,400,Terry Seamens,skipped
1259,400,Terry Seamens,skipped
1270,400,Terry Seamens,skipped
1283,400,Terry Seamens,skipped
1286,400,Terry Seamens,skipped
1293,400,Terry Seamens,skipped
1295,400,Terry Seamens,skipped
1314,400,Terry Seamens,skipped
1320,400,Terry Seamens,skipped
1322,400,Terry Seamens,Terry Seamens
1325,400,Terry Seamens,Terry Seamens
1334,400,Terry Seamens,skipped
1344,400,Terry Seamens,skipped
1345,400,Terry Seamens,WRITE-IN113
1346,400,Terry Seamens,skipped
1357,400,Terry Seamens,skipped
1363,400,Terry Seamens,skipped
1364,400,Terry Seamens,Terry Seamens
1366,400,Terry Seamens,skipped
1373,400,Terry Seamens,skipped
1374,400,Terry Seamens,skipped
1375,400,Terry Seamens,skipped
1376,400,Terry Seamens,skipped
1384,400,WRITE-IN118,skipped
1393,400,Terry Seamens,skipped
1404,400,Terry Seamens,skipped
1406,400,Terry Seamens,skipped
1416,400,Terry Seamens,skipped
1449,400,Terry Seamens,skipped
1453,400,Terry Seamens,skipped
1481,400,Terry Seamens,skipped
1490,400,Terry Seamens,skipped
1491,400,Terry Seamens,skipped
1497,400,Terry Seamens,skipped
1502,400,Terry Seamens,skipped
1533,400,Terry Seamens,skipped
1546,400,Terry Seamens,skipped
1554,400,Terry Seamens,skipped
1558,400,Terry Seamens,skipped
1559,400,Terry Seamens,skipped
1571,400,Terry Seamens,skipped
1601,400,Terry Seamens,skipped
1610,400,Terry Seamens,skipped
1614,400,Terry Seamens,skipped
1620,400,Terry Seamens,skipped
1621,400,Terry Seamens,skipped
1650,400,Terry Seamens,skipped
1653,400,Terry Seamens,WRITE-IN130
1654,400,Terry Seamens,skipped
1658,400,Terry Seamens,skipped
1660,400,Terry Seamens,skipped
1666,400,Terry Seamens,skipped
1671,400,Terry Seamens,skipped
1672,400,Terry Seamens,skipped
1712,400,Terry Seamens,skipped
1716,400,Terry Seamens,skipped
1723,400,Terry Seamens,skipped
1736,400,Terry Seamens,skipped
1746,400,Terry Seamens,skipped
1748,400,Terry Seamens,skipped
1772,400,Terry Seamens,skipped
1776,400,Terry Seamens,skipped
1791,400,Terry Seamens,skipped
1798,400,Terry Seamens,skipped
1802,400,Terry Seamens,skipped
1803,400,Terry Seamens,skipped
1811,400,Terry Seamens,skipped
1815,400,Terry Seamens,skipped
1839,400,Terry Seamens,skipped
1873,400,Terry Seamens,skipped
1874,400,Terry Seamens,skipped
1875,400,Terry Seamens,skipped
1906,400,Terry Seamens,skipped
1911,400,Terry Seamens,skipped
1913,400,Terry Seamens,skipped
1914,400,Terry Seamens,skipped
1923,400,Terry Seamens,skipped
1940,400,Terry Seamens,WRITE-IN141
1953,400,WRITE-IN142,skipped
1956,400,Terry Seamens,skipped
1963,400,Terry Seamens,skipped
1982,400,Terry Seamens,skipped
2003,400,Terry Seamens,skipped
2005,400,Terry Seamens,skipped
2013,400,Terry Seamens,skipped
2028,400,Terry Seamens,skipped
2039,400,Terry Seamens,skipped
2052,400,Terry Seamens,skipped
2068,400,Terry Seamens,skipped
2069,400,Terry Seamens,skipped
2070,400,Terry Seamens,skipped
2071,400,Terry Seamens,skipped
2080,400,Terry Seamens,skipped
2087,400,Terry Seamens,skipped
2112,400,Terry Seamens,skipped
2113,400,Terry Seamens,skipped
2159,400,Terry Seamens,skipped
2160,400,Terry Seamens,skipped
2169,400,Terry Seamens,skipped
2170,400,Terry Seamens,skipped
2172,400,Terry Seamens,skipped
2181,400,Terry Seamens,skipped
2184,400,Terry Seamens,skipped
2189,400,Terry Seamens,skipped
2194,400,Terry Seamens,skipped
2216,400,Terry Seamens,skipped
2232,400,WRITE-IN162,skipped
2242,400,Terry Seamens,skipped
2249,400,Terry Seamens,skipped
2251,400,Terry Seamens,skipped
2260,400,Terry Seamens,skipped
2264,400,WRITE-IN165,WRITE-IN165
2267,400,Terry Seamens,skipped
2286,400,Terry Seamens,skipped
2293,400,Terry Seamens,skipped
2294,400,Terry Seamens,skipped
2295,400,Terry Seamens,skipped
2321,400,Terry Seamens,skipped
2324,400,Terry Seamens,skipped
2325,400,Terry Seamens,skipped
2354,400,Terry Seamens,skipped
2392,400,Terry Seamens,skipped
2411,400,Terry Seamens,skipped
2413,400,Terry Seamens,skipped
2428,400,Terry Seamens,skipped
2453,400,Terry Seamens,skipped
2519,400,Terry Seamens,skipped
2522,400,Terry Seamens,skipped
2586,400,Terry Seamens,skipped
2612,400,Terry Seamens,skipped
2614,400,Terry Seamens,skipped
2637,400,Terry Seamens,skipped
2640,400,Terry Seamens,skipped
2649,400,Terry Seamens,skipped
2689,400,Terry Seamens,skipped
2690,400,Terry Seamens,skipped
2692,400,Terry Seamens,skipped
2693,400,Terry Seamens,skipped
2697,400,Terry Seamens,skipped
2704,400,Terry Seamens,skipped
2715,400,Terry Seamens,skipped
2718,400,Terry Seamens,skipped
2750,400,Terry Seamens,skipped
2754,400,Terry Seamens,skipped
2772,400,Terry Seamens,WRITE-IN184
2779,400,Terry Seamens,skipped
2815,400,Terry Seamens,skipped
2850,400,Terry Seamens,skipped
2852,400,Terry Seamens,skipped
2854,400,Terry Seamens,skipped
2856,400,Terry Seamens,skipped
2860,400,Terry Seamens,skipped
2928,400,Terry Seamens,WRITE-IN193
2964,400,Terry Seamens,skipped
3024,400,Terry Seamens,skipped
3065,400,Terry Seamens,skipped
3088,400,Terry Seamens,skipped
3108,400,Terry Seamens,skipped
3118,400,Terry Seamens,Terry Seamens
3124,400,Terry Seamens,skipped
3134,400,Terry Seamens,skipped
3136,400,Terry Seamens,skipped
3152,400,WRITE-IN196,skipped
3160,400,Terry Seamens,skipped
3162,400,Terry Seamens,skipped
3164,400,Terry Seamens,skipped
3168,400,Terry Seamens,skipped
3184,400,Terry Seamens,skipped
3220,400,Terry Seamens,skipped
3268,400,Terry Seamens,skipped
3274,400,Terry Seamens,skipped
3277,400,Terry Seamens,WRITE-IN200
3301,400,Terry Seamens,skipped
3314,400,Terry Seamens,skipped
3320,400,Terry Seamens,skipped
3333,400,Terry Seamens,skipped
3349,400,Terry Seamens,skipped
3367,400,Terry Seamens,skipped
3388,400,Terry Seamens,skipped
3421,400,Terry Seamens,WRITE-IN208
3440,400,Terry Seamens,skipped
3446,400,Terry Seamens,skipped
3451,400,Terry Seamens,skipped
3459,400,Terry Seamens,skipped
3461,400,Terry Seamens,skipped
3538,400,Terry Seamens,skipped
3542,400,Terry Seamens,skipped
3545,400,Terry Seamens,skipped
3553,400,Terry Seamens,skipped
3588,400,Terry Seamens,skipped
3602,400,Terry Seamens,skipped
3608,400,Terry Seamens,skipped
3641,400,Terry Seamens,skipped
3653,400,Terry Seamens,skipped
3657,400,Terry Seamens,skipped
3658,400,Terry Seamens,skipped
3677,400,Terry Seamens,skipped
3685,400,Terry Seamens,skipped
3689,400,Terry Seamens,skipped
3706,400,Terry Seamens,skipped
3720,400,Terry Seamens,Terry Seamens
3723,400,Terry Seamens,skipped
3725,400,Terry Seamens,skipped
3726,400,Terry Seamens,skipped
3742,400,Terry Seamens,skipped
3755,400,Terry Seamens,skipped
3763,400,Terry Seamens,skipped
3771,400,Terry Seamens,skipped
3792,400,Terry Seamens,skipped
3793,400,Terry Seamens,skipped
3798,400,Terry Seamens,skipped
3802,400,Terry Seamens,skipped
3848,400,Terry Seamens,skipped
3872,400,Terry Seamens,skipped
3892,400,Terry Seamens,skipped
3897,400,Terry Seamens,skipped
3932,400,Terry Seamens,skipped
3940,400,Terry Seamens,skipped
3944,400,Terry Seamens,skipped
3946,400,Terry Seamens,skipped
3957,400,WRITE-IN227,Terry Seamens
3960,400,Terry Seamens,skipped
3961,400,Terry Seamens,skipped
3973,400,Terry Seamens,skipped
3981,400,Terry Seamens,skipped
3982,400,Terry Seamens,skipped
3986,400,Terry Seamens,skipped
3987,400,Terry Seamens,skipped
3992,400,Terry Seamens,skipped
3993,400,Terry Seamens,skipped
3994,400,Terry Seamens,skipped
3996,400,Terry Seamens,skipped
3998,400,Terry Seamens,skipped
4003,400,Terry Seamens,skipped
4065,400,Terry Seamens,skipped
4081,400,Terry Seamens,skipped
4082,400,Terry Seamens,skipped
4109,400,Terry Seamens,skipped
4115,400,Terry Seamens,skipped
4116,400,Terry Seamens,skipped
4137,400,Terry Seamens,WRITE-IN241
4140,400,Terry Seamens,skipped
4141,400,Terry Seamens,skipped
4145,400,Terry Seamens,skipped
4148,400,Terry Seamens,Terry Seamens
4151,400,Terry Seamens,skipped
4178,400,Terry Seamens,skipped
4189,400,Terry Seamens,skipped
4197,400,Terry Seamens,skipped
4223,400,Terry Seamens,skipped
4229,400,Terry Seamens,skipped
4230,400,Terry Seamens,Terry Seamens
4233,400,WRITE-IN245,Terry Seamens
4243,400,Terry Seamens,skipped
4253,400,Terry Seamens,skipped
4317,400,Terry Seamens,skipped
4328,400,Terry Seamens,skipped
4345,400,WRITE-IN253,Terry Seamens
4346,400,Terry Seamens,skipped
4348,400,Terry Seamens,skipped
4352,400,Terry Seamens,skipped
4354,400,Terry Seamens,skipped
4355,400,Terry Seamens,skipped
4360,400,Terry Seamens,skipped
4362,400,Terry Seamens,skipped
4391,400,Terry Seamens,skipped
4511,400,Terry Seamens,skipped
4518,400,Terry Seamens,skipped
4535,400,Terry Seamens,skipped
4548,400,Terry Seamens,skipped
4550,400,Terry Seamens,skipped
4557,400,Terry Seamens,skipped
4567,400,Terry Seamens,skipped
4572,400,Terry Seamens,skipped
4575,400,Terry Seamens,skipped
4576,400,Terry Seamens,skipped
4581,400,Terry Seamens,skipped
4584,400,Terry Seamens,skipped
4585,400,Terry Seamens,skipped
4592,400,Terry Seamens,skipped
4597,400,Terry Seamens,skipped
4605,400,Terry Seamens,skipped
4619,400,Terry Seamens,skipped
4621,400,Terry Seamens,skipped
4631,400,Terry Seamens,skipped
4635,400,Terry Seamens,skipped
4645,400,Terry Seamens,skipped
4681,400,Terry Seamens,skipped
4846,400,Terry Seamens,skipped
4847,400,Terry Seamens,skipped
4849,400,Terry Seamens,skipped
4862,400,Terry Seamens,skipped
4863,400,Terry Seamens,Terry Seamens
4864,400,Terry Seamens,skipped
4866,400,Terry Seamens,skipped
4870,400,Terry Seamens,skipped
4871,400,Terry Seamens,skipped
4874,400,WRITE-IN300,Terry Seamens
4905,400,Terry Seamens,skipped
4908,400,WRITE-IN305,Terry Seamens
4909,400,Terry Seamens,skipped
4914,400,Terry Seamens,skipped
4917,400,Terry Seamens,skipped
4920,400,WRITE-IN306,Terry Seamens
4924,400,WRITE-IN307,Terry Seamens
4935,400,Terry Seamens,skipped
4936,400,Terry Seamens,skipped
4964,400,Terry Seamens,skipped
4977,400,Terry Seamens,skipped
4991,400,Terry Seamens,skipped
5009,400,Terry Seamens,skipped
5063,400,Terry Seamens,skipped
5095,400,Terry Seamens,skipped
5104,400,Terry Seamens,skipped
5109,400,Terry Seamens,skipped
5125,400,Terry Seamens,skipped
5147,400,Terry Seamens,skipped
5153,400,Terry Seamens,skipped
5154,400,Terry Seamens,skipped
5159,400,Terry Seamens,skipped
5177,400,Terry Seamens,skipped
5189,400,Terry Seamens,skipped
5198,400,Terry Seamens,WRITE-IN329
5229,400,Terry Seamens,skipped
5233,400,Terry Seamens,skipped
5248,400,Terry Seamens,skipped
5250,400,Terry Seamens,skipped
5263,400,Terry Seamens,skipped
5264,400,Terry Seamens,skipped
5300,400,Terry Seamens,skipped
5347,400,Terry Seamens,skipped
5349,400,Terry Seamens,skipped
5356,400,Terry Seamens,skipped
5403,400,Terry Seamens,skipped
5411,400,Terry Seamens,skipped
5444,400,Terry Seamens,skipped
5447,400,Terry Seamens,skipped
5449,400,Terry Seamens,skipped
5461,400,Terry Seamens,skipped
5480,400,Terry Seamens,skipped
5481,400,Terry Seamens,Terry Seamens
5486,400,Terry Seamens,skipped
5499,400,Terry Seamens,skipped
5500,400,Terry Seamens,skipped
5504,400,Terry Seamens,skipped
5510,400,Terry Seamens,skipped
5535,400,Terry Seamens,skipped
5556,400,Terry Seamens,WRITE-IN356
5560,400,Terry Seamens,skipped
5570,400,Terry Seamens,skipped
5573,400,Terry Seamens,skipped
5575,400,WRITE-IN358,Terry Seamens
5589,400,Terry Seamens,skipped
5593,400,Terry Seamens,skipped
5597,400,Terry Seamens,WRITE-IN361
5602,400,Terry Seamens,skipped
5603,400,Terry Seamens,skipped
5615,400,Terry Seamens,skipped
5636,400,Terry Seamens,skipped
5640,400,Terry Seamens,skipped
5643,400,Terry Seamens,skipped
5647,400,Terry Seamens,skipped
5648,400,Terry Seamens,skipped
5650,400,Terry Seamens,skipped
5675,400,Terry Seamens,skipped
5693,400,Terry Seamens,skipped
5701,400,Terry Seamens,skipped
5712,400,Terry Seamens,skipped
5720,400,Terry Seamens,skipped
5747,400,Terry Seamens,skipped
5758,400,Terry Seamens,skipped
5765,400,Terry Seamens,skipped
5780,400,Terry Seamens,skipped
5789,400,Terry Seamens,skipped
5790,400,Terry Seamens,skipped
5791,400,Terry Seamens,skipped
5828,400,Terry Seamens,skipped
5837,400,Terry Seamens,skipped
5841,400,Terry Seamens,skipped
5871,400,Terry Seamens,skipped
5906,400,Terry Seamens,skipped
5907,400,Terry Seamens,skipped
5918,400,Terry Seamens,skipped
5934,400,Terry Seamens,skipped
5940,400,Terry Seamens,skipped
5972,400,Terry Seamens,skipped
5992,400,Terry Seamens,skipped
5994,400,Terry Seamens,skipped
5995,400,Terry Seamens,skipped
6023,400,Terry Seamens,skipped
6024,400,Terry Seamens,skipped
6026,400,Terry Seamens,skipped
6027,400,Terry Seamens,skipped
6044,400,Terry Seamens,skipped
6051,400,Terry Seamens,skipped
6052,400,Terry Seamens,WRITE-IN397
6055,400,Terry Seamens,skipped
6056,400,Terry Seamens,skipped
6065,400,Terry Seamens,skipped
6088,400,Terry Seamens,Terry Seamens
6114,400,Terry Seamens,skipped
6126,400,Terry Seamens,skipped
6127,400,Terry Seamens,skipped
6128,400,Terry Seamens,skipped
6138,400,Terry Seamens,WRITE-IN402
6158,400,Terry Seamens,skipped
6159,400,Terry Seamens,skipped
6160,400,Terry Seamens,skipped
6179,400,WRITE-IN406,Terry Seamens
6192,400,Terry Seamens,skipped
6215,400,Terry Seamens,skipped
6216,400,Terry Seamens,skipped
6235,400,Terry Seamens,skipped
6243,400,Terry Seamens,skipped
6244,400,Terry Seamens,skipped
6265,400,Terry Seamens,skipped
6266,400,Terry Seamens,skipped
6268,400,Terry Seamens,skipped
6270,400,Terry Seamens,skipped
6290,400,Terry Seamens,skipped
6301,400,Terry Seamens,skipped
6321,400,Terry Seamens,skipped
6349,400,Terry Seamens,skipped
6354,400,Terry Seamens,skipped
6356,400,Terry Seamens,skipped
6373,400,Terry Seamens,skipped
6377,400,Terry Seamens,skipped
6379,400,Terry Seamens,skipped
6381,400,Terry Seamens,skipped
6390,400,Terry Seamens,skipped
6405,400,Terry Seamens,skipped
6432,400,Terry Seamens,skipped
