Ballot Style,Cast Vote Record,Precinct,rank1,rank2,rank3
ST LOUIS PARK W-4 P-13 ISD 270,22159,ST LOUIS PARK W-4 P-13,Tim Brausen,skipped,skipped
ST LOUIS PARK W-4 P-13 ISD 270,22160,ST LOUIS PARK W-4 P-13,Tim Brausen,Tim Brausen,Tim Brausen
ST LOUIS PARK W-4 P-13 ISD 270,22161,ST LOUIS PARK W-4 P-13,Tim Brausen,Tim Brausen,Tim Brausen
ST LOUIS PARK W-4 P-13 ISD 283,22162,ST LOUIS PARK W-4 P-13,Tim Brausen,skipped,skipped
ST LOUIS PARK W-4 P-13 ISD 283,22163,ST LOUIS PARK W-4 P-13,Tim Brausen,skipped,skipped
ST LOUIS PARK W-4 P-13 ISD 270,22164,ST LOUIS PARK W-4 P-13,Tim Brausen,skipped,skipped
ST LOUIS PARK W-4 P-13 ISD 270,22165,ST LOUIS PARK W-4 P-13,Tim Brausen,skipped,skipped
ST LOUIS PARK W-4 P-13 ISD 283,22166,ST LOUIS PARK W-4 P-13,skipped,Tim Brausen,skipped
ST LOUIS PARK W-4 P-13 ISD 270,22167,ST LOUIS PARK W-4 P-13,Tim Brausen,Tim Brausen,Tim Brausen
ST LOUIS PARK W-4 P-13 ISD 270,22168,ST LOUIS PARK W-4 P-13,Tim Brausen,skipped,skipped
ST LOUIS PARK W-4 P-13 ISD 270,22169,ST LOUIS PARK W-4 P-13,Tim Brausen,Tim Brausen,Tim Brausen
ST LOUIS PARK W-4 P-14,22170,ST LOUIS PARK W-4 P-14,Tim Brausen,Tim Brausen,Tim Brausen
ST LOUIS PARK W-4 P-14,22171,ST LOUIS PARK W-4 P-14,Tim Brausen,Tim Brausen,Tim Brausen
ST LOUIS PARK W-4 P-14,22172,ST LOUIS PARK W-4 P-14,Tim Brausen,skipped,skipped
ST LOUIS PARK W-4 P-14,22173,ST LOUIS PARK W-4 P-14,Tim Brausen,skipped,skipped
ST LOUIS PARK W-4 P-14,22174,ST LOUIS PARK W-4 P-14,Tim Brausen,skipped,skipped
ST LOUIS PARK W-4 P-14,22175,ST LOUIS PARK W-4 P-14,Tim Brausen,skipped,skipped
ST LOUIS PARK W-4 P-14,22176,ST LOUIS PARK W-4 P-14,Tim Brausen,Tim Brausen,Tim Brausen
ST LOUIS PARK W-4 P-14,22177,ST LOUIS PARK W-4 P-14,Tim Brausen,Tim Brausen,Tim Brausen
ST LOUIS PARK W-4 P-14,22178,ST LOUIS PARK W-4 P-14,Tim Brausen,skipped,skipped
ST LOUIS PARK W-4 P-14,22179,ST LOUIS PARK W-4 P-14,Tim Brausen,skipped,skipped
ST LOUIS PARK W-4 P-14,22180,ST LOUIS PARK W-4 P-14,Tim Brausen,skipped,skipped
ST LOUIS PARK W-4 P-14,22181,ST LOUIS PARK W-4 P-14,Tim Brausen,skipped,skipped
ST LOUIS PARK W-4 P-14,22182,ST LOUIS PARK W-4 P-14,Tim Brausen,skipped,skipped
ST LOUIS PARK W-4 P-14,22183,ST LOUIS PARK W-4 P-14,Tim Brausen,skipped,skipped
ST LOUIS PARK W-4 P-14,22184,ST LOUIS PARK W-4 P-14,Tim Brausen,skipped,skipped
ST LOUIS PARK W-4 P-14,22185,ST LOUIS PARK W-4 P-14,Tim Brausen,skipped,skipped
ST LOUIS PARK W-4 P-14,22186,ST LOUIS PARK W-4 P-14,Tim Brausen,skipped,skipped
ST LOUIS PARK W-4 P-14,22187,ST LOUIS PARK W-4 P-14,skipped,Tim Brausen,skipped
ST LOUIS PARK W-4 P-14,22188,ST LOUIS PARK W-4 P-14,Tim Brausen,skipped,skipped
ST LOUIS PARK W-4 P-14,22189,ST LOUIS PARK W-4 P-14,Tim Brausen,skipped,skipped
ST LOUIS PARK W-4 P-14,22190,ST LOUIS PARK W-4 P-14,Tim Brausen,skipped,skipped
ST LOUIS PARK W-4 P-14,22191,ST LOUIS PARK W-4 P-14,Tim Brausen,skipped,skipped
ST LOUIS PARK W-4 P-14,22192,ST LOUIS PARK W-4 P-14,Tim Brausen,skipped,skipped
ST LOUIS PARK W-4 P-14,22193,ST LOUIS PARK W-4 P-14,Tim Brausen,skipped,skipped
ST LOUIS PARK W-4 P-14,22194,ST LOUIS PARK W-4 P-14,Tim Brausen,Tim Brausen,Tim Brausen
ST LOUIS PARK W-4 P-14,22195,ST LOUIS PARK W-4 P-14,Tim Brausen,Tim Brausen,Tim Brausen
ST LOUIS PARK W-4 P-14,22196,ST LOUIS PARK W-4 P-14,Tim Brausen,skipped,skipped
ST LOUIS PARK W-4 P-14,22197,ST LOUIS PARK W-4 P-14,Tim Brausen,skipped,skipped
ST LOUIS PARK W-4 P-15,22198,ST LOUIS PARK W-4 P-15,Tim Brausen,skipped,skipped
ST LOUIS PARK W-4 P-15,22199,ST LOUIS PARK W-4 P-15,Tim Brausen,skipped,skipped
ST LOUIS PARK W-4 P-15,22200,ST LOUIS PARK W-4 P-15,Tim Brausen,Tim Brausen,Tim Brausen
ST LOUIS PARK W-4 P-15,22201,ST LOUIS PARK W-4 P-15,Tim Brausen,skipped,skipped
ST LOUIS PARK W-4 P-15,22202,ST LOUIS PARK W-4 P-15,Tim Brausen,skipped,skipped
ST LOUIS PARK W-4 P-15,22203,ST LOUIS PARK W-4 P-15,Tim Brausen,skipped,skipped
ST LOUIS PARK W-4 P-15,22204,ST LOUIS PARK W-4 P-15,skipped,skipped,skipped
ST LOUIS PARK W-4 P-16,22205,ST LOUIS PARK W-4 P-16,Tim Brausen,skipped,skipped
ST LOUIS PARK W-4 P-16,22206,ST LOUIS PARK W-4 P-16,Tim Brausen,skipped,skipped
ST LOUIS PARK W-4 P-16,22207,ST LOUIS PARK W-4 P-16,Tim Brausen,skipped,skipped
ST LOUIS PARK W-4 P-16,22208,ST LOUIS PARK W-4 P-16,Tim Brausen,skipped,skipped
ST LOUIS PARK W-4 P-16,22209,ST LOUIS PARK W-4 P-16,Tim Brausen,skipped,skipped
ST LOUIS PARK W-4 P-16,22210,ST LOUIS PARK W-4 P-16,Tim Brausen,skipped,skipped
ST LOUIS PARK W-4 P-16,22211,ST LOUIS PARK W-4 P-16,Tim Brausen,Tim Brausen,Tim Brausen
ST LOUIS PARK W-4 P-16,22212,ST LOUIS PARK W-4 P-16,Tim Brausen,skipped,skipped
ST LOUIS PARK W-4 P-16,22213,ST LOUIS PARK W-4 P-16,skipped,skipped,skipped
ST LOUIS PARK W-4 P-16,22214,ST LOUIS PARK W-4 P-16,skipped,skipped,skipped
ST LOUIS PARK W-4 P-16,22215,ST LOUIS PARK W-4 P-16,skipped,skipped,skipped
ST LOUIS PARK W-4 P-14,22222,ST LOUIS PARK W-4 P-14,Tim Brausen,Tim Brausen,Tim Brausen
ST LOUIS PARK W-4 P-13 ISD 270,22223,ST LOUIS PARK W-4 P-13,Tim Brausen,Tim Brausen,Tim Brausen
ST LOUIS PARK W-4 P-13 ISD 270,22291,ST LOUIS PARK W-4 P-13,skipped,skipped,skipped
ST LOUIS PARK W-4 P-16,151652,ST LOUIS PARK W-4 P-16,Tim Brausen,skipped,skipped
ST LOUIS PARK W-4 P-16,151653,ST LOUIS PARK W-4 P-16,Tim Brausen,skipped,skipped
ST LOUIS PARK W-4 P-16,151654,ST LOUIS PARK W-4 P-16,Tim Brausen,skipped,skipped
ST LOUIS PARK W-4 P-16,151655,ST LOUIS PARK W-4 P-16,Tim Brausen,skipped,skipped
ST LOUIS PARK W-4 P-16,151656,ST LOUIS PARK W-4 P-16,skipped,skipped,skipped
ST LOUIS PARK W-4 P-16,151657,ST LOUIS PARK W-4 P-16,Tim Brausen,skipped,skipped
ST LOUIS PARK W-4 P-16,151658,ST LOUIS PARK W-4 P-16,Tim Brausen,skipped,skipped
ST LOUIS PARK W-4 P-16,151659,ST LOUIS PARK W-4 P-16,writein,writein,writein
ST LOUIS PARK W-4 P-16,151660,ST LOUIS PARK W-4 P-16,Tim Brausen,skipped,skipped
ST LOUIS PARK W-4 P-16,151661,ST LOUIS PARK W-4 P-16,writein,writein,writein
ST LOUIS PARK W-4 P-16,151662,ST LOUIS PARK W-4 P-16,Tim Brausen,Tim Brausen,Tim Brausen
ST LOUIS PARK W-4 P-16,151663,ST LOUIS PARK W-4 P-16,Tim Brausen,Tim Brausen,Tim Brausen
ST LOUIS PARK W-4 P-16,151664,ST LOUIS PARK W-4 P-16,Tim Brausen,Tim Brausen,Tim Brausen
ST LOUIS PARK W-4 P-16,151665,ST LOUIS PARK W-4 P-16,Tim Brausen,Tim Brausen,Tim Brausen
ST LOUIS PARK W-4 P-16,151666,ST LOUIS PARK W-4 P-16,Tim Brausen,Tim Brausen,Tim Brausen
ST LOUIS PARK W-4 P-16,151667,ST LOUIS PARK W-4 P-16,Tim Brausen,Tim Brausen,Tim Brausen
ST LOUIS PARK W-4 P-16,151668,ST LOUIS PARK W-4 P-16,Tim Brausen,skipped,skipped
ST LOUIS PARK W-4 P-16,151669,ST LOUIS PARK W-4 P-16,Tim Brausen,Tim Brausen,Tim Brausen
ST LOUIS PARK W-4 P-16,151670,ST LOUIS PARK W-4 P-16,Tim Brausen,skipped,skipped
ST LOUIS PARK W-4 P-16,151671,ST LOUIS PARK W-4 P-16,Tim Brausen,skipped,skipped
ST LOUIS PARK W-4 P-16,151672,ST LOUIS PARK W-4 P-16,Tim Brausen,skipped,skipped
ST LOUIS PARK W-4 P-16,151673,ST LOUIS PARK W-4 P-16,Tim Brausen,skipped,skipped
ST LOUIS PARK W-4 P-16,151674,ST LOUIS PARK W-4 P-16,Tim Brausen,Tim Brausen,Tim Brausen
ST LOUIS PARK W-4 P-16,151675,ST LOUIS PARK W-4 P-16,Tim Brausen,Tim Brausen,Tim Brausen
ST LOUIS PARK W-4 P-16,151676,ST LOUIS PARK W-4 P-16,Tim Brausen,skipped,skipped
ST LOUIS PARK W-4 P-16,151677,ST LOUIS PARK W-4 P-16,Tim Brausen,Tim Brausen,Tim Brausen
ST LOUIS PARK W-4 P-16,151678,ST LOUIS PARK W-4 P-16,Tim Brausen,Tim Brausen,Tim Brausen
ST LOUIS PARK W-4 P-16,151679,ST LOUIS PARK W-4 P-16,skipped,skipped,skipped
ST LOUIS PARK W-4 P-16,151680,ST LOUIS PARK W-4 P-16,Tim Brausen,skipped,skipped
ST LOUIS PARK W-4 P-16,151681,ST LOUIS PARK W-4 P-16,Tim Brausen,Tim Brausen,Tim Brausen
ST LOUIS PARK W-4 P-16,151682,ST LOUIS PARK W-4 P-16,Tim Brausen,Tim Brausen,Tim Brausen
ST LOUIS PARK W-4 P-16,151683,ST LOUIS PARK W-4 P-16,Tim Brausen,skipped,skipped
ST LOUIS PARK W-4 P-16,151684,ST LOUIS PARK W-4 P-16,Tim Brausen,skipped,skipped
ST LOUIS PARK W-4 P-16,151685,ST LOUIS PARK W-4 P-16,Tim Brausen,skipped,skipped
ST LOUIS PARK W-4 P-16,151686,ST LOUIS PARK W-4 P-16,Tim Brausen,skipped,skipped
ST LOUIS PARK W-4 P-16,151687,ST LOUIS PARK W-4 P-16,Tim Brausen,Tim Brausen,Tim Brausen
ST LOUIS PARK W-4 P-16,151688,ST LOUIS PARK W-4 P-16,Tim Brausen,skipped,skipped
ST LOUIS PARK W-4 P-16,151689,ST LOUIS PARK W-4 P-16,Tim Brausen,skipped,skipped
ST LOUIS PARK W-4 P-16,151690,ST LOUIS PARK W-4 P-16,Tim Brausen,skipped,skipped
ST LOUIS PARK W-4 P-16,151691,ST LOUIS PARK W-4 P-16,Tim Brausen,skipped,skipped
ST LOUIS PARK W-4 P-16,151692,ST LOUIS PARK W-4 P-16,Tim Brausen,Tim Brausen,Tim Brausen
ST LOUIS PARK W-4 P-16,151693,ST LOUIS PARK W-4 P-16,Tim Brausen,skipped,skipped
ST LOUIS PARK W-4 P-16,151694,ST LOUIS PARK W-4 P-16,Tim Brausen,skipped,skipped
ST LOUIS PARK W-4 P-16,151695,ST LOUIS PARK W-4 P-16,Tim Brausen,Tim Brausen,Tim Brausen
ST LOUIS PARK W-4 P-16,151696,ST LOUIS PARK W-4 P-16,writein,skipped,skipped
ST LOUIS PARK W-4 P-16,151697,ST LOUIS PARK W-4 P-16,Tim Brausen,skipped,skipped
ST LOUIS PARK W-4 P-16,151698,ST LOUIS PARK W-4 P-16,Tim Brausen,skipped,skipped
ST LOUIS PARK W-4 P-16,151699,ST LOUIS PARK W-4 P-16,Tim Brausen,Tim Brausen,Tim Brausen
ST LOUIS PARK W-4 P-16,151700,ST LOUIS PARK W-4 P-16,Tim Brausen,Tim Brausen,Tim Brausen
ST LOUIS PARK W-4 P-16,151701,ST LOUIS PARK W-4 P-16,Tim Brausen,skipped,skipped
ST LOUIS PARK W-4 P-16,151702,ST LOUIS PARK W-4 P-16,Tim Brausen,skipped,skipped
ST LOUIS PARK W-4 P-16,151703,ST LOUIS PARK W-4 P-16,Tim Brausen,skipped,skipped
ST LOUIS PARK W-4 P-16,151704,ST LOUIS PARK W-4 P-16,Tim Brausen,skipped,skipped
ST LOUIS PARK W-4 P-16,151705,ST LOUIS PARK W-4 P-16,Tim Brausen,Tim Brausen,writein
ST LOUIS PARK W-4 P-16,151706,ST LOUIS PARK W-4 P-16,Tim Brausen,Tim Brausen,Tim Brausen
ST LOUIS PARK W-4 P-16,151707,ST LOUIS PARK W-4 P-16,Tim Brausen,skipped,skipped
ST LOUIS PARK W-4 P-16,151708,ST LOUIS PARK W-4 P-16,Tim Brausen,skipped,skipped
ST LOUIS PARK W-4 P-16,151709,ST LOUIS PARK W-4 P-16,Tim Brausen,Tim Brausen,Tim Brausen
ST LOUIS PARK W-4 P-16,151710,ST LOUIS PARK W-4 P-16,Tim Brausen,skipped,skipped
ST LOUIS PARK W-4 P-16,151711,ST LOUIS PARK W-4 P-16,Tim Brausen,skipped,skipped
ST LOUIS PARK W-4 P-16,151712,ST LOUIS PARK W-4 P-16,Tim Brausen,skipped,skipped
ST LOUIS PARK W-4 P-16,151713,ST LOUIS PARK W-4 P-16,Tim Brausen,skipped,skipped
ST LOUIS PARK W-4 P-16,151714,ST LOUIS PARK W-4 P-16,Tim Brausen,skipped,skipped
ST LOUIS PARK W-4 P-16,151715,ST LOUIS PARK W-4 P-16,Tim Brausen,Tim Brausen,Tim Brausen
ST LOUIS PARK W-4 P-16,151716,ST LOUIS PARK W-4 P-16,Tim Brausen,skipped,skipped
ST LOUIS PARK W-4 P-16,151717,ST LOUIS PARK W-4 P-16,Tim Brausen,Tim Brausen,Tim Brausen
ST LOUIS PARK W-4 P-16,151718,ST LOUIS PARK W-4 P-16,Tim Brausen,Tim Brausen,Tim Brausen
ST LOUIS PARK W-4 P-16,151719,ST LOUIS PARK W-4 P-16,Tim Brausen,skipped,skipped
ST LOUIS PARK W-4 P-16,151720,ST LOUIS PARK W-4 P-16,Tim Brausen,Tim Brausen,Tim Brausen
ST LOUIS PARK W-4 P-16,151721,ST LOUIS PARK W-4 P-16,Tim Brausen,skipped,skipped
ST LOUIS PARK W-4 P-16,151722,ST LOUIS PARK W-4 P-16,Tim Brausen,skipped,skipped
ST LOUIS PARK W-4 P-16,151723,ST LOUIS PARK W-4 P-16,Tim Brausen,skipped,skipped
ST LOUIS PARK W-4 P-16,151724,ST LOUIS PARK W-4 P-16,Tim Brausen,Tim Brausen,Tim Brausen
ST LOUIS PARK W-4 P-16,151725,ST LOUIS PARK W-4 P-16,Tim Brausen,skipped,skipped
ST LOUIS PARK W-4 P-16,151726,ST LOUIS PARK W-4 P-16,Tim Brausen,Tim Brausen,Tim Brausen
ST LOUIS PARK W-4 P-16,151727,ST LOUIS PARK W-4 P-16,Tim Brausen,skipped,skipped
ST LOUIS PARK W-4 P-16,151728,ST LOUIS PARK W-4 P-16,Tim Brausen,Tim Brausen,Tim Brausen
ST LOUIS PARK W-4 P-16,151729,ST LOUIS PARK W-4 P-16,Tim Brausen,skipped,skipped
ST LOUIS PARK W-4 P-16,151730,ST LOUIS PARK W-4 P-16,Tim Brausen,Tim Brausen,Tim Brausen
ST LOUIS PARK W-4 P-16,151731,ST LOUIS PARK W-4 P-16,Tim Brausen,skipped,skipped
ST LOUIS PARK W-4 P-16,151732,ST LOUIS PARK W-4 P-16,Tim Brausen,skipped,skipped
ST LOUIS PARK W-4 P-16,151733,ST LOUIS PARK W-4 P-16,Tim Brausen,skipped,skipped
ST LOUIS PARK W-4 P-16,151734,ST LOUIS PARK W-4 P-16,Tim Brausen,Tim Brausen,Tim Brausen
ST LOUIS PARK W-4 P-16,151735,ST LOUIS PARK W-4 P-16,Tim Brausen,skipped,skipped
ST LOUIS PARK W-4 P-16,151736,ST LOUIS PARK W-4 P-16,writein,skipped,skipped
ST LOUIS PARK W-4 P-16,151737,ST LOUIS PARK W-4 P-16,Tim Brausen,Tim Brausen,Tim Brausen
ST LOUIS PARK W-4 P-16,151738,ST LOUIS PARK W-4 P-16,Tim Brausen,skipped,skipped
ST LOUIS PARK W-4 P-16,151739,ST LOUIS PARK W-4 P-16,Tim Brausen,Tim Brausen,Tim Brausen
ST LOUIS PARK W-4 P-15,151740,ST LOUIS PARK W-4 P-15,Tim Brausen,Tim Brausen,Tim Brausen
ST LOUIS PARK W-4 P-15,151741,ST LOUIS PARK W-4 P-15,writein,writein,writein
ST LOUIS PARK W-4 P-15,151742,ST LOUIS PARK W-4 P-15,Tim Brausen,Tim Brausen,Tim Brausen
ST LOUIS PARK W-4 P-15,151743,ST LOUIS PARK W-4 P-15,Tim Brausen,skipped,skipped
ST LOUIS PARK W-4 P-15,151744,ST LOUIS PARK W-4 P-15,Tim Brausen,skipped,skipped
ST LOUIS PARK W-4 P-15,151745,ST LOUIS PARK W-4 P-15,Tim Brausen,skipped,skipped
ST LOUIS PARK W-4 P-15,151746,ST LOUIS PARK W-4 P-15,Tim Brausen,skipped,skipped
ST LOUIS PARK W-4 P-15,151747,ST LOUIS PARK W-4 P-15,Tim Brausen,Tim Brausen,Tim Brausen
ST LOUIS PARK W-4 P-15,151748,ST LOUIS PARK W-4 P-15,Tim Brausen,skipped,skipped
ST LOUIS PARK W-4 P-15,151749,ST LOUIS PARK W-4 P-15,Tim Brausen,skipped,skipped
ST LOUIS PARK W-4 P-15,151750,ST LOUIS PARK W-4 P-15,Tim Brausen,skipped,skipped
ST LOUIS PARK W-4 P-15,151751,ST LOUIS PARK W-4 P-15,Tim Brausen,skipped,skipped
ST LOUIS PARK W-4 P-15,151752,ST LOUIS PARK W-4 P-15,Tim Brausen,Tim Brausen,Tim Brausen
ST LOUIS PARK W-4 P-15,151753,ST LOUIS PARK W-4 P-15,skipped,skipped,skipped
ST LOUIS PARK W-4 P-15,151754,ST LOUIS PARK W-4 P-15,Tim Brausen,skipped,skipped
ST LOUIS PARK W-4 P-15,151755,ST LOUIS PARK W-4 P-15,Tim Brausen,skipped,skipped
ST LOUIS PARK W-4 P-15,151756,ST LOUIS PARK W-4 P-15,Tim Brausen,skipped,skipped
ST LOUIS PARK W-4 P-15,151757,ST LOUIS PARK W-4 P-15,Tim Brausen,skipped,skipped
ST LOUIS PARK W-4 P-15,151758,ST LOUIS PARK W-4 P-15,Tim Brausen,skipped,skipped
ST LOUIS PARK W-4 P-15,151759,ST LOUIS PARK W-4 P-15,skipped,Tim Brausen,skipped
ST LOUIS PARK W-4 P-15,151760,ST LOUIS PARK W-4 P-15,Tim Brausen,skipped,skipped
ST LOUIS PARK W-4 P-15,151761,ST LOUIS PARK W-4 P-15,Tim Brausen,skipped,skipped
ST LOUIS PARK W-4 P-15,151762,ST LOUIS PARK W-4 P-15,Tim Brausen,skipped,skipped
ST LOUIS PARK W-4 P-15,151763,ST LOUIS PARK W-4 P-15,Tim Brausen,Tim Brausen,Tim Brausen
ST LOUIS PARK W-4 P-15,151764,ST LOUIS PARK W-4 P-15,Tim Brausen,skipped,skipped
ST LOUIS PARK W-4 P-15,151765,ST LOUIS PARK W-4 P-15,Tim Brausen,skipped,skipped
ST LOUIS PARK W-4 P-15,151766,ST LOUIS PARK W-4 P-15,Tim Brausen,skipped,skipped
ST LOUIS PARK W-4 P-15,151767,ST LOUIS PARK W-4 P-15,Tim Brausen,Tim Brausen,Tim Brausen
ST LOUIS PARK W-4 P-15,151768,ST LOUIS PARK W-4 P-15,Tim Brausen,skipped,skipped
ST LOUIS PARK W-4 P-15,151769,ST LOUIS PARK W-4 P-15,Tim Brausen,skipped,skipped
ST LOUIS PARK W-4 P-15,151770,ST LOUIS PARK W-4 P-15,Tim Brausen,Tim Brausen,Tim Brausen
ST LOUIS PARK W-4 P-15,151771,ST LOUIS PARK W-4 P-15,Tim Brausen,skipped,skipped
ST LOUIS PARK W-4 P-15,151772,ST LOUIS PARK W-4 P-15,Tim Brausen,Tim Brausen,Tim Brausen
ST LOUIS PARK W-4 P-15,151773,ST LOUIS PARK W-4 P-15,writein,writein,writein
ST LOUIS PARK W-4 P-15,151774,ST LOUIS PARK W-4 P-15,Tim Brausen,Tim Brausen,Tim Brausen
ST LOUIS PARK W-4 P-15,151775,ST LOUIS PARK W-4 P-15,Tim Brausen,skipped,skipped
ST LOUIS PARK W-4 P-15,151776,ST LOUIS PARK W-4 P-15,writein,skipped,skipped
ST LOUIS PARK W-4 P-15,151777,ST LOUIS PARK W-4 P-15,Tim Brausen,skipped,skipped
ST LOUIS PARK W-4 P-15,151778,ST LOUIS PARK W-4 P-15,Tim Brausen,skipped,skipped
ST LOUIS PARK W-4 P-15,151779,ST LOUIS PARK W-4 P-15,Tim Brausen,skipped,skipped
ST LOUIS PARK W-4 P-15,151780,ST LOUIS PARK W-4 P-15,Tim Brausen,skipped,skipped
ST LOUIS PARK W-4 P-15,151781,ST LOUIS PARK W-4 P-15,Tim Brausen,skipped,skipped
ST LOUIS PARK W-4 P-15,151782,ST LOUIS PARK W-4 P-15,Tim Brausen,skipped,skipped
ST LOUIS PARK W-4 P-15,151783,ST LOUIS PARK W-4 P-15,Tim Brausen,skipped,skipped
ST LOUIS PARK W-4 P-15,151784,ST LOUIS PARK W-4 P-15,Tim Brausen,Tim Brausen,Tim Brausen
ST LOUIS PARK W-4 P-15,151785,ST LOUIS PARK W-4 P-15,Tim Brausen,Tim Brausen,Tim Brausen
ST LOUIS PARK W-4 P-15,151786,ST LOUIS PARK W-4 P-15,Tim Brausen,skipped,skipped
ST LOUIS PARK W-4 P-15,151787,ST LOUIS PARK W-4 P-15,Tim Brausen,skipped,skipped
ST LOUIS PARK W-4 P-15,151788,ST LOUIS PARK W-4 P-15,Tim Brausen,Tim Brausen,Tim Brausen
ST LOUIS PARK W-4 P-15,151789,ST LOUIS PARK W-4 P-15,Tim Brausen,skipped,skipped
ST LOUIS PARK W-4 P-15,151790,ST LOUIS PARK W-4 P-15,skipped,skipped,Tim Brausen
ST LOUIS PARK W-4 P-15,151791,ST LOUIS PARK W-4 P-15,Tim Brausen,skipped,skipped
ST LOUIS PARK W-4 P-15,151792,ST LOUIS PARK W-4 P-15,writein,skipped,skipped
ST LOUIS PARK W-4 P-15,151793,ST LOUIS PARK W-4 P-15,Tim Brausen,skipped,skipped
ST LOUIS PARK W-4 P-15,151794,ST LOUIS PARK W-4 P-15,Tim Brausen,Tim Brausen,Tim Brausen
ST LOUIS PARK W-4 P-15,151795,ST LOUIS PARK W-4 P-15,Tim Brausen,Tim Brausen,Tim Brausen
ST LOUIS PARK W-4 P-15,151796,ST LOUIS PARK W-4 P-15,Tim Brausen,skipped,skipped
ST LOUIS PARK W-4 P-15,151797,ST LOUIS PARK W-4 P-15,Tim Brausen,skipped,skipped
ST LOUIS PARK W-4 P-15,151798,ST LOUIS PARK W-4 P-15,Tim Brausen,skipped,skipped
ST LOUIS PARK W-4 P-15,151799,ST LOUIS PARK W-4 P-15,Tim Brausen,Tim Brausen,Tim Brausen
ST LOUIS PARK W-4 P-15,151800,ST LOUIS PARK W-4 P-15,Tim Brausen,Tim Brausen,Tim Brausen
ST LOUIS PARK W-4 P-15,151801,ST LOUIS PARK W-4 P-15,Tim Brausen,Tim Brausen,skipped
ST LOUIS PARK W-4 P-15,151802,ST LOUIS PARK W-4 P-15,Tim Brausen,skipped,skipped
ST LOUIS PARK W-4 P-15,151803,ST LOUIS PARK W-4 P-15,Tim Brausen,skipped,skipped
ST LOUIS PARK W-4 P-15,151804,ST LOUIS PARK W-4 P-15,Tim Brausen,skipped,skipped
ST LOUIS PARK W-4 P-15,151805,ST LOUIS PARK W-4 P-15,Tim Brausen,skipped,skipped
ST LOUIS PARK W-4 P-15,151806,ST LOUIS PARK W-4 P-15,writein,writein,Tim Brausen
ST LOUIS PARK W-4 P-15,151807,ST LOUIS PARK W-4 P-15,Tim Brausen,skipped,skipped
ST LOUIS PARK W-4 P-15,151808,ST LOUIS PARK W-4 P-15,Tim Brausen,skipped,skipped
ST LOUIS PARK W-4 P-15,151809,ST LOUIS PARK W-4 P-15,Tim Brausen,skipped,skipped
ST LOUIS PARK W-4 P-15,151810,ST LOUIS PARK W-4 P-15,Tim Brausen,skipped,skipped
ST LOUIS PARK W-4 P-15,151811,ST LOUIS PARK W-4 P-15,Tim Brausen,skipped,skipped
ST LOUIS PARK W-4 P-15,151812,ST LOUIS PARK W-4 P-15,Tim Brausen,skipped,skipped
ST LOUIS PARK W-4 P-15,151813,ST LOUIS PARK W-4 P-15,Tim Brausen,skipped,skipped
ST LOUIS PARK W-4 P-15,151814,ST LOUIS PARK W-4 P-15,skipped,skipped,skipped
ST LOUIS PARK W-4 P-15,151815,ST LOUIS PARK W-4 P-15,Tim Brausen,skipped,skipped
ST LOUIS PARK W-4 P-15,151816,ST LOUIS PARK W-4 P-15,Tim Brausen,Tim Brausen,Tim Brausen
ST LOUIS PARK W-4 P-15,151817,ST LOUIS PARK W-4 P-15,Tim Brausen,skipped,skipped
ST LOUIS PARK W-4 P-15,151818,ST LOUIS PARK W-4 P-15,Tim Brausen,skipped,skipped
ST LOUIS PARK W-4 P-15,151819,ST LOUIS PARK W-4 P-15,Tim Brausen,skipped,skipped
ST LOUIS PARK W-4 P-15,151820,ST LOUIS PARK W-4 P-15,writein,Tim Brausen,skipped
ST LOUIS PARK W-4 P-15,151821,ST LOUIS PARK W-4 P-15,Tim Brausen,skipped,skipped
ST LOUIS PARK W-4 P-15,151822,ST LOUIS PARK W-4 P-15,Tim Brausen,Tim Brausen,Tim Brausen
ST LOUIS PARK W-4 P-15,151823,ST LOUIS PARK W-4 P-15,skipped,skipped,Tim Brausen
ST LOUIS PARK W-4 P-15,151824,ST LOUIS PARK W-4 P-15,Tim Brausen,skipped,skipped
ST LOUIS PARK W-4 P-15,151825,ST LOUIS PARK W-4 P-15,Tim Brausen,skipped,skipped
ST LOUIS PARK W-4 P-15,151826,ST LOUIS PARK W-4 P-15,Tim Brausen,skipped,skipped
ST LOUIS PARK W-4 P-15,151827,ST LOUIS PARK W-4 P-15,Tim Brausen,Tim Brausen,Tim Brausen
ST LOUIS PARK W-4 P-15,151828,ST LOUIS PARK W-4 P-15,Tim Brausen,skipped,skipped
ST LOUIS PARK W-4 P-15,151829,ST LOUIS PARK W-4 P-15,skipped,skipped,skipped
ST LOUIS PARK W-4 P-15,151830,ST LOUIS PARK W-4 P-15,Tim Brausen,skipped,skipped
ST LOUIS PARK W-4 P-15,151831,ST LOUIS PARK W-4 P-15,Tim Brausen,skipped,skipped
ST LOUIS PARK W-4 P-15,151832,ST LOUIS PARK W-4 P-15,Tim Brausen,skipped,skipped
ST LOUIS PARK W-4 P-15,151833,ST LOUIS PARK W-4 P-15,writein,writein,writein
ST LOUIS PARK W-4 P-15,151834,ST LOUIS PARK W-4 P-15,Tim Brausen,skipped,skipped
ST LOUIS PARK W-4 P-15,151835,ST LOUIS PARK W-4 P-15,skipped,skipped,skipped
ST LOUIS PARK W-4 P-15,151836,ST LOUIS PARK W-4 P-15,Tim Brausen,Tim Brausen,Tim Brausen
ST LOUIS PARK W-4 P-15,151837,ST LOUIS PARK W-4 P-15,Tim Brausen,skipped,skipped
ST LOUIS PARK W-4 P-15,151838,ST LOUIS PARK W-4 P-15,Tim Brausen,Tim Brausen,Tim Brausen
ST LOUIS PARK W-4 P-15,151839,ST LOUIS PARK W-4 P-15,Tim Brausen,Tim Brausen,Tim Brausen
ST LOUIS PARK W-4 P-15,151840,ST LOUIS PARK W-4 P-15,Tim Brausen,Tim Brausen,Tim Brausen
ST LOUIS PARK W-4 P-15,151841,ST LOUIS PARK W-4 P-15,Tim Brausen,skipped,skipped
ST LOUIS PARK W-4 P-15,151842,ST LOUIS PARK W-4 P-15,skipped,Tim Brausen,skipped
ST LOUIS PARK W-4 P-15,151843,ST LOUIS PARK W-4 P-15,Tim Brausen,skipped,skipped
ST LOUIS PARK W-4 P-15,151844,ST LOUIS PARK W-4 P-15,Tim Brausen,skipped,skipped
ST LOUIS PARK W-4 P-15,151845,ST LOUIS PARK W-4 P-15,Tim Brausen,skipped,skipped
ST LOUIS PARK W-4 P-15,151846,ST LOUIS PARK W-4 P-15,Tim Brausen,skipped,skipped
ST LOUIS PARK W-4 P-15,151847,ST LOUIS PARK W-4 P-15,Tim Brausen,Tim Brausen,writein
ST LOUIS PARK W-4 P-15,151848,ST LOUIS PARK W-4 P-15,Tim Brausen,skipped,skipped
ST LOUIS PARK W-4 P-15,151849,ST LOUIS PARK W-4 P-15,skipped,skipped,Tim Brausen
ST LOUIS PARK W-4 P-15,151850,ST LOUIS PARK W-4 P-15,skipped,skipped,skipped
ST LOUIS PARK W-4 P-15,151851,ST LOUIS PARK W-4 P-15,Tim Brausen,Tim Brausen,Tim Brausen
ST LOUIS PARK W-4 P-15,151852,ST LOUIS PARK W-4 P-15,Tim Brausen,skipped,skipped
ST LOUIS PARK W-4 P-15,151853,ST LOUIS PARK W-4 P-15,Tim Brausen,skipped,skipped
ST LOUIS PARK W-4 P-15,151854,ST LOUIS PARK W-4 P-15,Tim Brausen,Tim Brausen,Tim Brausen
ST LOUIS PARK W-4 P-15,151855,ST LOUIS PARK W-4 P-15,skipped,skipped,skipped
ST LOUIS PARK W-4 P-15,151856,ST LOUIS PARK W-4 P-15,Tim Brausen,Tim Brausen,Tim Brausen
ST LOUIS PARK W-4 P-15,151857,ST LOUIS PARK W-4 P-15,Tim Brausen,skipped,skipped
ST LOUIS PARK W-4 P-15,151858,ST LOUIS PARK W-4 P-15,Tim Brausen,skipped,skipped
ST LOUIS PARK W-4 P-15,151859,ST LOUIS PARK W-4 P-15,Tim Brausen,skipped,skipped
ST LOUIS PARK W-4 P-15,151860,ST LOUIS PARK W-4 P-15,Tim Brausen,Tim Brausen,Tim Brausen
ST LOUIS PARK W-4 P-15,151861,ST LOUIS PARK W-4 P-15,Tim Brausen,skipped,skipped
ST LOUIS PARK W-4 P-15,151862,ST LOUIS PARK W-4 P-15,Tim Brausen,skipped,skipped
ST LOUIS PARK W-4 P-15,151863,ST LOUIS PARK W-4 P-15,Tim Brausen,Tim Brausen,Tim Brausen
ST LOUIS PARK W-4 P-15,151864,ST LOUIS PARK W-4 P-15,Tim Brausen,skipped,skipped
ST LOUIS PARK W-4 P-15,151865,ST LOUIS PARK W-4 P-15,Tim Brausen,Tim Brausen,Tim Brausen
ST LOUIS PARK W-4 P-15,151866,ST LOUIS PARK W-4 P-15,Tim Brausen,skipped,skipped
ST LOUIS PARK W-4 P-15,151867,ST LOUIS PARK W-4 P-15,Tim Brausen,Tim Brausen,Tim Brausen
ST LOUIS PARK W-4 P-15,151868,ST LOUIS PARK W-4 P-15,Tim Brausen,skipped,skipped
ST LOUIS PARK W-4 P-15,151869,ST LOUIS PARK W-4 P-15,Tim Brausen,skipped,skipped
ST LOUIS PARK W-4 P-15,151870,ST LOUIS PARK W-4 P-15,Tim Brausen,Tim Brausen,Tim Brausen
ST LOUIS PARK W-4 P-15,151871,ST LOUIS PARK W-4 P-15,Tim Brausen,Tim Brausen,Tim Brausen
ST LOUIS PARK W-4 P-15,151872,ST LOUIS PARK W-4 P-15,Tim Brausen,skipped,skipped
ST LOUIS PARK W-4 P-15,151873,ST LOUIS PARK W-4 P-15,Tim Brausen,skipped,skipped
ST LOUIS PARK W-4 P-15,151874,ST LOUIS PARK W-4 P-15,writein,writein,Tim Brausen
ST LOUIS PARK W-4 P-14,151875,ST LOUIS PARK W-4 P-14,Tim Brausen,skipped,skipped
ST LOUIS PARK W-4 P-14,151876,ST LOUIS PARK W-4 P-14,Tim Brausen,Tim Brausen,Tim Brausen
ST LOUIS PARK W-4 P-14,151877,ST LOUIS PARK W-4 P-14,Tim Brausen,skipped,skipped
ST LOUIS PARK W-4 P-14,151878,ST LOUIS PARK W-4 P-14,Tim Brausen,Tim Brausen,writein
ST LOUIS PARK W-4 P-14,151879,ST LOUIS PARK W-4 P-14,writein,writein,writein
ST LOUIS PARK W-4 P-14,151880,ST LOUIS PARK W-4 P-14,Tim Brausen,Tim Brausen,Tim Brausen
ST LOUIS PARK W-4 P-14,151881,ST LOUIS PARK W-4 P-14,Tim Brausen,skipped,skipped
ST LOUIS PARK W-4 P-14,151882,ST LOUIS PARK W-4 P-14,Tim Brausen,skipped,skipped
ST LOUIS PARK W-4 P-14,151883,ST LOUIS PARK W-4 P-14,Tim Brausen,skipped,skipped
ST LOUIS PARK W-4 P-14,151884,ST LOUIS PARK W-4 P-14,Tim Brausen,Tim Brausen,Tim Brausen
ST LOUIS PARK W-4 P-14,151885,ST LOUIS PARK W-4 P-14,Tim Brausen,skipped,skipped
ST LOUIS PARK W-4 P-14,151886,ST LOUIS PARK W-4 P-14,Tim Brausen,skipped,skipped
ST LOUIS PARK W-4 P-14,151887,ST LOUIS PARK W-4 P-14,Tim Brausen,Tim Brausen,skipped
ST LOUIS PARK W-4 P-14,151888,ST LOUIS PARK W-4 P-14,Tim Brausen,skipped,skipped
ST LOUIS PARK W-4 P-14,151889,ST LOUIS PARK W-4 P-14,Tim Brausen,skipped,skipped
ST LOUIS PARK W-4 P-14,151890,ST LOUIS PARK W-4 P-14,Tim Brausen,skipped,skipped
ST LOUIS PARK W-4 P-14,151891,ST LOUIS PARK W-4 P-14,Tim Brausen,skipped,skipped
ST LOUIS PARK W-4 P-14,151892,ST LOUIS PARK W-4 P-14,Tim Brausen,skipped,skipped
ST LOUIS PARK W-4 P-14,151893,ST LOUIS PARK W-4 P-14,Tim Brausen,skipped,skipped
ST LOUIS PARK W-4 P-14,151894,ST LOUIS PARK W-4 P-14,writein,writein,skipped
ST LOUIS PARK W-4 P-14,151895,ST LOUIS PARK W-4 P-14,Tim Brausen,skipped,skipped
ST LOUIS PARK W-4 P-14,151896,ST LOUIS PARK W-4 P-14,writein,Tim Brausen,Tim Brausen
ST LOUIS PARK W-4 P-14,151897,ST LOUIS PARK W-4 P-14,Tim Brausen,skipped,skipped
ST LOUIS PARK W-4 P-14,151898,ST LOUIS PARK W-4 P-14,Tim Brausen,skipped,skipped
ST LOUIS PARK W-4 P-14,151899,ST LOUIS PARK W-4 P-14,Tim Brausen,skipped,skipped
ST LOUIS PARK W-4 P-14,151900,ST LOUIS PARK W-4 P-14,Tim Brausen,writein,skipped
ST LOUIS PARK W-4 P-14,151901,ST LOUIS PARK W-4 P-14,writein,skipped,skipped
ST LOUIS PARK W-4 P-14,151902,ST LOUIS PARK W-4 P-14,Tim Brausen,skipped,skipped
ST LOUIS PARK W-4 P-14,151903,ST LOUIS PARK W-4 P-14,skipped,skipped,skipped
ST LOUIS PARK W-4 P-14,151904,ST LOUIS PARK W-4 P-14,Tim Brausen,Tim Brausen,Tim Brausen
ST LOUIS PARK W-4 P-14,151905,ST LOUIS PARK W-4 P-14,Tim Brausen,Tim Brausen,Tim Brausen
ST LOUIS PARK W-4 P-14,151906,ST LOUIS PARK W-4 P-14,Tim Brausen,skipped,skipped
ST LOUIS PARK W-4 P-14,151907,ST LOUIS PARK W-4 P-14,Tim Brausen,skipped,skipped
ST LOUIS PARK W-4 P-14,151908,ST LOUIS PARK W-4 P-14,Tim Brausen,skipped,skipped
ST LOUIS PARK W-4 P-14,151909,ST LOUIS PARK W-4 P-14,Tim Brausen,Tim Brausen,Tim Brausen
ST LOUIS PARK W-4 P-14,151910,ST LOUIS PARK W-4 P-14,Tim Brausen,Tim Brausen,Tim Brausen
ST LOUIS PARK W-4 P-14,151911,ST LOUIS PARK W-4 P-14,Tim Brausen,skipped,skipped
ST LOUIS PARK W-4 P-14,151912,ST LOUIS PARK W-4 P-14,writein,skipped,skipped
ST LOUIS PARK W-4 P-14,151913,ST LOUIS PARK W-4 P-14,Tim Brausen,skipped,skipped
ST LOUIS PARK W-4 P-14,151914,ST LOUIS PARK W-4 P-14,Tim Brausen,skipped,skipped
ST LOUIS PARK W-4 P-14,151915,ST LOUIS PARK W-4 P-14,Tim Brausen,skipped,skipped
ST LOUIS PARK W-4 P-14,151916,ST LOUIS PARK W-4 P-14,Tim Brausen,Tim Brausen,Tim Brausen
ST LOUIS PARK W-4 P-14,151917,ST LOUIS PARK W-4 P-14,Tim Brausen,skipped,skipped
ST LOUIS PARK W-4 P-14,151918,ST LOUIS PARK W-4 P-14,Tim Brausen,skipped,skipped
ST LOUIS PARK W-4 P-14,151919,ST LOUIS PARK W-4 P-14,Tim Brausen,Tim Brausen,Tim Brausen
ST LOUIS PARK W-4 P-14,151920,ST LOUIS PARK W-4 P-14,Tim Brausen,skipped,skipped
ST LOUIS PARK W-4 P-14,151921,ST LOUIS PARK W-4 P-14,Tim Brausen,skipped,skipped
ST LOUIS PARK W-4 P-14,151922,ST LOUIS PARK W-4 P-14,Tim Brausen,Tim Brausen,Tim Brausen
ST LOUIS PARK W-4 P-14,151923,ST LOUIS PARK W-4 P-14,skipped,skipped,skipped
ST LOUIS PARK W-4 P-14,151924,ST LOUIS PARK W-4 P-14,Tim Brausen,Tim Brausen,Tim Brausen
ST LOUIS PARK W-4 P-14,151925,ST LOUIS PARK W-4 P-14,Tim Brausen,skipped,skipped
ST LOUIS PARK W-4 P-14,151926,ST LOUIS PARK W-4 P-14,Tim Brausen,Tim Brausen,Tim Brausen
ST LOUIS PARK W-4 P-14,151927,ST LOUIS PARK W-4 P-14,Tim Brausen,Tim Brausen,Tim Brausen
ST LOUIS PARK W-4 P-14,151928,ST LOUIS PARK W-4 P-14,Tim Brausen,skipped,skipped
ST LOUIS PARK W-4 P-14,151929,ST LOUIS PARK W-4 P-14,Tim Brausen,skipped,skipped
ST LOUIS PARK W-4 P-14,151930,ST LOUIS PARK W-4 P-14,writein,writein,writein
ST LOUIS PARK W-4 P-14,151931,ST LOUIS PARK W-4 P-14,Tim Brausen,Tim Brausen,Tim Brausen
ST LOUIS PARK W-4 P-14,151932,ST LOUIS PARK W-4 P-14,Tim Brausen,Tim Brausen,Tim Brausen
ST LOUIS PARK W-4 P-14,151933,ST LOUIS PARK W-4 P-14,Tim Brausen,Tim Brausen,Tim Brausen
ST LOUIS PARK W-4 P-14,151934,ST LOUIS PARK W-4 P-14,Tim Brausen,skipped,skipped
ST LOUIS PARK W-4 P-14,151935,ST LOUIS PARK W-4 P-14,Tim Brausen,skipped,skipped
ST LOUIS PARK W-4 P-14,151936,ST LOUIS PARK W-4 P-14,Tim Brausen,skipped,skipped
ST LOUIS PARK W-4 P-14,151937,ST LOUIS PARK W-4 P-14,Tim Brausen,skipped,skipped
ST LOUIS PARK W-4 P-14,151938,ST LOUIS PARK W-4 P-14,Tim Brausen,Tim Brausen,Tim Brausen
ST LOUIS PARK W-4 P-14,151939,ST LOUIS PARK W-4 P-14,Tim Brausen,skipped,skipped
ST LOUIS PARK W-4 P-14,151940,ST LOUIS PARK W-4 P-14,Tim Brausen,skipped,skipped
ST LOUIS PARK W-4 P-14,151941,ST LOUIS PARK W-4 P-14,Tim Brausen,skipped,skipped
ST LOUIS PARK W-4 P-14,151942,ST LOUIS PARK W-4 P-14,Tim Brausen,Tim Brausen,Tim Brausen
ST LOUIS PARK W-4 P-14,151943,ST LOUIS PARK W-4 P-14,Tim Brausen,skipped,skipped
ST LOUIS PARK W-4 P-14,151944,ST LOUIS PARK W-4 P-14,skipped,writein,Tim Brausen
ST LOUIS PARK W-4 P-14,151945,ST LOUIS PARK W-4 P-14,Tim Brausen,skipped,skipped
ST LOUIS PARK W-4 P-14,151946,ST LOUIS PARK W-4 P-14,Tim Brausen,skipped,skipped
ST LOUIS PARK W-4 P-14,151947,ST LOUIS PARK W-4 P-14,skipped,skipped,skipped
ST LOUIS PARK W-4 P-14,151948,ST LOUIS PARK W-4 P-14,Tim Brausen,skipped,skipped
ST LOUIS PARK W-4 P-14,151949,ST LOUIS PARK W-4 P-14,skipped,skipped,skipped
ST LOUIS PARK W-4 P-14,151950,ST LOUIS PARK W-4 P-14,Tim Brausen,Tim Brausen,Tim Brausen
ST LOUIS PARK W-4 P-14,151951,ST LOUIS PARK W-4 P-14,Tim Brausen,Tim Brausen,Tim Brausen
ST LOUIS PARK W-4 P-14,151952,ST LOUIS PARK W-4 P-14,Tim Brausen,skipped,skipped
ST LOUIS PARK W-4 P-14,151953,ST LOUIS PARK W-4 P-14,Tim Brausen,skipped,skipped
ST LOUIS PARK W-4 P-14,151954,ST LOUIS PARK W-4 P-14,Tim Brausen,skipped,skipped
ST LOUIS PARK W-4 P-14,151955,ST LOUIS PARK W-4 P-14,Tim Brausen,Tim Brausen,Tim Brausen
ST LOUIS PARK W-4 P-14,151956,ST LOUIS PARK W-4 P-14,Tim Brausen,Tim Brausen,Tim Brausen
ST LOUIS PARK W-4 P-14,151957,ST LOUIS PARK W-4 P-14,Tim Brausen,Tim Brausen,Tim Brausen
ST LOUIS PARK W-4 P-14,151958,ST LOUIS PARK W-4 P-14,Tim Brausen,skipped,skipped
ST LOUIS PARK W-4 P-14,151959,ST LOUIS PARK W-4 P-14,skipped,skipped,skipped
ST LOUIS PARK W-4 P-14,151960,ST LOUIS PARK W-4 P-14,Tim Brausen,Tim Brausen,Tim Brausen
ST LOUIS PARK W-4 P-14,151961,ST LOUIS PARK W-4 P-14,Tim Brausen,skipped,skipped
ST LOUIS PARK W-4 P-14,151962,ST LOUIS PARK W-4 P-14,Tim Brausen,Tim Brausen,Tim Brausen
ST LOUIS PARK W-4 P-14,151963,ST LOUIS PARK W-4 P-14,Tim Brausen,Tim Brausen,Tim Brausen
ST LOUIS PARK W-4 P-14,151964,ST LOUIS PARK W-4 P-14,Tim Brausen,skipped,skipped
ST LOUIS PARK W-4 P-14,151965,ST LOUIS PARK W-4 P-14,Tim Brausen,skipped,skipped
ST LOUIS PARK W-4 P-14,151966,ST LOUIS PARK W-4 P-14,Tim Brausen,Tim Brausen,Tim Brausen
ST LOUIS PARK W-4 P-14,151967,ST LOUIS PARK W-4 P-14,Tim Brausen,skipped,skipped
ST LOUIS PARK W-4 P-14,151968,ST LOUIS PARK W-4 P-14,Tim Brausen,Tim Brausen,Tim Brausen
ST LOUIS PARK W-4 P-14,151969,ST LOUIS PARK W-4 P-14,Tim Brausen,skipped,skipped
ST LOUIS PARK W-4 P-14,151970,ST LOUIS PARK W-4 P-14,Tim Brausen,Tim Brausen,Tim Brausen
ST LOUIS PARK W-4 P-14,151971,ST LOUIS PARK W-4 P-14,Tim Brausen,skipped,skipped
ST LOUIS PARK W-4 P-14,151972,ST LOUIS PARK W-4 P-14,Tim Brausen,skipped,skipped
ST LOUIS PARK W-4 P-14,151973,ST LOUIS PARK W-4 P-14,Tim Brausen,skipped,skipped
ST LOUIS PARK W-4 P-14,151974,ST LOUIS PARK W-4 P-14,Tim Brausen,skipped,skipped
ST LOUIS PARK W-4 P-14,151975,ST LOUIS PARK W-4 P-14,Tim Brausen,Tim Brausen,Tim Brausen
ST LOUIS PARK W-4 P-14,151976,ST LOUIS PARK W-4 P-14,Tim Brausen,Tim Brausen,Tim Brausen
ST LOUIS PARK W-4 P-14,151977,ST LOUIS PARK W-4 P-14,Tim Brausen,Tim Brausen,Tim Brausen
ST LOUIS PARK W-4 P-14,151978,ST LOUIS PARK W-4 P-14,Tim Brausen,Tim Brausen,Tim Brausen
ST LOUIS PARK W-4 P-14,151979,ST LOUIS PARK W-4 P-14,Tim Brausen,skipped,skipped
ST LOUIS PARK W-4 P-14,151980,ST LOUIS PARK W-4 P-14,Tim Brausen,skipped,skipped
ST LOUIS PARK W-4 P-14,151981,ST LOUIS PARK W-4 P-14,Tim Brausen,skipped,skipped
ST LOUIS PARK W-4 P-14,151982,ST LOUIS PARK W-4 P-14,Tim Brausen,Tim Brausen,Tim Brausen
ST LOUIS PARK W-4 P-14,151983,ST LOUIS PARK W-4 P-14,Tim Brausen,skipped,skipped
ST LOUIS PARK W-4 P-14,151984,ST LOUIS PARK W-4 P-14,Tim Brausen,skipped,skipped
ST LOUIS PARK W-4 P-14,151985,ST LOUIS PARK W-4 P-14,Tim Brausen,skipped,skipped
ST LOUIS PARK W-4 P-14,151986,ST LOUIS PARK W-4 P-14,Tim Brausen,skipped,skipped
ST LOUIS PARK W-4 P-14,151987,ST LOUIS PARK W-4 P-14,Tim Brausen,Tim Brausen,Tim Brausen
ST LOUIS PARK W-4 P-14,151988,ST LOUIS PARK W-4 P-14,Tim Brausen,skipped,skipped
ST LOUIS PARK W-4 P-14,151989,ST LOUIS PARK W-4 P-14,Tim Brausen,Tim Brausen,Tim Brausen
ST LOUIS PARK W-4 P-14,151990,ST LOUIS PARK W-4 P-14,Tim Brausen,skipped,skipped
ST LOUIS PARK W-4 P-14,151991,ST LOUIS PARK W-4 P-14,Tim Brausen,skipped,skipped
ST LOUIS PARK W-4 P-14,151992,ST LOUIS PARK W-4 P-14,Tim Brausen,skipped,skipped
ST LOUIS PARK W-4 P-14,151993,ST LOUIS PARK W-4 P-14,Tim Brausen,Tim Brausen,skipped
ST LOUIS PARK W-4 P-14,151994,ST LOUIS PARK W-4 P-14,Tim Brausen,skipped,skipped
ST LOUIS PARK W-4 P-14,151995,ST LOUIS PARK W-4 P-14,writein,writein,writein
ST LOUIS PARK W-4 P-14,151996,ST LOUIS PARK W-4 P-14,Tim Brausen,skipped,skipped
ST LOUIS PARK W-4 P-14,151997,ST LOUIS PARK W-4 P-14,Tim Brausen,Tim Brausen,skipped
ST LOUIS PARK W-4 P-14,151998,ST LOUIS PARK W-4 P-14,writein,writein,writein
ST LOUIS PARK W-4 P-14,151999,ST LOUIS PARK W-4 P-14,Tim Brausen,skipped,skipped
ST LOUIS PARK W-4 P-14,152000,ST LOUIS PARK W-4 P-14,Tim Brausen,Tim Brausen,Tim Brausen
ST LOUIS PARK W-4 P-14,152001,ST LOUIS PARK W-4 P-14,Tim Brausen,skipped,skipped
ST LOUIS PARK W-4 P-14,152002,ST LOUIS PARK W-4 P-14,Tim Brausen,Tim Brausen,Tim Brausen
ST LOUIS PARK W-4 P-14,152003,ST LOUIS PARK W-4 P-14,writein,writein,writein
ST LOUIS PARK W-4 P-14,152004,ST LOUIS PARK W-4 P-14,Tim Brausen,skipped,skipped
ST LOUIS PARK W-4 P-14,152005,ST LOUIS PARK W-4 P-14,Tim Brausen,Tim Brausen,Tim Brausen
ST LOUIS PARK W-4 P-14,152006,ST LOUIS PARK W-4 P-14,Tim Brausen,skipped,skipped
ST LOUIS PARK W-4 P-14,152007,ST LOUIS PARK W-4 P-14,skipped,skipped,skipped
ST LOUIS PARK W-4 P-14,152008,ST LOUIS PARK W-4 P-14,Tim Brausen,skipped,skipped
ST LOUIS PARK W-4 P-14,152009,ST LOUIS PARK W-4 P-14,Tim Brausen,skipped,skipped
ST LOUIS PARK W-4 P-14,152010,ST LOUIS PARK W-4 P-14,Tim Brausen,Tim Brausen,Tim Brausen
ST LOUIS PARK W-4 P-14,152011,ST LOUIS PARK W-4 P-14,Tim Brausen,skipped,skipped
ST LOUIS PARK W-4 P-14,152012,ST LOUIS PARK W-4 P-14,Tim Brausen,skipped,skipped
ST LOUIS PARK W-4 P-14,152013,ST LOUIS PARK W-4 P-14,Tim Brausen,skipped,skipped
ST LOUIS PARK W-4 P-14,152014,ST LOUIS PARK W-4 P-14,Tim Brausen,skipped,skipped
ST LOUIS PARK W-4 P-14,152015,ST LOUIS PARK W-4 P-14,Tim Brausen,Tim Brausen,Tim Brausen
ST LOUIS PARK W-4 P-14,152016,ST LOUIS PARK W-4 P-14,Tim Brausen,Tim Brausen,Tim Brausen
ST LOUIS PARK W-4 P-14,152017,ST LOUIS PARK W-4 P-14,Tim Brausen,skipped,skipped
ST LOUIS PARK W-4 P-14,152018,ST LOUIS PARK W-4 P-14,Tim Brausen,Tim Brausen,Tim Brausen
ST LOUIS PARK W-4 P-14,152019,ST LOUIS PARK W-4 P-14,Tim Brausen,Tim Brausen,Tim Brausen
ST LOUIS PARK W-4 P-14,152020,ST LOUIS PARK W-4 P-14,skipped,skipped,skipped
ST LOUIS PARK W-4 P-14,152021,ST LOUIS PARK W-4 P-14,Tim Brausen,skipped,skipped
ST LOUIS PARK W-4 P-14,152022,ST LOUIS PARK W-4 P-14,Tim Brausen,Tim Brausen,Tim Brausen
ST LOUIS PARK W-4 P-14,152023,ST LOUIS PARK W-4 P-14,Tim Brausen,Tim Brausen,Tim Brausen
ST LOUIS PARK W-4 P-14,152024,ST LOUIS PARK W-4 P-14,Tim Brausen,skipped,skipped
ST LOUIS PARK W-4 P-14,152025,ST LOUIS PARK W-4 P-14,Tim Brausen,Tim Brausen,Tim Brausen
ST LOUIS PARK W-4 P-14,152026,ST LOUIS PARK W-4 P-14,Tim Brausen,skipped,skipped
ST LOUIS PARK W-4 P-14,152027,ST LOUIS PARK W-4 P-14,Tim Brausen,Tim Brausen,Tim Brausen
ST LOUIS PARK W-4 P-14,152028,ST LOUIS PARK W-4 P-14,writein,skipped,skipped
ST LOUIS PARK W-4 P-14,152029,ST LOUIS PARK W-4 P-14,Tim Brausen,skipped,skipped
ST LOUIS PARK W-4 P-14,152030,ST LOUIS PARK W-4 P-14,Tim Brausen,skipped,skipped
ST LOUIS PARK W-4 P-14,152031,ST LOUIS PARK W-4 P-14,Tim Brausen,Tim Brausen,Tim Brausen
ST LOUIS PARK W-4 P-14,152032,ST LOUIS PARK W-4 P-14,skipped,skipped,skipped
ST LOUIS PARK W-4 P-14,152033,ST LOUIS PARK W-4 P-14,Tim Brausen,skipped,skipped
ST LOUIS PARK W-4 P-14,152034,ST LOUIS PARK W-4 P-14,Tim Brausen,Tim Brausen,Tim Brausen
ST LOUIS PARK W-4 P-14,152035,ST LOUIS PARK W-4 P-14,Tim Brausen,skipped,skipped
ST LOUIS PARK W-4 P-14,152036,ST LOUIS PARK W-4 P-14,Tim Brausen,skipped,skipped
ST LOUIS PARK W-4 P-14,152037,ST LOUIS PARK W-4 P-14,skipped,skipped,skipped
ST LOUIS PARK W-4 P-14,152038,ST LOUIS PARK W-4 P-14,Tim Brausen,Tim Brausen,Tim Brausen
ST LOUIS PARK W-4 P-14,152039,ST LOUIS PARK W-4 P-14,skipped,skipped,skipped
ST LOUIS PARK W-4 P-14,152040,ST LOUIS PARK W-4 P-14,Tim Brausen,skipped,skipped
ST LOUIS PARK W-4 P-14,152041,ST LOUIS PARK W-4 P-14,Tim Brausen,Tim Brausen,Tim Brausen
ST LOUIS PARK W-4 P-14,152042,ST LOUIS PARK W-4 P-14,Tim Brausen,Tim Brausen,Tim Brausen
ST LOUIS PARK W-4 P-14,152043,ST LOUIS PARK W-4 P-14,Tim Brausen,skipped,skipped
ST LOUIS PARK W-4 P-14,152044,ST LOUIS PARK W-4 P-14,Tim Brausen,skipped,skipped
ST LOUIS PARK W-4 P-14,152045,ST LOUIS PARK W-4 P-14,Tim Brausen,Tim Brausen,skipped
ST LOUIS PARK W-4 P-14,152046,ST LOUIS PARK W-4 P-14,Tim Brausen,skipped,skipped
ST LOUIS PARK W-4 P-14,152047,ST LOUIS PARK W-4 P-14,Tim Brausen,skipped,skipped
ST LOUIS PARK W-4 P-14,152048,ST LOUIS PARK W-4 P-14,Tim Brausen,Tim Brausen,Tim Brausen
ST LOUIS PARK W-4 P-14,152049,ST LOUIS PARK W-4 P-14,Tim Brausen,skipped,skipped
ST LOUIS PARK W-4 P-14,152050,ST LOUIS PARK W-4 P-14,Tim Brausen,Tim Brausen,Tim Brausen
ST LOUIS PARK W-4 P-14,152051,ST LOUIS PARK W-4 P-14,Tim Brausen,Tim Brausen,Tim Brausen
ST LOUIS PARK W-4 P-14,152052,ST LOUIS PARK W-4 P-14,Tim Brausen,skipped,skipped
ST LOUIS PARK W-4 P-14,152053,ST LOUIS PARK W-4 P-14,skipped,skipped,skipped
ST LOUIS PARK W-4 P-14,152054,ST LOUIS PARK W-4 P-14,writein,writein,skipped
ST LOUIS PARK W-4 P-14,152055,ST LOUIS PARK W-4 P-14,Tim Brausen,skipped,skipped
ST LOUIS PARK W-4 P-14,152056,ST LOUIS PARK W-4 P-14,Tim Brausen,Tim Brausen,skipped
ST LOUIS PARK W-4 P-14,152057,ST LOUIS PARK W-4 P-14,writein,writein,skipped
ST LOUIS PARK W-4 P-14,152058,ST LOUIS PARK W-4 P-14,Tim Brausen,skipped,skipped
ST LOUIS PARK W-4 P-14,152059,ST LOUIS PARK W-4 P-14,Tim Brausen,skipped,skipped
ST LOUIS PARK W-4 P-14,152060,ST LOUIS PARK W-4 P-14,Tim Brausen,Tim Brausen,Tim Brausen
ST LOUIS PARK W-4 P-14,152061,ST LOUIS PARK W-4 P-14,Tim Brausen,skipped,skipped
ST LOUIS PARK W-4 P-14,152062,ST LOUIS PARK W-4 P-14,Tim Brausen,Tim Brausen,Tim Brausen
ST LOUIS PARK W-4 P-14,152063,ST LOUIS PARK W-4 P-14,Tim Brausen,skipped,skipped
ST LOUIS PARK W-4 P-14,152064,ST LOUIS PARK W-4 P-14,Tim Brausen,Tim Brausen,Tim Brausen
ST LOUIS PARK W-4 P-14,152065,ST LOUIS PARK W-4 P-14,Tim Brausen,skipped,skipped
ST LOUIS PARK W-4 P-14,152066,ST LOUIS PARK W-4 P-14,Tim Brausen,Tim Brausen,Tim Brausen
ST LOUIS PARK W-4 P-14,152067,ST LOUIS PARK W-4 P-14,Tim Brausen,skipped,skipped
ST LOUIS PARK W-4 P-14,152068,ST LOUIS PARK W-4 P-14,Tim Brausen,skipped,skipped
ST LOUIS PARK W-4 P-14,152069,ST LOUIS PARK W-4 P-14,Tim Brausen,skipped,skipped
ST LOUIS PARK W-4 P-14,152070,ST LOUIS PARK W-4 P-14,Tim Brausen,Tim Brausen,Tim Brausen
ST LOUIS PARK W-4 P-14,152071,ST LOUIS PARK W-4 P-14,Tim Brausen,skipped,skipped
ST LOUIS PARK W-4 P-14,152072,ST LOUIS PARK W-4 P-14,Tim Brausen,Tim Brausen,Tim Brausen
ST LOUIS PARK W-4 P-14,152073,ST LOUIS PARK W-4 P-14,Tim Brausen,skipped,skipped
ST LOUIS PARK W-4 P-14,152074,ST LOUIS PARK W-4 P-14,Tim Brausen,skipped,skipped
ST LOUIS PARK W-4 P-14,152075,ST LOUIS PARK W-4 P-14,Tim Brausen,skipped,skipped
ST LOUIS PARK W-4 P-14,152076,ST LOUIS PARK W-4 P-14,Tim Brausen,skipped,skipped
ST LOUIS PARK W-4 P-14,152077,ST LOUIS PARK W-4 P-14,Tim Brausen,Tim Brausen,Tim Brausen
ST LOUIS PARK W-4 P-14,152078,ST LOUIS PARK W-4 P-14,Tim Brausen,skipped,skipped
ST LOUIS PARK W-4 P-14,152079,ST LOUIS PARK W-4 P-14,Tim Brausen,writein,skipped
ST LOUIS PARK W-4 P-14,152080,ST LOUIS PARK W-4 P-14,Tim Brausen,Tim Brausen,Tim Brausen
ST LOUIS PARK W-4 P-14,152081,ST LOUIS PARK W-4 P-14,Tim Brausen,Tim Brausen,Tim Brausen
ST LOUIS PARK W-4 P-14,152082,ST LOUIS PARK W-4 P-14,writein,skipped,skipped
ST LOUIS PARK W-4 P-14,152083,ST LOUIS PARK W-4 P-14,Tim Brausen,skipped,skipped
ST LOUIS PARK W-4 P-14,152084,ST LOUIS PARK W-4 P-14,Tim Brausen,Tim Brausen,Tim Brausen
ST LOUIS PARK W-4 P-14,152085,ST LOUIS PARK W-4 P-14,writein,writein,writein
ST LOUIS PARK W-4 P-14,152086,ST LOUIS PARK W-4 P-14,Tim Brausen,skipped,skipped
ST LOUIS PARK W-4 P-14,152087,ST LOUIS PARK W-4 P-14,Tim Brausen,skipped,skipped
ST LOUIS PARK W-4 P-14,152088,ST LOUIS PARK W-4 P-14,Tim Brausen,Tim Brausen,Tim Brausen
ST LOUIS PARK W-4 P-14,152089,ST LOUIS PARK W-4 P-14,skipped,skipped,skipped
ST LOUIS PARK W-4 P-14,152090,ST LOUIS PARK W-4 P-14,Tim Brausen,Tim Brausen,Tim Brausen
ST LOUIS PARK W-4 P-14,152091,ST LOUIS PARK W-4 P-14,Tim Brausen,Tim Brausen,Tim Brausen
ST LOUIS PARK W-4 P-14,152092,ST LOUIS PARK W-4 P-14,Tim Brausen,skipped,skipped
ST LOUIS PARK W-4 P-14,152093,ST LOUIS PARK W-4 P-14,Tim Brausen,skipped,skipped
ST LOUIS PARK W-4 P-14,152094,ST LOUIS PARK W-4 P-14,Tim Brausen,writein,writein
ST LOUIS PARK W-4 P-14,152095,ST LOUIS PARK W-4 P-14,Tim Brausen,skipped,skipped
ST LOUIS PARK W-4 P-14,152096,ST LOUIS PARK W-4 P-14,Tim Brausen,skipped,skipped
ST LOUIS PARK W-4 P-14,152097,ST LOUIS PARK W-4 P-14,skipped,skipped,Tim Brausen
ST LOUIS PARK W-4 P-14,152098,ST LOUIS PARK W-4 P-14,Tim Brausen,Tim Brausen,Tim Brausen
ST LOUIS PARK W-4 P-14,152099,ST LOUIS PARK W-4 P-14,Tim Brausen,skipped,skipped
ST LOUIS PARK W-4 P-14,152100,ST LOUIS PARK W-4 P-14,Tim Brausen,skipped,skipped
ST LOUIS PARK W-4 P-14,152101,ST LOUIS PARK W-4 P-14,Tim Brausen,Tim Brausen,Tim Brausen
ST LOUIS PARK W-4 P-14,152102,ST LOUIS PARK W-4 P-14,Tim Brausen,Tim Brausen,Tim Brausen
ST LOUIS PARK W-4 P-14,152103,ST LOUIS PARK W-4 P-14,skipped,skipped,skipped
ST LOUIS PARK W-4 P-14,152104,ST LOUIS PARK W-4 P-14,Tim Brausen,skipped,skipped
ST LOUIS PARK W-4 P-14,152105,ST LOUIS PARK W-4 P-14,Tim Brausen,Tim Brausen,Tim Brausen
ST LOUIS PARK W-4 P-14,152106,ST LOUIS PARK W-4 P-14,Tim Brausen,skipped,skipped
ST LOUIS PARK W-4 P-14,152107,ST LOUIS PARK W-4 P-14,Tim Brausen,Tim Brausen,Tim Brausen
ST LOUIS PARK W-4 P-14,152108,ST LOUIS PARK W-4 P-14,Tim Brausen,Tim Brausen,Tim Brausen
ST LOUIS PARK W-4 P-14,152109,ST LOUIS PARK W-4 P-14,Tim Brausen,Tim Brausen,Tim Brausen
ST LOUIS PARK W-4 P-14,152110,ST LOUIS PARK W-4 P-14,skipped,skipped,skipped
ST LOUIS PARK W-4 P-14,152111,ST LOUIS PARK W-4 P-14,skipped,Tim Brausen,skipped
ST LOUIS PARK W-4 P-14,152112,ST LOUIS PARK W-4 P-14,Tim Brausen,skipped,skipped
ST LOUIS PARK W-4 P-14,152113,ST LOUIS PARK W-4 P-14,Tim Brausen,skipped,skipped
ST LOUIS PARK W-4 P-14,152114,ST LOUIS PARK W-4 P-14,Tim Brausen,Tim Brausen,Tim Brausen
ST LOUIS PARK W-4 P-14,152115,ST LOUIS PARK W-4 P-14,Tim Brausen,skipped,skipped
ST LOUIS PARK W-4 P-14,152116,ST LOUIS PARK W-4 P-14,Tim Brausen,skipped,skipped
ST LOUIS PARK W-4 P-14,152117,ST LOUIS PARK W-4 P-14,skipped,skipped,skipped
ST LOUIS PARK W-4 P-14,152118,ST LOUIS PARK W-4 P-14,Tim Brausen,skipped,skipped
ST LOUIS PARK W-4 P-14,152119,ST LOUIS PARK W-4 P-14,Tim Brausen,skipped,skipped
ST LOUIS PARK W-4 P-14,152120,ST LOUIS PARK W-4 P-14,Tim Brausen,Tim Brausen,skipped
ST LOUIS PARK W-4 P-14,152121,ST LOUIS PARK W-4 P-14,Tim Brausen,skipped,skipped
ST LOUIS PARK W-4 P-14,152122,ST LOUIS PARK W-4 P-14,Tim Brausen,Tim Brausen,Tim Brausen
ST LOUIS PARK W-4 P-14,152123,ST LOUIS PARK W-4 P-14,Tim Brausen,skipped,skipped
ST LOUIS PARK W-4 P-14,152124,ST LOUIS PARK W-4 P-14,Tim Brausen,Tim Brausen,Tim Brausen
ST LOUIS PARK W-4 P-14,152125,ST LOUIS PARK W-4 P-14,Tim Brausen,Tim Brausen,Tim Brausen
ST LOUIS PARK W-4 P-14,152126,ST LOUIS PARK W-4 P-14,Tim Brausen,skipped,skipped
ST LOUIS PARK W-4 P-14,152127,ST LOUIS PARK W-4 P-14,Tim Brausen,skipped,skipped
ST LOUIS PARK W-4 P-14,152128,ST LOUIS PARK W-4 P-14,Tim Brausen,skipped,skipped
ST LOUIS PARK W-4 P-14,152129,ST LOUIS PARK W-4 P-14,Tim Brausen,skipped,skipped
ST LOUIS PARK W-4 P-14,152130,ST LOUIS PARK W-4 P-14,Tim Brausen,skipped,skipped
ST LOUIS PARK W-4 P-14,152131,ST LOUIS PARK W-4 P-14,Tim Brausen,skipped,skipped
ST LOUIS PARK W-4 P-14,152132,ST LOUIS PARK W-4 P-14,skipped,skipped,skipped
ST LOUIS PARK W-4 P-14,152133,ST LOUIS PARK W-4 P-14,Tim Brausen,Tim Brausen,Tim Brausen
ST LOUIS PARK W-4 P-14,152134,ST LOUIS PARK W-4 P-14,Tim Brausen,skipped,skipped
ST LOUIS PARK W-4 P-14,152135,ST LOUIS PARK W-4 P-14,Tim Brausen,Tim Brausen,Tim Brausen
ST LOUIS PARK W-4 P-14,152136,ST LOUIS PARK W-4 P-14,Tim Brausen,Tim Brausen,Tim Brausen
ST LOUIS PARK W-4 P-14,152137,ST LOUIS PARK W-4 P-14,Tim Brausen,skipped,skipped
ST LOUIS PARK W-4 P-14,152138,ST LOUIS PARK W-4 P-14,Tim Brausen,skipped,skipped
ST LOUIS PARK W-4 P-14,152139,ST LOUIS PARK W-4 P-14,writein,writein,writein
ST LOUIS PARK W-4 P-14,152140,ST LOUIS PARK W-4 P-14,Tim Brausen,skipped,skipped
ST LOUIS PARK W-4 P-14,152141,ST LOUIS PARK W-4 P-14,Tim Brausen,skipped,skipped
ST LOUIS PARK W-4 P-14,152142,ST LOUIS PARK W-4 P-14,Tim Brausen,skipped,skipped
ST LOUIS PARK W-4 P-14,152143,ST LOUIS PARK W-4 P-14,Tim Brausen,skipped,skipped
ST LOUIS PARK W-4 P-14,152144,ST LOUIS PARK W-4 P-14,Tim Brausen,skipped,skipped
ST LOUIS PARK W-4 P-14,152145,ST LOUIS PARK W-4 P-14,Tim Brausen,Tim Brausen,Tim Brausen
ST LOUIS PARK W-4 P-14,152146,ST LOUIS PARK W-4 P-14,Tim Brausen,skipped,skipped
ST LOUIS PARK W-4 P-14,152147,ST LOUIS PARK W-4 P-14,Tim Brausen,skipped,skipped
ST LOUIS PARK W-4 P-14,152148,ST LOUIS PARK W-4 P-14,Tim Brausen,Tim Brausen,Tim Brausen
ST LOUIS PARK W-4 P-14,152149,ST LOUIS PARK W-4 P-14,Tim Brausen,Tim Brausen,Tim Brausen
ST LOUIS PARK W-4 P-13 ISD 270,152150,ST LOUIS PARK W-4 P-13,Tim Brausen,Tim Brausen,Tim Brausen
ST LOUIS PARK W-4 P-13 ISD 283,152151,ST LOUIS PARK W-4 P-13,Tim Brausen,skipped,skipped
ST LOUIS PARK W-4 P-13 ISD 270,152152,ST LOUIS PARK W-4 P-13,Tim Brausen,Tim Brausen,Tim Brausen
ST LOUIS PARK W-4 P-13 ISD 270,152153,ST LOUIS PARK W-4 P-13,Tim Brausen,skipped,skipped
ST LOUIS PARK W-4 P-13 ISD 270,152154,ST LOUIS PARK W-4 P-13,Tim Brausen,Tim Brausen,Tim Brausen
ST LOUIS PARK W-4 P-13 ISD 270,152155,ST LOUIS PARK W-4 P-13,Tim Brausen,Tim Brausen,Tim Brausen
ST LOUIS PARK W-4 P-13 ISD 270,152156,ST LOUIS PARK W-4 P-13,Tim Brausen,Tim Brausen,Tim Brausen
ST LOUIS PARK W-4 P-13 ISD 270,152157,ST LOUIS PARK W-4 P-13,Tim Brausen,skipped,skipped
ST LOUIS PARK W-4 P-13 ISD 270,152158,ST LOUIS PARK W-4 P-13,skipped,Tim Brausen,skipped
ST LOUIS PARK W-4 P-13 ISD 283,152159,ST LOUIS PARK W-4 P-13,Tim Brausen,skipped,skipped
ST LOUIS PARK W-4 P-13 ISD 270,152160,ST LOUIS PARK W-4 P-13,writein,Tim Brausen,writein
ST LOUIS PARK W-4 P-13 ISD 270,152161,ST LOUIS PARK W-4 P-13,Tim Brausen,skipped,skipped
ST LOUIS PARK W-4 P-13 ISD 270,152162,ST LOUIS PARK W-4 P-13,skipped,skipped,skipped
ST LOUIS PARK W-4 P-13 ISD 270,152163,ST LOUIS PARK W-4 P-13,Tim Brausen,skipped,skipped
ST LOUIS PARK W-4 P-13 ISD 270,152164,ST LOUIS PARK W-4 P-13,Tim Brausen,Tim Brausen,Tim Brausen
ST LOUIS PARK W-4 P-13 ISD 270,152165,ST LOUIS PARK W-4 P-13,Tim Brausen,Tim Brausen,Tim Brausen
ST LOUIS PARK W-4 P-13 ISD 270,152166,ST LOUIS PARK W-4 P-13,Tim Brausen,Tim Brausen,Tim Brausen
ST LOUIS PARK W-4 P-13 ISD 270,152167,ST LOUIS PARK W-4 P-13,skipped,skipped,skipped
ST LOUIS PARK W-4 P-13 ISD 283,152168,ST LOUIS PARK W-4 P-13,Tim Brausen,Tim Brausen,Tim Brausen
ST LOUIS PARK W-4 P-13 ISD 283,152169,ST LOUIS PARK W-4 P-13,Tim Brausen,skipped,skipped
ST LOUIS PARK W-4 P-13 ISD 270,152170,ST LOUIS PARK W-4 P-13,Tim Brausen,Tim Brausen,Tim Brausen
ST LOUIS PARK W-4 P-13 ISD 270,152171,ST LOUIS PARK W-4 P-13,Tim Brausen,skipped,skipped
ST LOUIS PARK W-4 P-13 ISD 270,152172,ST LOUIS PARK W-4 P-13,Tim Brausen,skipped,skipped
ST LOUIS PARK W-4 P-13 ISD 270,152173,ST LOUIS PARK W-4 P-13,Tim Brausen,Tim Brausen,Tim Brausen
ST LOUIS PARK W-4 P-13 ISD 283,152174,ST LOUIS PARK W-4 P-13,Tim Brausen,Tim Brausen,Tim Brausen
ST LOUIS PARK W-4 P-13 ISD 270,152175,ST LOUIS PARK W-4 P-13,skipped,skipped,skipped
ST LOUIS PARK W-4 P-13 ISD 270,152176,ST LOUIS PARK W-4 P-13,skipped,skipped,skipped
ST LOUIS PARK W-4 P-13 ISD 283,152177,ST LOUIS PARK W-4 P-13,writein,writein,writein
ST LOUIS PARK W-4 P-13 ISD 270,152178,ST LOUIS PARK W-4 P-13,Tim Brausen,skipped,skipped
ST LOUIS PARK W-4 P-13 ISD 270,152179,ST LOUIS PARK W-4 P-13,skipped,skipped,skipped
ST LOUIS PARK W-4 P-13 ISD 283,152180,ST LOUIS PARK W-4 P-13,Tim Brausen,skipped,skipped
ST LOUIS PARK W-4 P-13 ISD 283,152181,ST LOUIS PARK W-4 P-13,Tim Brausen,skipped,skipped
ST LOUIS PARK W-4 P-13 ISD 270,152182,ST LOUIS PARK W-4 P-13,Tim Brausen,skipped,skipped
ST LOUIS PARK W-4 P-13 ISD 270,152183,ST LOUIS PARK W-4 P-13,Tim Brausen,skipped,skipped
ST LOUIS PARK W-4 P-13 ISD 270,152184,ST LOUIS PARK W-4 P-13,Tim Brausen,skipped,skipped
ST LOUIS PARK W-4 P-13 ISD 270,152185,ST LOUIS PARK W-4 P-13,Tim Brausen,skipped,skipped
ST LOUIS PARK W-4 P-13 ISD 283,152186,ST LOUIS PARK W-4 P-13,Tim Brausen,Tim Brausen,Tim Brausen
ST LOUIS PARK W-4 P-13 ISD 270,152187,ST LOUIS PARK W-4 P-13,Tim Brausen,skipped,skipped
ST LOUIS PARK W-4 P-13 ISD 270,152188,ST LOUIS PARK W-4 P-13,Tim Brausen,skipped,skipped
ST LOUIS PARK W-4 P-13 ISD 270,152189,ST LOUIS PARK W-4 P-13,Tim Brausen,Tim Brausen,Tim Brausen
ST LOUIS PARK W-4 P-13 ISD 270,152190,ST LOUIS PARK W-4 P-13,Tim Brausen,skipped,skipped
ST LOUIS PARK W-4 P-13 ISD 283,152191,ST LOUIS PARK W-4 P-13,Tim Brausen,Tim Brausen,Tim Brausen
ST LOUIS PARK W-4 P-13 ISD 270,152192,ST LOUIS PARK W-4 P-13,Tim Brausen,skipped,skipped
ST LOUIS PARK W-4 P-13 ISD 270,152193,ST LOUIS PARK W-4 P-13,Tim Brausen,Tim Brausen,Tim Brausen
ST LOUIS PARK W-4 P-13 ISD 283,152194,ST LOUIS PARK W-4 P-13,Tim Brausen,skipped,skipped
ST LOUIS PARK W-4 P-13 ISD 270,152195,ST LOUIS PARK W-4 P-13,Tim Brausen,skipped,skipped
ST LOUIS PARK W-4 P-13 ISD 283,152196,ST LOUIS PARK W-4 P-13,Tim Brausen,skipped,skipped
ST LOUIS PARK W-4 P-13 ISD 270,152197,ST LOUIS PARK W-4 P-13,writein,writein,writein
ST LOUIS PARK W-4 P-13 ISD 283,152198,ST LOUIS PARK W-4 P-13,Tim Brausen,Tim Brausen,Tim Brausen
ST LOUIS PARK W-4 P-13 ISD 270,152199,ST LOUIS PARK W-4 P-13,Tim Brausen,skipped,skipped
ST LOUIS PARK W-4 P-13 ISD 270,152200,ST LOUIS PARK W-4 P-13,Tim Brausen,Tim Brausen,Tim Brausen
ST LOUIS PARK W-4 P-13 ISD 270,152201,ST LOUIS PARK W-4 P-13,Tim Brausen,Tim Brausen,Tim Brausen
ST LOUIS PARK W-4 P-13 ISD 270,152202,ST LOUIS PARK W-4 P-13,Tim Brausen,skipped,skipped
ST LOUIS PARK W-4 P-13 ISD 270,152203,ST LOUIS PARK W-4 P-13,Tim Brausen,Tim Brausen,Tim Brausen
ST LOUIS PARK W-4 P-13 ISD 270,152204,ST LOUIS PARK W-4 P-13,Tim Brausen,Tim Brausen,Tim Brausen
ST LOUIS PARK W-4 P-13 ISD 270,152205,ST LOUIS PARK W-4 P-13,Tim Brausen,skipped,skipped
ST LOUIS PARK W-4 P-13 ISD 283,152206,ST LOUIS PARK W-4 P-13,Tim Brausen,skipped,skipped
ST LOUIS PARK W-4 P-13 ISD 270,152207,ST LOUIS PARK W-4 P-13,Tim Brausen,Tim Brausen,Tim Brausen
ST LOUIS PARK W-4 P-13 ISD 270,152208,ST LOUIS PARK W-4 P-13,Tim Brausen,Tim Brausen,skipped
ST LOUIS PARK W-4 P-13 ISD 283,152209,ST LOUIS PARK W-4 P-13,skipped,skipped,skipped
ST LOUIS PARK W-4 P-13 ISD 270,152210,ST LOUIS PARK W-4 P-13,skipped,skipped,skipped
ST LOUIS PARK W-4 P-13 ISD 283,152211,ST LOUIS PARK W-4 P-13,skipped,skipped,skipped
ST LOUIS PARK W-4 P-13 ISD 270,152212,ST LOUIS PARK W-4 P-13,Tim Brausen,skipped,skipped
ST LOUIS PARK W-4 P-13 ISD 270,152213,ST LOUIS PARK W-4 P-13,Tim Brausen,Tim Brausen,Tim Brausen
ST LOUIS PARK W-4 P-13 ISD 283,152214,ST LOUIS PARK W-4 P-13,Tim Brausen,skipped,skipped
ST LOUIS PARK W-4 P-13 ISD 270,152215,ST LOUIS PARK W-4 P-13,Tim Brausen,Tim Brausen,Tim Brausen
ST LOUIS PARK W-4 P-13 ISD 270,152216,ST LOUIS PARK W-4 P-13,skipped,skipped,skipped
ST LOUIS PARK W-4 P-13 ISD 270,152217,ST LOUIS PARK W-4 P-13,Tim Brausen,skipped,skipped
ST LOUIS PARK W-4 P-13 ISD 283,152218,ST LOUIS PARK W-4 P-13,overvote,Tim Brausen,Tim Brausen
ST LOUIS PARK W-4 P-13 ISD 270,152219,ST LOUIS PARK W-4 P-13,Tim Brausen,skipped,skipped
ST LOUIS PARK W-4 P-13 ISD 270,152220,ST LOUIS PARK W-4 P-13,Tim Brausen,writein,writein
ST LOUIS PARK W-4 P-13 ISD 283,152221,ST LOUIS PARK W-4 P-13,Tim Brausen,skipped,skipped
ST LOUIS PARK W-4 P-13 ISD 270,152222,ST LOUIS PARK W-4 P-13,Tim Brausen,skipped,skipped
ST LOUIS PARK W-4 P-13 ISD 270,152223,ST LOUIS PARK W-4 P-13,Tim Brausen,skipped,skipped
ST LOUIS PARK W-4 P-13 ISD 270,152224,ST LOUIS PARK W-4 P-13,skipped,skipped,skipped
ST LOUIS PARK W-4 P-13 ISD 283,152225,ST LOUIS PARK W-4 P-13,Tim Brausen,skipped,skipped
ST LOUIS PARK W-4 P-13 ISD 270,152226,ST LOUIS PARK W-4 P-13,Tim Brausen,Tim Brausen,Tim Brausen
ST LOUIS PARK W-4 P-13 ISD 283,152227,ST LOUIS PARK W-4 P-13,Tim Brausen,Tim Brausen,Tim Brausen
ST LOUIS PARK W-4 P-13 ISD 270,152228,ST LOUIS PARK W-4 P-13,Tim Brausen,Tim Brausen,Tim Brausen
ST LOUIS PARK W-4 P-13 ISD 270,152229,ST LOUIS PARK W-4 P-13,Tim Brausen,Tim Brausen,Tim Brausen
ST LOUIS PARK W-4 P-13 ISD 270,152230,ST LOUIS PARK W-4 P-13,Tim Brausen,Tim Brausen,Tim Brausen
ST LOUIS PARK W-4 P-13 ISD 270,152231,ST LOUIS PARK W-4 P-13,Tim Brausen,Tim Brausen,Tim Brausen
ST LOUIS PARK W-4 P-13 ISD 283,152232,ST LOUIS PARK W-4 P-13,skipped,skipped,skipped
ST LOUIS PARK W-4 P-13 ISD 270,152233,ST LOUIS PARK W-4 P-13,Tim Brausen,skipped,skipped
ST LOUIS PARK W-4 P-13 ISD 283,152234,ST LOUIS PARK W-4 P-13,Tim Brausen,skipped,skipped
ST LOUIS PARK W-4 P-13 ISD 270,152235,ST LOUIS PARK W-4 P-13,Tim Brausen,Tim Brausen,Tim Brausen
ST LOUIS PARK W-4 P-13 ISD 283,152236,ST LOUIS PARK W-4 P-13,Tim Brausen,skipped,skipped
ST LOUIS PARK W-4 P-13 ISD 283,152237,ST LOUIS PARK W-4 P-13,Tim Brausen,skipped,skipped
ST LOUIS PARK W-4 P-13 ISD 270,152238,ST LOUIS PARK W-4 P-13,Tim Brausen,skipped,skipped
ST LOUIS PARK W-4 P-13 ISD 270,152239,ST LOUIS PARK W-4 P-13,Tim Brausen,skipped,skipped
ST LOUIS PARK W-4 P-13 ISD 270,152240,ST LOUIS PARK W-4 P-13,Tim Brausen,Tim Brausen,Tim Brausen
ST LOUIS PARK W-4 P-13 ISD 270,152241,ST LOUIS PARK W-4 P-13,skipped,skipped,skipped
ST LOUIS PARK W-4 P-13 ISD 270,152242,ST LOUIS PARK W-4 P-13,Tim Brausen,skipped,skipped
ST LOUIS PARK W-4 P-13 ISD 270,152243,ST LOUIS PARK W-4 P-13,Tim Brausen,skipped,skipped
ST LOUIS PARK W-4 P-13 ISD 270,152244,ST LOUIS PARK W-4 P-13,skipped,skipped,skipped
ST LOUIS PARK W-4 P-13 ISD 270,152245,ST LOUIS PARK W-4 P-13,Tim Brausen,skipped,skipped
ST LOUIS PARK W-4 P-13 ISD 270,152246,ST LOUIS PARK W-4 P-13,Tim Brausen,Tim Brausen,Tim Brausen
ST LOUIS PARK W-4 P-13 ISD 270,152247,ST LOUIS PARK W-4 P-13,Tim Brausen,Tim Brausen,Tim Brausen
ST LOUIS PARK W-4 P-13 ISD 270,152248,ST LOUIS PARK W-4 P-13,Tim Brausen,skipped,skipped
ST LOUIS PARK W-4 P-13 ISD 283,152249,ST LOUIS PARK W-4 P-13,Tim Brausen,Tim Brausen,Tim Brausen
ST LOUIS PARK W-4 P-13 ISD 270,152250,ST LOUIS PARK W-4 P-13,Tim Brausen,skipped,skipped
ST LOUIS PARK W-4 P-13 ISD 283,152251,ST LOUIS PARK W-4 P-13,Tim Brausen,Tim Brausen,Tim Brausen
ST LOUIS PARK W-4 P-13 ISD 270,152252,ST LOUIS PARK W-4 P-13,Tim Brausen,Tim Brausen,Tim Brausen
ST LOUIS PARK W-4 P-13 ISD 270,152253,ST LOUIS PARK W-4 P-13,Tim Brausen,skipped,skipped
ST LOUIS PARK W-4 P-13 ISD 270,152254,ST LOUIS PARK W-4 P-13,Tim Brausen,skipped,skipped
ST LOUIS PARK W-4 P-13 ISD 270,152255,ST LOUIS PARK W-4 P-13,Tim Brausen,skipped,skipped
ST LOUIS PARK W-4 P-13 ISD 283,152256,ST LOUIS PARK W-4 P-13,Tim Brausen,skipped,skipped
ST LOUIS PARK W-4 P-13 ISD 283,152257,ST LOUIS PARK W-4 P-13,Tim Brausen,Tim Brausen,Tim Brausen
ST LOUIS PARK W-4 P-13 ISD 270,152258,ST LOUIS PARK W-4 P-13,Tim Brausen,skipped,skipped
ST LOUIS PARK W-4 P-13 ISD 270,152259,ST LOUIS PARK W-4 P-13,Tim Brausen,skipped,skipped
ST LOUIS PARK W-4 P-13 ISD 270,152260,ST LOUIS PARK W-4 P-13,Tim Brausen,Tim Brausen,Tim Brausen
ST LOUIS PARK W-4 P-13 ISD 283,152261,ST LOUIS PARK W-4 P-13,Tim Brausen,skipped,skipped
ST LOUIS PARK W-4 P-13 ISD 270,152262,ST LOUIS PARK W-4 P-13,skipped,Tim Brausen,skipped
ST LOUIS PARK W-4 P-13 ISD 270,152263,ST LOUIS PARK W-4 P-13,Tim Brausen,Tim Brausen,Tim Brausen
ST LOUIS PARK W-4 P-13 ISD 270,152264,ST LOUIS PARK W-4 P-13,Tim Brausen,Tim Brausen,Tim Brausen
ST LOUIS PARK W-4 P-13 ISD 283,152265,ST LOUIS PARK W-4 P-13,Tim Brausen,skipped,skipped
ST LOUIS PARK W-4 P-13 ISD 283,152266,ST LOUIS PARK W-4 P-13,Tim Brausen,Tim Brausen,Tim Brausen
ST LOUIS PARK W-4 P-13 ISD 270,152267,ST LOUIS PARK W-4 P-13,Tim Brausen,Tim Brausen,Tim Brausen
ST LOUIS PARK W-4 P-13 ISD 270,152268,ST LOUIS PARK W-4 P-13,Tim Brausen,skipped,skipped
ST LOUIS PARK W-4 P-13 ISD 283,152269,ST LOUIS PARK W-4 P-13,skipped,skipped,skipped
ST LOUIS PARK W-4 P-13 ISD 283,152270,ST LOUIS PARK W-4 P-13,Tim Brausen,skipped,skipped
ST LOUIS PARK W-4 P-13 ISD 270,152271,ST LOUIS PARK W-4 P-13,Tim Brausen,skipped,skipped
ST LOUIS PARK W-4 P-13 ISD 283,152272,ST LOUIS PARK W-4 P-13,Tim Brausen,skipped,skipped
ST LOUIS PARK W-4 P-13 ISD 270,152273,ST LOUIS PARK W-4 P-13,Tim Brausen,skipped,skipped
ST LOUIS PARK W-4 P-13 ISD 270,152274,ST LOUIS PARK W-4 P-13,Tim Brausen,Tim Brausen,Tim Brausen
ST LOUIS PARK W-4 P-13 ISD 270,152275,ST LOUIS PARK W-4 P-13,Tim Brausen,skipped,skipped
ST LOUIS PARK W-4 P-13 ISD 270,152276,ST LOUIS PARK W-4 P-13,Tim Brausen,Tim Brausen,Tim Brausen
ST LOUIS PARK W-4 P-13 ISD 270,152277,ST LOUIS PARK W-4 P-13,Tim Brausen,skipped,skipped
ST LOUIS PARK W-4 P-13 ISD 270,152278,ST LOUIS PARK W-4 P-13,Tim Brausen,skipped,skipped
ST LOUIS PARK W-4 P-13 ISD 270,152279,ST LOUIS PARK W-4 P-13,Tim Brausen,skipped,skipped
ST LOUIS PARK W-4 P-13 ISD 283,152280,ST LOUIS PARK W-4 P-13,Tim Brausen,Tim Brausen,Tim Brausen
ST LOUIS PARK W-4 P-13 ISD 283,152281,ST LOUIS PARK W-4 P-13,Tim Brausen,Tim Brausen,Tim Brausen
ST LOUIS PARK W-4 P-13 ISD 270,152282,ST LOUIS PARK W-4 P-13,Tim Brausen,skipped,skipped
ST LOUIS PARK W-4 P-13 ISD 283,152283,ST LOUIS PARK W-4 P-13,Tim Brausen,skipped,skipped
ST LOUIS PARK W-4 P-13 ISD 270,152284,ST LOUIS PARK W-4 P-13,Tim Brausen,Tim Brausen,Tim Brausen
ST LOUIS PARK W-4 P-13 ISD 270,152285,ST LOUIS PARK W-4 P-13,Tim Brausen,skipped,skipped
ST LOUIS PARK W-4 P-13 ISD 270,152286,ST LOUIS PARK W-4 P-13,Tim Brausen,skipped,skipped
ST LOUIS PARK W-4 P-13 ISD 270,152287,ST LOUIS PARK W-4 P-13,Tim Brausen,skipped,skipped
ST LOUIS PARK W-4 P-13 ISD 270,152288,ST LOUIS PARK W-4 P-13,Tim Brausen,skipped,skipped
ST LOUIS PARK W-4 P-13 ISD 283,152289,ST LOUIS PARK W-4 P-13,Tim Brausen,skipped,skipped
ST LOUIS PARK W-4 P-13 ISD 270,152290,ST LOUIS PARK W-4 P-13,Tim Brausen,Tim Brausen,Tim Brausen
ST LOUIS PARK W-4 P-13 ISD 270,152291,ST LOUIS PARK W-4 P-13,Tim Brausen,skipped,skipped
ST LOUIS PARK W-4 P-13 ISD 270,152292,ST LOUIS PARK W-4 P-13,Tim Brausen,Tim Brausen,Tim Brausen
ST LOUIS PARK W-4 P-13 ISD 270,152293,ST LOUIS PARK W-4 P-13,Tim Brausen,skipped,skipped
ST LOUIS PARK W-4 P-13 ISD 270,152294,ST LOUIS PARK W-4 P-13,Tim Brausen,skipped,skipped
ST LOUIS PARK W-4 P-13 ISD 283,152295,ST LOUIS PARK W-4 P-13,Tim Brausen,Tim Brausen,Tim Brausen
ST LOUIS PARK W-4 P-16,155412,ST LOUIS PARK W-4 P-16,Tim Brausen,skipped,skipped
ST LOUIS PARK W-4 P-14,155419,ST LOUIS PARK W-4 P-14,Tim Brausen,skipped,skipped
ST LOUIS PARK W-4 P-16,155421,ST LOUIS PARK W-4 P-16,Tim Brausen,Tim Brausen,skipped
ST LOUIS PARK W-4 P-13 ISD 270,155430,ST LOUIS PARK W-4 P-13,Tim Brausen,skipped,skipped
ST LOUIS PARK W-4 P-14,155442,ST LOUIS PARK W-4 P-14,Tim Brausen,Tim Brausen,Tim Brausen
ST LOUIS PARK W-4 P-15,155444,ST LOUIS PARK W-4 P-15,Tim Brausen,Tim Brausen,Tim Brausen
ST LOUIS PARK W-4 P-13 ISD 270,155453,ST LOUIS PARK W-4 P-13,Tim Brausen,skipped,skipped
ST LOUIS PARK W-4 P-14,155455,ST LOUIS PARK W-4 P-14,writein,skipped,skipped
ST LOUIS PARK W-4 P-14,155458,ST LOUIS PARK W-4 P-14,Tim Brausen,Tim Brausen,Tim Brausen
ST LOUIS PARK W-4 P-13 ISD 270,155459,ST LOUIS PARK W-4 P-13,Tim Brausen,Tim Brausen,Tim Brausen
ST LOUIS PARK W-4 P-14,155485,ST LOUIS PARK W-4 P-14,Tim Brausen,skipped,skipped
ST LOUIS PARK W-4 P-16,155498,ST LOUIS PARK W-4 P-16,Tim Brausen,skipped,skipped
ST LOUIS PARK W-4 P-13 ISD 270,155502,ST LOUIS PARK W-4 P-13,Tim Brausen,Tim Brausen,Tim Brausen
ST LOUIS PARK W-4 P-16,155509,ST LOUIS PARK W-4 P-16,Tim Brausen,skipped,skipped
ST LOUIS PARK W-4 P-14,155511,ST LOUIS PARK W-4 P-14,Tim Brausen,skipped,skipped
ST LOUIS PARK W-4 P-16,155523,ST LOUIS PARK W-4 P-16,Tim Brausen,skipped,skipped
ST LOUIS PARK W-4 P-15,155542,ST LOUIS PARK W-4 P-15,Tim Brausen,skipped,skipped
ST LOUIS PARK W-4 P-14,155545,ST LOUIS PARK W-4 P-14,Tim Brausen,skipped,skipped
ST LOUIS PARK W-4 P-14,155556,ST LOUIS PARK W-4 P-14,Tim Brausen,skipped,skipped
ST LOUIS PARK W-4 P-14,155560,ST LOUIS PARK W-4 P-14,Tim Brausen,skipped,skipped
ST LOUIS PARK W-4 P-16,155576,ST LOUIS PARK W-4 P-16,Tim Brausen,skipped,skipped
ST LOUIS PARK W-4 P-15,155588,ST LOUIS PARK W-4 P-15,Tim Brausen,skipped,skipped
ST LOUIS PARK W-4 P-16,155590,ST LOUIS PARK W-4 P-16,Tim Brausen,writein,writein
ST LOUIS PARK W-4 P-14,155629,ST LOUIS PARK W-4 P-14,Tim Brausen,Tim Brausen,Tim Brausen
ST LOUIS PARK W-4 P-14,155630,ST LOUIS PARK W-4 P-14,Tim Brausen,Tim Brausen,Tim Brausen
ST LOUIS PARK W-4 P-16,155633,ST LOUIS PARK W-4 P-16,Tim Brausen,Tim Brausen,Tim Brausen
ST LOUIS PARK W-4 P-13 ISD 270,155657,ST LOUIS PARK W-4 P-13,Tim Brausen,Tim Brausen,Tim Brausen
ST LOUIS PARK W-4 P-14,155670,ST LOUIS PARK W-4 P-14,Tim Brausen,skipped,skipped
ST LOUIS PARK W-4 P-16,155682,ST LOUIS PARK W-4 P-16,Tim Brausen,skipped,skipped
ST LOUIS PARK W-4 P-15,155684,ST LOUIS PARK W-4 P-15,Tim Brausen,Tim Brausen,Tim Brausen
ST LOUIS PARK W-4 P-14,155685,ST LOUIS PARK W-4 P-14,writein,writein,writein
ST LOUIS PARK W-4 P-13 ISD 270,155698,ST LOUIS PARK W-4 P-13,Tim Brausen,Tim Brausen,Tim Brausen
ST LOUIS PARK W-4 P-15,155712,ST LOUIS PARK W-4 P-15,Tim Brausen,skipped,skipped
ST LOUIS PARK W-4 P-13 ISD 270,155713,ST LOUIS PARK W-4 P-13,Tim Brausen,skipped,skipped
ST LOUIS PARK W-4 P-13 ISD 283,155715,ST LOUIS PARK W-4 P-13,Tim Brausen,skipped,skipped
ST LOUIS PARK W-4 P-13 ISD 283,155719,ST LOUIS PARK W-4 P-13,Tim Brausen,Tim Brausen,Tim Brausen
ST LOUIS PARK W-4 P-16,155722,ST LOUIS PARK W-4 P-16,Tim Brausen,skipped,skipped
ST LOUIS PARK W-4 P-14,155724,ST LOUIS PARK W-4 P-14,Tim Brausen,Tim Brausen,Tim Brausen
ST LOUIS PARK W-4 P-14,155727,ST LOUIS PARK W-4 P-14,Tim Brausen,Tim Brausen,Tim Brausen
ST LOUIS PARK W-4 P-15,155733,ST LOUIS PARK W-4 P-15,Tim Brausen,skipped,skipped
ST LOUIS PARK W-4 P-16,155758,ST LOUIS PARK W-4 P-16,Tim Brausen,skipped,skipped
ST LOUIS PARK W-4 P-16,155761,ST LOUIS PARK W-4 P-16,Tim Brausen,skipped,skipped
ST LOUIS PARK W-4 P-14,155762,ST LOUIS PARK W-4 P-14,skipped,skipped,skipped
ST LOUIS PARK W-4 P-15,155764,ST LOUIS PARK W-4 P-15,Tim Brausen,skipped,skipped
ST LOUIS PARK W-4 P-14,155765,ST LOUIS PARK W-4 P-14,Tim Brausen,Tim Brausen,Tim Brausen
ST LOUIS PARK W-4 P-14,155767,ST LOUIS PARK W-4 P-14,Tim Brausen,skipped,skipped
ST LOUIS PARK W-4 P-13 ISD 270,155779,ST LOUIS PARK W-4 P-13,Tim Brausen,skipped,skipped
ST LOUIS PARK W-4 P-14,155796,ST LOUIS PARK W-4 P-14,Tim Brausen,skipped,skipped
ST LOUIS PARK W-4 P-13 ISD 270,155811,ST LOUIS PARK W-4 P-13,Tim Brausen,skipped,skipped
ST LOUIS PARK W-4 P-15,155821,ST LOUIS PARK W-4 P-15,Tim Brausen,skipped,skipped
ST LOUIS PARK W-4 P-14,155834,ST LOUIS PARK W-4 P-14,Tim Brausen,Tim Brausen,Tim Brausen
ST LOUIS PARK W-4 P-16,155836,ST LOUIS PARK W-4 P-16,skipped,skipped,skipped
ST LOUIS PARK W-4 P-13 ISD 270,155852,ST LOUIS PARK W-4 P-13,Tim Brausen,Tim Brausen,Tim Brausen
