ballotID,ward,rank1,rank2,rank3,rank4
10,500,Cara Honzak,A. J. Campbell,skipped,skipped
40,500,Cara Honzak,skipped,skipped,skipped
52,500,A. J. Campbell,Cara Honzak,Yared Tebabu,skipped
61,500,Cara Honzak,Yared Tebabu,skipped,skipped
70,500,Cara Honzak,skipped,skipped,skipped
72,500,Cara Honzak,Yared Tebabu,skipped,skipped
81,500,Cara Honzak,A. J. Campbell,skipped,skipped
101,500,Yared Tebabu,A. J. Campbell,Cara Honzak,skipped
104,500,Cara Honzak,Cara Honzak,Cara Honzak,Cara Honzak
105,500,Yared Tebabu,A. J. Campbell,skipped,skipped
108,500,A. J. Campbell,Cara Honzak,Yared Tebabu,skipped
116,500,Yared Tebabu,WRITE-IN4,A. J. Campbell,Cara Honzak
150,500,A. J. Campbell,Cara Honzak,Yared Tebabu,skipped
156,500,A. J. Campbell,Yared Tebabu,Cara Honzak,skipped
167,500,Cara Honzak,skipped,skipped,skipped
172,500,A. J. Campbell,Cara Honzak,Yared Tebabu,skipped
214,500,A. J. Campbell,Yared Tebabu,Cara Honzak,skipped
229,500,Yared Tebabu,A. J. Campbell,Cara Honzak,skipped
238,500,A. J. Campbell,Cara Honzak,skipped,skipped
276,500,A. J. Campbell,Cara Honzak,Yared Tebabu,skipped
284,500,Cara Honzak,skipped,skipped,skipped
307,500,Cara Honzak,skipped,skipped,skipped
308,500,Cara Honzak,A. J. Campbell,Yared Tebabu,skipped
323,500,Cara Honzak,A. J. Campbell,Yared Tebabu,skipped
345,500,Cara Honzak,A. J. Campbell,skipped,Yared Tebabu
347,500,Cara Honzak,skipped,skipped,skipped
353,500,Yared Tebabu,A. J. Campbell,Cara Honzak,skipped
358,500,A. J. Campbell,Cara Honzak,Yared Tebabu,skipped
359,500,A. J. Campbell,Cara Honzak,WRITE-IN20,skipped
366,500,A. J. Campbell,Yared Tebabu,Cara Honzak,skipped
370,500,A. J. Campbell,Yared Tebabu,Cara Honzak,skipped
375,500,Cara Honzak,A. J. Campbell,skipped,skipped
381,500,A. J. Campbell,Cara Honzak,Yared Tebabu,skipped
388,500,Cara Honzak,skipped,skipped,skipped
397,500,Yared Tebabu,Cara Honzak,A. J. Campbell,skipped
399,500,A. J. Campbell,Cara Honzak,skipped,skipped
412,500,A. J. Campbell,skipped,skipped,skipped
428,500,Cara Honzak,A. J. Campbell,Yared Tebabu,skipped
438,500,A. J. Campbell,skipped,skipped,skipped
446,500,Cara Honzak,skipped,skipped,skipped
472,500,Yared Tebabu,Cara Honzak,A. J. Campbell,skipped
475,500,Cara Honzak,Yared Tebabu,skipped,skipped
477,500,Cara Honzak,Yared Tebabu,A. J. Campbell,skipped
478,500,Cara Honzak,Yared Tebabu,A. J. Campbell,skipped
480,500,A. J. Campbell,Cara Honzak,skipped,skipped
489,500,A. J. Campbell,Cara Honzak,Yared Tebabu,skipped
491,500,A. J. Campbell,Cara Honzak,Yared Tebabu,skipped
493,500,Cara Honzak,A. J. Campbell,Yared Tebabu,skipped
518,500,A. J. Campbell,Cara Honzak,skipped,skipped
519,500,A. J. Campbell,Cara Honzak,skipped,skipped
521,500,Cara Honzak,Yared Tebabu,A. J. Campbell,skipped
522,500,Yared Tebabu,skipped,skipped,skipped
523,500,A. J. Campbell,Cara Honzak,Yared Tebabu,skipped
524,500,Yared Tebabu,skipped,skipped,skipped
530,500,A. J. Campbell,Cara Honzak,Yared Tebabu,skipped
580,500,Cara Honzak,A. J. Campbell,skipped,skipped
586,500,Cara Honzak,A. J. Campbell,skipped,skipped
609,500,A. J. Campbell,Yared Tebabu,Cara Honzak,skipped
612,500,Cara Honzak,skipped,skipped,skipped
614,500,A. J. Campbell,Cara Honzak,skipped,skipped
615,500,Cara Honzak,Yared Tebabu,skipped,skipped
616,500,A. J. Campbell,Cara Honzak,Yared Tebabu,skipped
617,500,Cara Honzak,skipped,skipped,skipped
628,500,Cara Honzak,Yared Tebabu,skipped,skipped
649,500,Cara Honzak,A. J. Campbell,Yared Tebabu,skipped
755,500,Cara Honzak,A. J. Campbell,Yared Tebabu,skipped
792,500,Cara Honzak,skipped,skipped,skipped
819,500,Cara Honzak,A. J. Campbell,Yared Tebabu,skipped
825,500,Cara Honzak,Yared Tebabu,A. J. Campbell,skipped
826,500,A. J. Campbell,Yared Tebabu,Cara Honzak,skipped
875,500,Cara Honzak,A. J. Campbell,Yared Tebabu,skipped
885,500,A. J. Campbell,Cara Honzak,skipped,skipped
889,500,A. J. Campbell,Cara Honzak,Yared Tebabu,skipped
890,500,Cara Honzak,skipped,skipped,skipped
891,500,A. J. Campbell,Cara Honzak,Yared Tebabu,skipped
892,500,A. J. Campbell,Cara Honzak,skipped,skipped
971,500,Cara Honzak,Yared Tebabu,skipped,skipped
980,500,Cara Honzak,A. J. Campbell,Yared Tebabu,skipped
998,500,Yared Tebabu,A. J. Campbell,Cara Honzak,skipped
1000,500,Cara Honzak,A. J. Campbell,skipped,skipped
1001,500,Yared Tebabu,A. J. Campbell,Cara Honzak,skipped
1004,500,Cara Honzak,A. J. Campbell,Yared Tebabu,skipped
1053,500,A. J. Campbell,Cara Honzak,Yared Tebabu,skipped
1057,500,A. J. Campbell,Yared Tebabu,Cara Honzak,skipped
1095,500,Cara Honzak,A. J. Campbell,Yared Tebabu,skipped
1144,500,A. J. Campbell,Yared Tebabu,Cara Honzak,skipped
1153,500,Yared Tebabu,Cara Honzak,A. J. Campbell,WRITE-IN101
1160,500,A. J. Campbell,Yared Tebabu,skipped,skipped
1171,500,Yared Tebabu,skipped,skipped,skipped
1184,500,A. J. Campbell,Cara Honzak,Yared Tebabu,skipped
1187,500,Cara Honzak,A. J. Campbell,skipped,skipped
1188,500,Cara Honzak,A. J. Campbell,skipped,skipped
1197,500,Cara Honzak,Yared Tebabu,A. J. Campbell,skipped
1225,500,Cara Honzak,Yared Tebabu,A. J. Campbell,skipped
1236,500,A. J. Campbell,Yared Tebabu,skipped,skipped
1271,500,A. J. Campbell,skipped,skipped,skipped
1291,500,A. J. Campbell,Cara Honzak,skipped,Yared Tebabu
1297,500,A. J. Campbell,Yared Tebabu,Cara Honzak,skipped
1301,500,A. J. Campbell,Cara Honzak,Yared Tebabu,skipped
1313,500,A. J. Campbell,Cara Honzak,skipped,skipped
1347,500,Cara Honzak,skipped,skipped,skipped
1353,500,Cara Honzak,Yared Tebabu,A. J. Campbell,skipped
1355,500,Cara Honzak,Yared Tebabu,A. J. Campbell,skipped
1356,500,Cara Honzak,Yared Tebabu,A. J. Campbell,skipped
1358,500,Cara Honzak,Yared Tebabu,A. J. Campbell,skipped
1359,500,Cara Honzak,skipped,skipped,skipped
1365,500,Cara Honzak,skipped,skipped,skipped
1379,500,Cara Honzak,Yared Tebabu,A. J. Campbell,skipped
1380,500,A. J. Campbell,Cara Honzak,Yared Tebabu,skipped
1427,500,Yared Tebabu,Yared Tebabu,Cara Honzak,Cara Honzak
1472,500,A. J. Campbell,Cara Honzak,skipped,skipped
1474,500,Cara Honzak,A. J. Campbell,skipped,skipped
1482,500,Cara Honzak,A. J. Campbell,Yared Tebabu,skipped
1540,500,A. J. Campbell,Cara Honzak,skipped,skipped
1557,500,A. J. Campbell,skipped,skipped,skipped
1560,500,A. J. Campbell,Cara Honzak,Yared Tebabu,skipped
1566,500,Cara Honzak,A. J. Campbell,Yared Tebabu,skipped
1568,500,Cara Honzak,Cara Honzak,Cara Honzak,Cara Honzak
1575,500,A. J. Campbell,Yared Tebabu,Cara Honzak,skipped
1580,500,Yared Tebabu,skipped,skipped,skipped
1588,500,Cara Honzak,A. J. Campbell,Yared Tebabu,A. J. Campbell
1599,500,A. J. Campbell,skipped,skipped,skipped
1600,500,Cara Honzak,A. J. Campbell,skipped,skipped
1603,500,A. J. Campbell,Cara Honzak,Yared Tebabu,skipped
1604,500,Cara Honzak,skipped,skipped,skipped
1619,500,Cara Honzak,A. J. Campbell,skipped,skipped
1629,500,A. J. Campbell,Yared Tebabu,skipped,skipped
1643,500,Cara Honzak,skipped,skipped,skipped
1649,500,A. J. Campbell,Cara Honzak,Yared Tebabu,skipped
1656,500,Cara Honzak,A. J. Campbell,Yared Tebabu,A. J. Campbell
1659,500,Cara Honzak,Yared Tebabu,skipped,skipped
1664,500,Cara Honzak,Cara Honzak,Cara Honzak,Cara Honzak
1673,500,Cara Honzak,A. J. Campbell,Yared Tebabu,skipped
1674,500,Cara Honzak,A. J. Campbell,Yared Tebabu,skipped
1677,500,Cara Honzak,A. J. Campbell,skipped,skipped
1680,500,A. J. Campbell,Yared Tebabu,Cara Honzak,skipped
1681,500,Cara Honzak,A. J. Campbell,skipped,skipped
1714,500,Cara Honzak,A. J. Campbell,Yared Tebabu,skipped
1724,500,A. J. Campbell,Cara Honzak,Yared Tebabu,skipped
1738,500,Cara Honzak,skipped,skipped,skipped
1785,500,A. J. Campbell,Cara Honzak,Yared Tebabu,skipped
1810,500,A. J. Campbell,A. J. Campbell,skipped,skipped
1818,500,Yared Tebabu,A. J. Campbell,Cara Honzak,skipped
1829,500,A. J. Campbell,Cara Honzak,skipped,skipped
1852,500,Cara Honzak,skipped,skipped,skipped
1857,500,Cara Honzak,A. J. Campbell,Yared Tebabu,skipped
1862,500,A. J. Campbell,skipped,skipped,skipped
1926,500,Cara Honzak,A. J. Campbell,Yared Tebabu,skipped
1934,500,A. J. Campbell,A. J. Campbell,A. J. Campbell,Cara Honzak
1939,500,A. J. Campbell,Yared Tebabu,Cara Honzak,skipped
1972,500,Cara Honzak,A. J. Campbell,Yared Tebabu,skipped
1973,500,A. J. Campbell,Cara Honzak,Yared Tebabu,skipped
2009,500,Yared Tebabu,skipped,skipped,skipped
2010,500,Yared Tebabu,A. J. Campbell,Cara Honzak,skipped
2011,500,Yared Tebabu,skipped,skipped,skipped
2012,500,A. J. Campbell,A. J. Campbell,A. J. Campbell,A. J. Campbell
2031,500,A. J. Campbell,Yared Tebabu,skipped,skipped
2038,500,Yared Tebabu,skipped,skipped,skipped
2082,500,Cara Honzak,A. J. Campbell,Yared Tebabu,skipped
2106,500,Yared Tebabu,Cara Honzak,A. J. Campbell,skipped
2108,500,Cara Honzak,skipped,skipped,skipped
2109,500,Cara Honzak,Yared Tebabu,A. J. Campbell,skipped
2124,500,Cara Honzak,A. J. Campbell,skipped,skipped
2125,500,Yared Tebabu,skipped,skipped,skipped
2135,500,Cara Honzak,skipped,skipped,skipped
2168,500,Cara Honzak,A. J. Campbell,skipped,skipped
2188,500,Yared Tebabu,Cara Honzak,A. J. Campbell,skipped
2196,500,A. J. Campbell,Cara Honzak,skipped,skipped
2210,500,Cara Honzak,A. J. Campbell,skipped,skipped
2252,500,A. J. Campbell,skipped,skipped,skipped
2269,500,Yared Tebabu,Cara Honzak,A. J. Campbell,skipped
2287,500,Yared Tebabu,Cara Honzak,A. J. Campbell,skipped
2288,500,Yared Tebabu,A. J. Campbell,Cara Honzak,skipped
2297,500,Yared Tebabu,skipped,skipped,skipped
2298,500,Yared Tebabu,skipped,skipped,skipped
2308,500,Cara Honzak,A. J. Campbell,Yared Tebabu,skipped
2320,500,Cara Honzak,skipped,skipped,skipped
2328,500,Cara Honzak,skipped,skipped,skipped
2330,500,Yared Tebabu,A. J. Campbell,Cara Honzak,skipped
2333,500,Cara Honzak,A. J. Campbell,Yared Tebabu,skipped
2338,500,Cara Honzak,skipped,skipped,skipped
2393,500,A. J. Campbell,skipped,skipped,skipped
2403,500,A. J. Campbell,skipped,skipped,skipped
2447,500,Cara Honzak,skipped,skipped,skipped
2461,500,A. J. Campbell,Yared Tebabu,Cara Honzak,skipped
2474,500,A. J. Campbell,Yared Tebabu,skipped,skipped
2540,500,Cara Honzak,A. J. Campbell,skipped,skipped
2548,500,Yared Tebabu,A. J. Campbell,Cara Honzak,skipped
2554,500,Yared Tebabu,A. J. Campbell,Cara Honzak,skipped
2578,500,Yared Tebabu,A. J. Campbell,Cara Honzak,skipped
2602,500,Cara Honzak,Yared Tebabu,A. J. Campbell,skipped
2608,500,A. J. Campbell,Cara Honzak,skipped,skipped
2643,500,Cara Honzak,Yared Tebabu,A. J. Campbell,skipped
2685,500,Cara Honzak,Yared Tebabu,A. J. Campbell,skipped
2687,500,Yared Tebabu,Cara Honzak,A. J. Campbell,skipped
2729,500,A. J. Campbell,skipped,skipped,skipped
2734,500,Yared Tebabu,A. J. Campbell,Cara Honzak,skipped
2762,500,Yared Tebabu,Cara Honzak,skipped,skipped
2768,500,Cara Honzak,A. J. Campbell,skipped,skipped
2775,500,Yared Tebabu,A. J. Campbell,Cara Honzak,skipped
2805,500,Cara Honzak,skipped,skipped,skipped
2831,500,Yared Tebabu,A. J. Campbell,Cara Honzak,skipped
2841,500,Cara Honzak,skipped,skipped,skipped
2892,500,Yared Tebabu,skipped,skipped,skipped
2966,500,Cara Honzak,skipped,skipped,skipped
3005,500,A. J. Campbell,skipped,skipped,skipped
3007,500,A. J. Campbell,skipped,skipped,skipped
3030,500,Cara Honzak,Yared Tebabu,A. J. Campbell,skipped
3047,500,Cara Honzak,skipped,skipped,skipped
3055,500,A. J. Campbell,Cara Honzak,skipped,skipped
3057,500,Cara Honzak,skipped,skipped,skipped
3061,500,Yared Tebabu,skipped,skipped,skipped
3076,500,A. J. Campbell,skipped,skipped,skipped
3082,500,A. J. Campbell,skipped,skipped,skipped
3098,500,Cara Honzak,A. J. Campbell,Yared Tebabu,skipped
3102,500,A. J. Campbell,Cara Honzak,skipped,skipped
3110,500,A. J. Campbell,skipped,skipped,skipped
3140,500,Cara Honzak,A. J. Campbell,Yared Tebabu,skipped
3170,500,A. J. Campbell,Cara Honzak,Yared Tebabu,skipped
3187,500,A. J. Campbell,A. J. Campbell,A. J. Campbell,A. J. Campbell
3228,500,Cara Honzak,skipped,skipped,skipped
3232,500,Yared Tebabu,skipped,skipped,skipped
3241,500,Yared Tebabu,skipped,skipped,skipped
3248,500,Yared Tebabu,Cara Honzak,A. J. Campbell,skipped
3250,500,Cara Honzak,A. J. Campbell,skipped,Yared Tebabu
3254,500,A. J. Campbell,Yared Tebabu,Cara Honzak,skipped
3322,500,Cara Honzak,skipped,skipped,skipped
3341,500,Cara Honzak,Yared Tebabu,A. J. Campbell,skipped
3345,500,Cara Honzak,A. J. Campbell,Yared Tebabu,skipped
3347,500,Cara Honzak,A. J. Campbell,Yared Tebabu,skipped
3361,500,Yared Tebabu,Cara Honzak,A. J. Campbell,skipped
3363,500,Yared Tebabu,skipped,skipped,skipped
3365,500,Yared Tebabu,A. J. Campbell,skipped,skipped
3413,500,Yared Tebabu,skipped,skipped,skipped
3455,500,A. J. Campbell,skipped,skipped,skipped
3473,500,A. J. Campbell,Cara Honzak,Yared Tebabu,skipped
3493,500,Yared Tebabu,Cara Honzak,A. J. Campbell,skipped
3497,500,Yared Tebabu,Cara Honzak,A. J. Campbell,skipped
3528,500,Cara Honzak,skipped,skipped,skipped
3534,500,A. J. Campbell,skipped,skipped,skipped
3574,500,A. J. Campbell,Cara Honzak,Yared Tebabu,skipped
3614,500,Yared Tebabu,Cara Honzak,A. J. Campbell,skipped
3701,500,Yared Tebabu,Cara Honzak,A. J. Campbell,skipped
3733,500,Yared Tebabu,A. J. Campbell,Cara Honzak,skipped
3747,500,A. J. Campbell,Cara Honzak,Yared Tebabu,skipped
3765,500,Cara Honzak,A. J. Campbell,Yared Tebabu,skipped
3766,500,Yared Tebabu,Yared Tebabu,Yared Tebabu,Yared Tebabu
3779,500,Cara Honzak,Yared Tebabu,A. J. Campbell,skipped
3818,500,Cara Honzak,Yared Tebabu,skipped,skipped
3829,500,Cara Honzak,skipped,skipped,skipped
3837,500,A. J. Campbell,Cara Honzak,Yared Tebabu,skipped
3838,500,Cara Honzak,skipped,skipped,skipped
3839,500,Yared Tebabu,A. J. Campbell,Cara Honzak,skipped
3851,500,Cara Honzak,Yared Tebabu,skipped,skipped
3857,500,Yared Tebabu,Cara Honzak,A. J. Campbell,skipped
3861,500,Cara Honzak,skipped,skipped,skipped
3867,500,Cara Honzak,Yared Tebabu,skipped,skipped
3869,500,Cara Honzak,Yared Tebabu,skipped,skipped
3877,500,A. J. Campbell,Cara Honzak,Yared Tebabu,skipped
3886,500,Cara Honzak,A. J. Campbell,Yared Tebabu,skipped
3889,500,A. J. Campbell,Cara Honzak,Yared Tebabu,skipped
3896,500,A. J. Campbell,Yared Tebabu,skipped,skipped
3898,500,Cara Honzak,A. J. Campbell,skipped,skipped
3906,500,A. J. Campbell,Cara Honzak,Yared Tebabu,skipped
3912,500,Yared Tebabu,skipped,skipped,skipped
3914,500,A. J. Campbell,skipped,skipped,skipped
3915,500,A. J. Campbell,skipped,skipped,skipped
3930,500,A. J. Campbell,Cara Honzak,Yared Tebabu,skipped
3933,500,A. J. Campbell,Cara Honzak,skipped,skipped
3935,500,A. J. Campbell,A. J. Campbell,A. J. Campbell,Yared Tebabu
3936,500,Cara Honzak,Yared Tebabu,skipped,skipped
3938,500,A. J. Campbell,Cara Honzak,Yared Tebabu,skipped
3945,500,Cara Honzak,Yared Tebabu,A. J. Campbell,skipped
3958,500,Cara Honzak,skipped,skipped,skipped
4026,500,A. J. Campbell,skipped,skipped,skipped
4039,500,Cara Honzak,A. J. Campbell,skipped,skipped
4057,500,A. J. Campbell,Yared Tebabu,Cara Honzak,skipped
4068,500,A. J. Campbell,Cara Honzak,Yared Tebabu,skipped
4069,500,A. J. Campbell,Yared Tebabu,Cara Honzak,skipped
4071,500,Cara Honzak,Yared Tebabu,A. J. Campbell,skipped
4077,500,Cara Honzak,A. J. Campbell,skipped,skipped
4127,500,Yared Tebabu,Cara Honzak,skipped,skipped
4139,500,Cara Honzak,Yared Tebabu,A. J. Campbell,skipped
4146,500,Cara Honzak,skipped,skipped,skipped
4147,500,A. J. Campbell,Cara Honzak,Yared Tebabu,skipped
4149,500,Cara Honzak,skipped,skipped,skipped
4168,500,Cara Honzak,A. J. Campbell,Yared Tebabu,skipped
4169,500,Cara Honzak,Yared Tebabu,A. J. Campbell,skipped
4180,500,A. J. Campbell,Cara Honzak,Yared Tebabu,skipped
4181,500,Yared Tebabu,Cara Honzak,A. J. Campbell,skipped
4195,500,A. J. Campbell,Yared Tebabu,skipped,skipped
4199,500,A. J. Campbell,Cara Honzak,WRITE-IN244,skipped
4204,500,Yared Tebabu,skipped,skipped,skipped
4207,500,A. J. Campbell,Yared Tebabu,skipped,skipped
4209,500,Cara Honzak,Yared Tebabu,A. J. Campbell,skipped
4217,500,A. J. Campbell,Cara Honzak,Yared Tebabu,skipped
4219,500,Cara Honzak,skipped,skipped,skipped
4221,500,A. J. Campbell,Cara Honzak,skipped,Yared Tebabu
4232,500,A. J. Campbell,skipped,skipped,skipped
4239,500,Cara Honzak,A. J. Campbell,Yared Tebabu,skipped
4240,500,Cara Honzak,A. J. Campbell,Yared Tebabu,skipped
4244,500,Yared Tebabu,Cara Honzak,A. J. Campbell,skipped
4276,500,A. J. Campbell,Cara Honzak,Yared Tebabu,skipped
4282,500,Cara Honzak,skipped,skipped,skipped
4290,500,A. J. Campbell,Cara Honzak,Yared Tebabu,skipped
4291,500,Cara Honzak,A. J. Campbell,skipped,skipped
4332,500,A. J. Campbell,Cara Honzak,Yared Tebabu,skipped
4363,500,A. J. Campbell,skipped,skipped,skipped
4364,500,A. J. Campbell,skipped,skipped,skipped
4371,500,A. J. Campbell,Cara Honzak,Yared Tebabu,skipped
4372,500,Cara Honzak,Yared Tebabu,A. J. Campbell,skipped
4389,500,Cara Honzak,Yared Tebabu,A. J. Campbell,skipped
4467,500,A. J. Campbell,Cara Honzak,Yared Tebabu,skipped
4513,500,Yared Tebabu,skipped,skipped,skipped
4517,500,Yared Tebabu,skipped,skipped,skipped
4519,500,Yared Tebabu,skipped,skipped,skipped
4522,500,Yared Tebabu,Cara Honzak,skipped,skipped
4530,500,Yared Tebabu,Cara Honzak,skipped,skipped
4531,500,Yared Tebabu,Cara Honzak,skipped,skipped
4532,500,Yared Tebabu,Cara Honzak,skipped,skipped
4565,500,A. J. Campbell,Yared Tebabu,skipped,skipped
4569,500,Cara Honzak,Yared Tebabu,A. J. Campbell,skipped
4590,500,Cara Honzak,skipped,skipped,skipped
4594,500,Cara Honzak,A. J. Campbell,Yared Tebabu,skipped
4653,500,Cara Honzak,Yared Tebabu,skipped,skipped
4691,500,A. J. Campbell,skipped,skipped,skipped
4700,500,A. J. Campbell,Yared Tebabu,Cara Honzak,skipped
4833,500,A. J. Campbell,Cara Honzak,Yared Tebabu,skipped
4834,500,A. J. Campbell,Cara Honzak,skipped,Yared Tebabu
4843,500,Cara Honzak,Yared Tebabu,A. J. Campbell,skipped
4854,500,A. J. Campbell,Cara Honzak,Yared Tebabu,skipped
4855,500,Cara Honzak,Yared Tebabu,A. J. Campbell,skipped
4856,500,Cara Honzak,Yared Tebabu,A. J. Campbell,skipped
4861,500,Cara Honzak,skipped,skipped,skipped
4879,500,A. J. Campbell,skipped,skipped,skipped
4881,500,Cara Honzak,skipped,skipped,skipped
4882,500,Cara Honzak,A. J. Campbell,Yared Tebabu,skipped
4883,500,A. J. Campbell,Cara Honzak,Yared Tebabu,skipped
4918,500,Cara Honzak,A. J. Campbell,Yared Tebabu,skipped
4925,500,Cara Honzak,Yared Tebabu,skipped,skipped
4926,500,Cara Honzak,A. J. Campbell,Yared Tebabu,skipped
4930,500,Cara Honzak,skipped,skipped,skipped
4938,500,Cara Honzak,skipped,skipped,skipped
4950,500,A. J. Campbell,Yared Tebabu,skipped,skipped
4965,500,Yared Tebabu,A. J. Campbell,Cara Honzak,skipped
4966,500,A. J. Campbell,Cara Honzak,Yared Tebabu,skipped
4971,500,A. J. Campbell,Cara Honzak,Yared Tebabu,skipped
4980,500,Cara Honzak,A. J. Campbell,Yared Tebabu,skipped
4982,500,Cara Honzak,skipped,skipped,skipped
4990,500,Cara Honzak,Yared Tebabu,A. J. Campbell,skipped
5006,500,Cara Honzak,Yared Tebabu,A. J. Campbell,skipped
5018,500,Yared Tebabu,Yared Tebabu,Yared Tebabu,Yared Tebabu
5089,500,Cara Honzak,skipped,skipped,skipped
5092,500,Cara Honzak,Yared Tebabu,A. J. Campbell,skipped
5118,500,Cara Honzak,Yared Tebabu,skipped,skipped
5143,500,Cara Honzak,Yared Tebabu,A. J. Campbell,skipped
5152,500,A. J. Campbell,Cara Honzak,Yared Tebabu,skipped
5175,500,A. J. Campbell,Cara Honzak,Yared Tebabu,skipped
5197,500,Cara Honzak,A. J. Campbell,skipped,Yared Tebabu
5206,500,Cara Honzak,A. J. Campbell,Yared Tebabu,skipped
5207,500,Cara Honzak,A. J. Campbell,Yared Tebabu,skipped
5211,500,A. J. Campbell,Cara Honzak,Yared Tebabu,skipped
5219,500,Yared Tebabu,Cara Honzak,A. J. Campbell,skipped
5230,500,Cara Honzak,A. J. Campbell,Yared Tebabu,skipped
5231,500,Cara Honzak,skipped,skipped,skipped
5236,500,Cara Honzak,WRITE-IN332,skipped,skipped
5238,500,A. J. Campbell,Yared Tebabu,Cara Honzak,skipped
5251,500,Cara Honzak,Yared Tebabu,A. J. Campbell,skipped
5256,500,Cara Honzak,skipped,skipped,skipped
5267,500,Cara Honzak,skipped,skipped,skipped
5289,500,Yared Tebabu,Cara Honzak,WRITE-IN336,skipped
5293,500,Cara Honzak,Yared Tebabu,A. J. Campbell,skipped
5295,500,A. J. Campbell,Yared Tebabu,Cara Honzak,skipped
5299,500,Cara Honzak,A. J. Campbell,Yared Tebabu,skipped
5301,500,A. J. Campbell,Yared Tebabu,skipped,skipped
5309,500,Cara Honzak,A. J. Campbell,Yared Tebabu,skipped
5311,500,Yared Tebabu,skipped,skipped,skipped
5312,500,Cara Honzak,skipped,skipped,skipped
5335,500,Yared Tebabu,A. J. Campbell,Cara Honzak,skipped
5343,500,Cara Honzak,Yared Tebabu,A. J. Campbell,skipped
5359,500,A. J. Campbell,Cara Honzak,Yared Tebabu,skipped
5363,500,Cara Honzak,Yared Tebabu,skipped,skipped
5373,500,Cara Honzak,A. J. Campbell,Yared Tebabu,skipped
5386,500,Cara Honzak,A. J. Campbell,Yared Tebabu,skipped
5392,500,Cara Honzak,A. J. Campbell,Yared Tebabu,skipped
5401,500,Cara Honzak,skipped,skipped,skipped
5402,500,Cara Honzak,A. J. Campbell,skipped,skipped
5404,500,Yared Tebabu,Cara Honzak,A. J. Campbell,skipped
5418,500,Cara Honzak,Yared Tebabu,skipped,skipped
5422,500,A. J. Campbell,Yared Tebabu,Cara Honzak,skipped
5430,500,Cara Honzak,A. J. Campbell,Yared Tebabu,skipped
5431,500,A. J. Campbell,Cara Honzak,Yared Tebabu,skipped
5437,500,Cara Honzak,Yared Tebabu,A. J. Campbell,skipped
5467,500,Cara Honzak,Yared Tebabu,A. J. Campbell,skipped
5511,500,Cara Honzak,skipped,skipped,skipped
5521,500,Cara Honzak,A. J. Campbell,Yared Tebabu,skipped
5527,500,Cara Honzak,Yared Tebabu,skipped,skipped
5528,500,A. J. Campbell,skipped,skipped,skipped
5547,500,Cara Honzak,Yared Tebabu,A. J. Campbell,skipped
5553,500,Cara Honzak,A. J. Campbell,Yared Tebabu,skipped
5554,500,Cara Honzak,A. J. Campbell,Yared Tebabu,skipped
5557,500,Cara Honzak,Yared Tebabu,A. J. Campbell,skipped
5578,500,Cara Honzak,A. J. Campbell,skipped,skipped
5579,500,Cara Honzak,A. J. Campbell,Yared Tebabu,skipped
5609,500,Cara Honzak,A. J. Campbell,Yared Tebabu,skipped
5610,500,Cara Honzak,A. J. Campbell,Yared Tebabu,skipped
5627,500,Cara Honzak,skipped,skipped,skipped
5633,500,Cara Honzak,skipped,skipped,skipped
5661,500,Cara Honzak,A. J. Campbell,Yared Tebabu,skipped
5665,500,Cara Honzak,A. J. Campbell,Yared Tebabu,skipped
5667,500,A. J. Campbell,Cara Honzak,Yared Tebabu,skipped
5680,500,Yared Tebabu,A. J. Campbell,Cara Honzak,skipped
5692,500,A. J. Campbell,Yared Tebabu,Cara Honzak,skipped
5699,500,Yared Tebabu,A. J. Campbell,Cara Honzak,skipped
5713,500,Yared Tebabu,skipped,skipped,skipped
5738,500,Cara Honzak,Yared Tebabu,skipped,skipped
5745,500,Cara Honzak,A. J. Campbell,Yared Tebabu,skipped
5777,500,Cara Honzak,Yared Tebabu,A. J. Campbell,skipped
5815,500,Yared Tebabu,skipped,skipped,skipped
5825,500,Cara Honzak,A. J. Campbell,Yared Tebabu,skipped
5854,500,Yared Tebabu,skipped,skipped,skipped
5855,500,Cara Honzak,skipped,skipped,skipped
5856,500,A. J. Campbell,skipped,skipped,skipped
5861,500,Cara Honzak,skipped,skipped,skipped
5873,500,Cara Honzak,A. J. Campbell,skipped,skipped
5874,500,Cara Honzak,skipped,skipped,skipped
5886,500,A. J. Campbell,Cara Honzak,Yared Tebabu,skipped
5888,500,A. J. Campbell,Cara Honzak,Yared Tebabu,skipped
5896,500,Yared Tebabu,A. J. Campbell,skipped,skipped
5910,500,Cara Honzak,A. J. Campbell,Yared Tebabu,skipped
5941,500,Cara Honzak,A. J. Campbell,Yared Tebabu,skipped
5942,500,Cara Honzak,A. J. Campbell,Yared Tebabu,skipped
5962,500,Cara Honzak,Yared Tebabu,A. J. Campbell,skipped
5989,500,Cara Honzak,A. J. Campbell,Yared Tebabu,skipped
5999,500,Yared Tebabu,skipped,skipped,skipped
6003,500,Cara Honzak,A. J. Campbell,Yared Tebabu,skipped
6021,500,Yared Tebabu,A. J. Campbell,Cara Honzak,skipped
6022,500,Cara Honzak,skipped,skipped,skipped
6029,500,Yared Tebabu,Cara Honzak,A. J. Campbell,skipped
6035,500,Cara Honzak,skipped,skipped,skipped
6045,500,Cara Honzak,A. J. Campbell,skipped,skipped
6047,500,A. J. Campbell,skipped,skipped,skipped
6061,500,Cara Honzak,A. J. Campbell,Yared Tebabu,skipped
6078,500,A. J. Campbell,skipped,skipped,skipped
6089,500,Cara Honzak,skipped,skipped,skipped
6095,500,A. J. Campbell,Yared Tebabu,Cara Honzak,skipped
6106,500,Cara Honzak,A. J. Campbell,Yared Tebabu,skipped
6129,500,Cara Honzak,Yared Tebabu,A. J. Campbell,skipped
6130,500,Cara Honzak,Yared Tebabu,A. J. Campbell,skipped
6135,500,Yared Tebabu,A. J. Campbell,Cara Honzak,skipped
6149,500,Cara Honzak,Yared Tebabu,A. J. Campbell,skipped
6162,500,Cara Honzak,skipped,skipped,skipped
6164,500,A. J. Campbell,Yared Tebabu,Cara Honzak,skipped
6165,500,A. J. Campbell,Yared Tebabu,Cara Honzak,skipped
6166,500,A. J. Campbell,skipped,skipped,skipped
6187,500,A. J. Campbell,skipped,skipped,skipped
6189,500,Cara Honzak,A. J. Campbell,Yared Tebabu,skipped
6190,500,Cara Honzak,Yared Tebabu,A. J. Campbell,skipped
6193,500,Cara Honzak,A. J. Campbell,Yared Tebabu,skipped
6194,500,Cara Honzak,A. J. Campbell,Yared Tebabu,skipped
6196,500,A. J. Campbell,Yared Tebabu,Cara Honzak,skipped
6198,500,A. J. Campbell,skipped,skipped,skipped
6201,500,Cara Honzak,Yared Tebabu,A. J. Campbell,skipped
6203,500,A. J. Campbell,Yared Tebabu,Cara Honzak,skipped
6227,500,Cara Honzak,A. J. Campbell,skipped,skipped
6233,500,Cara Honzak,Yared Tebabu,A. J. Campbell,skipped
6236,500,Yared Tebabu,Yared Tebabu,Yared Tebabu,Yared Tebabu
6237,500,Yared Tebabu,Yared Tebabu,Yared Tebabu,Yared Tebabu
6277,500,Cara Honzak,Yared Tebabu,A. J. Campbell,skipped
6285,500,A. J. Campbell,Cara Honzak,Yared Tebabu,skipped
6288,500,A. J. Campbell,Yared Tebabu,Cara Honzak,skipped
6302,500,Yared Tebabu,Cara Honzak,A. J. Campbell,skipped
6303,500,Yared Tebabu,A. J. Campbell,Cara Honzak,skipped
6317,500,Cara Honzak,A. J. Campbell,Yared Tebabu,skipped
6343,500,Yared Tebabu,skipped,skipped,skipped
6344,500,Yared Tebabu,skipped,skipped,skipped
6367,500,Cara Honzak,skipped,skipped,skipped
6368,500,A. J. Campbell,skipped,skipped,skipped
6375,500,Yared Tebabu,skipped,skipped,skipped
6388,500,Yared Tebabu,A. J. Campbell,Cara Honzak,skipped
6399,500,A. J. Campbell,skipped,skipped,skipped
6409,500,Cara Honzak,A. J. Campbell,Yared Tebabu,skipped
6416,500,Cara Honzak,skipped,skipped,skipped
6426,500,Yared Tebabu,skipped,skipped,skipped
6441,500,A. J. Campbell,Cara Honzak,skipped,skipped
6443,500,A. J. Campbell,Cara Honzak,skipped,skipped
6444,500,A. J. Campbell,Cara Honzak,skipped,skipped
